,LotShape,Neighborhood,OverallQual,Exterior2nd,MasVnrType,ExterQual,BsmtExposure,BsmtFinSF1,BsmtUnfSF,1stFlrSF,FullBath,HalfBath,BedroomAbvGr,KitchenQual,Fireplaces,GarageArea,WoodDeckSF,MoSold,YrSold,SalePrice
0,0,0,7,0,4,0,4,8,150,856,2,1,3,0,0,548,0,2,2008,208500
1,0,1,6,1,1,1,1,1,284,1262,2,0,3,1,1,460,298,5,2007,181500
2,1,0,7,0,4,0,2,329,434,920,2,1,3,0,1,608,0,9,2008,223500
3,1,2,7,2,1,1,4,3,540,961,1,0,3,0,1,642,0,2,2006,140000
4,1,3,8,0,4,0,3,4,490,1145,2,1,4,0,1,836,192,12,2008,250000
5,1,4,5,0,1,1,4,5,64,796,1,1,1,1,0,480,40,10,2009,143000
6,0,5,8,0,2,0,3,6,317,1694,2,0,3,0,1,636,255,8,2007,307000
7,1,6,7,3,2,1,2,7,216,1107,2,1,3,1,2,484,235,11,2009,200000
8,0,7,7,2,1,1,4,8,952,1022,2,0,2,1,2,468,90,4,2008,129900
9,0,8,5,1,1,1,4,9,140,1077,1,0,2,1,2,205,0,1,2008,118000
10,0,9,5,3,1,1,4,10,134,1040,1,0,3,1,0,384,0,2,2008,129500
11,1,10,9,2,2,2,4,11,177,1182,3,0,4,2,2,736,147,7,2006,345000
12,2,9,5,4,1,1,4,12,175,912,1,0,2,1,0,352,140,9,2008,144000
13,1,0,7,0,2,0,3,8,1494,1494,2,0,3,0,1,840,160,8,2007,279500
14,1,11,6,1,4,1,4,13,520,1253,1,1,2,1,1,352,0,5,2008,157000
15,0,8,7,5,1,1,4,8,832,854,1,0,2,1,0,576,48,7,2007,132000
16,1,11,6,5,4,1,4,14,426,1004,1,0,2,1,1,480,0,3,2010,149000
17,0,9,4,1,1,1,4,8,0,1296,2,0,2,1,0,516,0,10,2006,90000
18,0,12,5,0,1,1,4,15,468,1114,1,1,3,0,0,576,0,6,2008,159000
19,0,11,5,4,1,1,4,297,525,1339,1,0,3,1,0,294,0,5,2009,139000
20,1,10,8,0,4,0,3,8,1158,1158,3,1,4,0,1,853,240,11,2006,325300
21,0,13,7,5,1,1,4,8,637,1108,1,0,3,0,1,280,0,6,2007,139400
22,0,0,8,0,4,0,4,8,1777,1795,2,0,3,0,1,534,171,9,2008,230000
23,0,14,5,6,1,1,4,17,200,1060,1,0,3,1,1,572,100,6,2007,129900
24,1,9,5,4,1,1,2,18,204,1060,1,0,3,0,1,270,406,5,2010,154000
25,0,10,8,0,2,0,4,8,1566,1600,2,0,3,0,1,890,0,7,2009,256300
26,0,11,5,5,1,1,2,19,180,900,1,0,3,0,0,576,222,5,2010,134800
27,0,10,8,0,2,0,4,386,486,1704,2,0,3,0,1,772,0,5,2010,306000
28,1,11,5,1,1,1,1,21,207,1600,1,0,2,1,2,319,288,12,2006,207500
29,1,8,4,1,1,1,4,8,520,520,1,0,1,3,0,240,49,5,2008,68500
30,0,13,4,7,1,1,4,8,649,649,1,0,3,1,0,250,0,7,2008,40000
31,1,9,5,3,1,1,4,8,1228,1228,1,1,3,0,0,271,0,6,2008,149350
32,0,0,8,0,1,0,3,8,1234,1234,2,0,3,0,0,484,0,1,2008,179900
33,1,11,5,7,1,1,4,22,380,1700,1,1,4,0,1,447,0,4,2010,165500
34,0,10,9,1,4,2,4,23,408,1561,2,0,2,2,1,556,203,8,2007,277500
35,0,10,8,0,2,0,3,8,1117,1132,3,1,4,0,1,691,113,9,2006,309000
36,0,0,5,0,1,1,4,8,1097,1097,1,1,3,1,0,672,392,6,2009,145000
37,0,11,5,5,4,1,4,55,84,1297,1,0,3,1,1,498,0,10,2009,153000
38,0,11,5,0,1,1,4,627,326,1057,1,0,3,0,0,246,0,1,2010,109000
39,0,15,4,4,1,1,4,8,0,1152,2,0,2,3,0,0,0,6,2008,82000
40,0,11,6,5,4,1,4,26,445,1324,2,0,3,1,1,440,0,12,2006,160000
41,0,16,5,0,1,1,1,551,383,1328,1,1,2,1,2,308,0,7,2007,170000
42,1,12,5,3,1,1,3,435,0,884,1,0,2,0,0,504,240,12,2007,144000
43,1,0,5,0,1,1,3,29,167,938,1,0,3,1,0,308,145,7,2008,130250
44,0,11,5,5,1,1,4,30,465,1150,1,0,3,1,0,300,0,5,2006,141000
45,0,10,9,1,4,2,4,31,1296,1752,2,0,2,2,1,576,196,2,2010,319900
46,1,4,7,0,1,0,4,32,83,1518,1,1,1,0,1,670,168,8,2009,239686
47,0,5,8,0,1,0,3,55,1632,1656,2,0,3,0,0,826,0,7,2007,249700
48,0,7,4,1,1,1,4,8,736,736,2,0,2,1,0,0,0,6,2009,113000
49,0,9,5,3,1,1,4,34,192,955,1,0,3,1,0,386,0,1,2007,127000
50,2,17,6,0,1,1,3,226,612,794,2,0,3,1,0,388,0,7,2007,177000
51,0,8,6,5,1,1,4,8,816,816,1,0,3,1,1,528,112,9,2006,114500
52,2,13,5,5,1,3,1,136,0,816,1,0,2,1,0,516,106,5,2010,110000
53,1,1,9,2,1,0,1,37,32,1842,0,1,0,0,1,894,857,11,2006,385000
54,0,11,5,1,1,1,4,38,0,1360,1,0,3,1,1,572,0,2,2007,130000
55,1,11,6,4,4,1,4,39,935,1425,2,0,3,1,1,576,0,7,2008,180500
56,0,5,8,1,4,0,4,199,321,983,2,1,3,0,0,480,115,8,2009,172500
57,1,0,7,0,1,0,4,8,860,860,2,1,3,0,0,565,0,8,2006,196500
58,2,18,10,0,4,2,1,8,1410,1426,3,1,3,0,1,641,192,10,2006,438780
59,0,0,5,3,1,1,3,355,148,780,1,0,2,1,0,352,196,1,2008,124900
60,0,12,6,0,1,1,4,42,217,1158,1,1,3,0,0,576,0,5,2006,158000
61,0,13,5,1,1,1,4,8,530,581,1,0,3,3,0,288,0,3,2007,101000
62,1,10,8,0,2,0,2,55,1346,1370,2,0,2,0,1,484,120,10,2007,202500
63,1,7,7,8,1,1,4,8,576,902,2,0,3,1,0,480,12,4,2010,140000
64,0,0,7,0,4,1,4,43,318,1057,2,1,3,0,0,645,576,2,2009,219500
65,0,10,8,0,4,0,3,8,1143,1143,2,1,4,0,1,852,192,10,2007,317000
66,0,11,7,4,4,1,1,44,1035,2207,2,0,3,1,1,576,301,7,2010,180000
67,1,0,7,0,4,0,3,45,440,1479,2,0,3,0,0,558,144,6,2007,226000
68,0,7,4,1,1,1,4,8,747,747,1,0,2,1,0,220,0,6,2010,80000
69,0,19,7,9,1,0,4,46,701,1304,2,0,3,1,1,667,0,7,2006,225000
70,1,11,7,4,4,1,1,47,343,2223,2,0,3,1,2,516,300,2,2007,244000
71,0,4,4,4,1,1,4,540,280,845,1,0,2,1,0,360,0,6,2007,129500
72,1,17,7,0,4,1,4,8,832,885,2,1,3,1,1,427,0,12,2009,185000
73,0,11,5,5,4,1,4,635,404,1086,1,0,3,1,0,490,0,5,2010,144900
74,0,7,3,0,1,0,4,8,840,840,2,0,3,1,0,379,0,5,2010,107400
75,0,14,4,6,1,1,1,245,0,526,1,0,2,1,0,297,120,11,2009,91000
76,1,11,4,0,1,1,4,51,724,952,1,0,2,1,0,283,0,4,2008,135750
77,0,8,5,5,1,1,4,52,295,1072,1,0,2,1,0,240,0,1,2008,127000
78,0,9,4,3,1,1,4,8,1768,1768,2,0,4,1,0,0,0,4,2010,136500
79,0,7,5,5,1,1,4,8,440,682,1,1,2,1,0,440,74,5,2009,110000
80,0,11,6,0,4,1,4,53,448,1182,2,1,4,0,1,509,0,6,2009,193500
81,0,4,6,0,4,1,4,54,36,1337,2,0,2,1,0,405,0,3,2006,153500
82,0,5,8,0,2,1,4,55,1530,1563,2,0,3,0,1,758,144,10,2008,245000
83,1,11,5,1,3,1,4,8,1065,1065,1,1,3,1,0,461,74,7,2007,126500
84,1,17,7,3,4,1,4,8,384,804,2,1,3,1,1,400,120,5,2009,168500
85,0,3,8,3,4,0,4,8,1288,1301,2,1,4,0,1,462,127,4,2006,260000
86,2,17,6,0,1,0,3,8,684,684,2,1,3,0,1,400,100,3,2009,174000
87,0,5,6,0,2,0,3,8,612,612,2,1,2,0,0,528,0,6,2009,164500
88,1,13,3,4,1,3,4,8,1013,1013,1,0,2,3,0,0,0,10,2009,85000
89,0,0,4,0,1,1,4,313,402,990,1,0,3,1,0,0,0,8,2007,123600
90,0,11,4,5,1,1,4,8,0,1040,1,0,2,1,0,420,0,7,2006,109900
91,0,11,5,3,3,1,4,102,635,1235,1,0,2,1,0,480,0,12,2006,98600
92,1,2,5,5,1,1,4,58,163,964,1,0,2,1,0,432,0,8,2009,163500
93,0,7,6,1,1,1,2,59,168,1260,2,0,4,1,1,506,0,11,2007,133900
94,1,0,6,0,1,1,4,60,176,905,2,1,3,0,0,684,0,5,2007,204750
95,2,17,6,0,4,2,4,61,370,680,2,1,3,1,1,420,232,4,2009,185000
96,1,0,7,0,4,0,3,62,426,1588,2,0,3,0,0,472,158,8,2006,214000
97,0,15,4,3,4,1,4,466,440,960,1,0,3,1,0,432,120,5,2007,94750
98,0,15,5,5,1,1,4,450,350,835,1,0,2,1,0,366,0,5,2010,83000
99,1,11,4,4,1,1,4,65,381,1225,1,1,3,1,0,0,352,1,2010,128950
100,1,6,6,4,4,1,2,66,410,1610,2,0,3,0,2,480,168,2,2010,205000
101,0,12,6,3,4,0,4,8,741,977,2,1,3,0,1,476,192,6,2010,178000
102,0,12,5,3,1,1,4,8,0,1535,2,0,4,1,0,410,0,6,2009,118964
103,1,0,7,0,1,1,4,8,1226,1226,2,0,3,0,0,740,0,5,2010,198900
104,0,13,7,8,4,1,4,67,816,1226,1,1,4,1,2,240,0,6,2007,169500
105,0,5,8,0,4,0,4,8,1053,1053,2,1,3,0,1,648,140,8,2008,250000
106,0,7,4,0,1,1,4,8,641,1047,1,0,2,1,0,273,0,8,2007,100000
107,0,7,5,0,1,1,4,136,516,789,1,0,2,1,0,250,0,4,2008,115000
108,0,13,5,6,1,1,4,8,793,997,2,0,3,3,0,0,0,8,2007,115000
109,1,6,6,4,4,1,4,68,1139,1844,2,0,3,1,1,546,0,1,2010,190000
110,0,15,6,5,1,1,4,69,550,1216,2,0,4,1,0,325,182,10,2006,136900
111,1,17,7,0,1,1,4,70,134,774,2,1,3,1,1,400,180,4,2010,180000
112,0,0,7,0,2,0,3,71,280,1282,2,1,4,2,1,792,120,10,2007,383970
113,0,2,6,5,4,1,2,226,905,2259,2,0,3,0,2,450,166,10,2007,217000
114,1,2,6,5,1,1,4,73,104,1436,2,1,3,0,1,180,224,7,2007,259500
115,0,5,6,1,4,1,4,74,310,729,2,1,2,1,1,440,0,6,2007,176000
116,0,9,5,5,4,1,4,525,252,1092,1,0,3,1,1,288,0,9,2009,139000
117,0,15,5,0,1,1,4,8,1125,1125,1,1,2,1,0,430,80,4,2007,155000
118,0,12,7,4,1,1,2,76,203,1699,3,0,5,0,2,594,367,5,2010,320000
119,0,0,6,0,1,0,4,8,728,728,2,1,3,0,1,390,0,7,2006,163990
120,1,19,6,4,1,1,1,77,0,988,1,0,1,1,2,540,0,10,2006,180000
121,0,13,4,9,1,1,4,8,732,772,1,0,3,1,0,264,0,6,2007,100000
122,0,11,6,1,4,1,4,78,510,1080,1,0,3,1,0,288,0,6,2008,136000
123,0,12,6,4,1,0,4,79,899,1199,2,0,2,0,0,530,0,3,2008,153900
124,1,6,6,3,1,1,4,8,1362,1586,2,0,3,1,1,435,192,1,2009,181000
125,0,13,6,5,1,1,3,39,30,520,1,0,2,1,0,0,53,6,2006,84500
126,1,20,6,4,1,1,4,604,958,958,2,0,2,1,1,440,0,2,2007,128000
127,1,7,5,5,1,1,4,345,556,840,1,0,3,1,1,0,0,6,2007,87000
128,0,11,6,0,4,1,4,82,148,660,1,1,3,1,1,453,188,7,2006,155000
129,0,11,5,4,4,1,4,83,413,1053,1,1,3,2,0,750,0,7,2006,150000
130,0,11,7,1,4,1,4,84,479,1216,2,1,4,0,2,487,105,5,2006,226000
131,1,17,6,0,4,0,4,85,297,1022,2,1,3,0,1,390,24,7,2009,244000
132,0,11,5,1,1,1,4,86,658,1327,1,0,3,0,0,624,0,7,2007,150750
133,1,16,8,0,4,0,4,87,262,1296,2,0,2,0,0,471,192,6,2009,220000
134,1,9,5,4,1,1,4,78,891,1721,2,1,3,1,1,440,0,7,2006,180000
135,0,6,7,4,4,1,4,8,1304,1682,2,0,3,1,1,530,98,5,2008,174000
136,1,11,5,1,4,1,4,85,519,1214,2,0,3,1,1,318,0,7,2007,143000
137,0,4,7,0,4,1,4,8,1907,1959,3,0,5,1,0,766,0,7,2006,171000
138,1,0,8,0,4,0,2,88,336,1004,2,1,3,0,2,660,224,12,2008,230000
139,1,0,6,0,1,1,4,89,107,928,2,1,3,0,0,470,276,8,2009,231500
140,0,11,4,3,1,1,4,90,432,864,1,0,3,1,1,0,0,4,2010,115000
141,0,0,7,0,1,0,3,91,434,1734,2,0,3,0,0,660,160,1,2006,260000
142,0,11,5,5,1,1,4,92,403,910,2,0,4,1,0,720,0,6,2010,166000
143,1,0,7,0,4,0,1,93,811,1501,2,0,3,0,0,577,144,6,2009,204000
144,0,9,5,3,4,1,4,151,396,1728,2,0,6,1,0,504,0,11,2006,125000
145,0,15,6,0,2,0,4,8,970,970,2,0,3,0,0,380,0,4,2006,130000
146,0,8,5,5,1,1,4,95,506,875,1,0,2,1,0,180,48,11,2009,105000
147,1,17,7,0,4,0,4,8,884,884,2,1,3,0,1,434,144,5,2010,222500
148,0,12,7,0,4,1,4,96,400,1080,1,0,3,0,0,0,0,4,2008,141000
149,0,8,5,1,1,1,4,8,896,896,1,0,3,1,0,240,200,4,2006,115000
150,0,0,5,3,1,1,3,97,253,969,1,1,3,1,0,440,0,1,2007,122000
151,0,10,8,0,2,0,1,98,310,1710,2,0,2,0,1,866,0,1,2008,372402
152,1,6,6,3,4,1,4,99,409,1097,2,1,4,1,1,495,0,6,2006,190000
153,0,19,6,4,1,1,1,100,93,1252,1,0,1,1,1,564,409,3,2008,235000
154,0,7,6,5,1,1,4,8,1200,1200,1,0,4,1,0,312,0,3,2006,125000
155,0,15,6,5,1,1,4,8,572,572,1,0,2,1,0,0,0,4,2008,79000
156,0,11,5,5,1,1,4,8,0,1040,1,0,2,1,0,625,0,6,2006,109500
157,0,16,8,0,4,0,4,8,774,774,2,1,4,2,1,680,0,5,2010,269500
158,0,5,7,0,1,0,4,101,769,991,2,1,3,0,1,678,0,5,2010,254900
159,1,17,7,0,4,0,2,102,1335,1392,2,1,4,0,1,576,239,3,2006,320000
160,1,1,6,4,1,1,4,103,572,1232,2,0,3,1,0,516,0,6,2008,162500
161,1,10,9,0,4,0,3,104,556,1572,2,1,3,2,2,726,400,3,2008,412500
162,0,10,7,0,4,0,2,54,340,1541,2,0,3,0,1,532,0,5,2010,220000
163,0,7,4,1,1,1,4,8,882,882,1,0,1,1,0,0,0,4,2007,103200
164,0,7,6,1,1,1,2,105,779,1149,2,0,3,0,0,216,0,10,2007,152000
165,0,15,5,5,1,1,4,106,112,808,2,0,4,1,0,0,140,9,2008,127500
166,1,19,5,5,1,0,4,107,470,1867,1,0,2,1,3,303,476,11,2009,190000
167,0,10,8,0,2,0,4,108,294,1610,1,1,3,2,1,789,178,11,2007,325624
168,1,17,7,0,1,0,4,8,840,840,2,1,3,0,1,440,100,5,2007,183500
169,1,16,8,4,4,0,4,8,1686,1707,2,1,2,1,1,511,574,1,2006,228000
170,1,7,5,1,1,1,4,109,360,854,1,1,2,1,0,660,237,5,2007,128500
171,1,11,6,4,2,1,1,110,441,1656,1,0,3,1,2,528,210,5,2010,215000
172,1,18,7,3,1,0,4,289,354,1064,2,0,2,0,1,504,441,6,2006,239000
173,1,11,6,2,3,1,4,112,700,1362,1,1,3,1,1,504,0,6,2008,163000
174,1,16,6,4,2,1,4,113,0,1651,2,0,3,1,1,616,192,11,2008,184000
175,0,15,6,2,1,1,3,114,725,2158,2,0,4,0,1,576,0,6,2007,243000
176,1,19,6,4,4,0,4,115,320,1164,2,1,4,1,1,521,0,9,2007,211000
177,0,9,5,1,1,0,4,102,554,1252,2,0,4,0,1,451,0,7,2006,172500
178,1,18,9,0,2,2,4,116,312,2234,2,0,1,2,1,1166,0,7,2009,501837
179,0,7,5,5,1,0,4,8,968,968,1,0,2,1,0,480,0,7,2007,100000
180,0,5,6,1,4,0,4,117,320,769,2,1,3,0,1,440,0,6,2007,177000
181,0,2,7,8,1,1,4,118,441,901,1,1,4,1,1,216,0,7,2006,200100
182,0,15,5,5,4,1,4,8,0,1340,1,0,3,1,1,252,116,6,2007,120000
183,0,7,7,0,1,1,4,8,1362,1362,2,1,3,0,0,484,280,6,2008,200000
184,1,8,5,4,1,1,4,8,504,936,1,0,3,1,0,576,104,6,2006,127000
185,2,7,10,5,1,0,2,8,1107,1518,2,1,4,2,2,840,0,6,2006,475000
186,1,4,7,3,1,1,3,119,577,1217,2,0,3,0,0,497,168,6,2009,173000
187,0,7,5,3,1,1,4,8,660,808,2,1,3,1,0,180,0,8,2009,135000
188,0,12,5,4,2,1,3,120,0,1224,0,2,2,1,2,528,120,6,2009,153337
189,0,18,8,6,1,0,3,23,440,1593,1,1,0,2,1,682,0,8,2008,286000
190,0,2,8,7,1,0,4,121,556,1549,2,1,3,0,2,440,0,12,2007,315000
191,1,11,7,3,4,1,4,122,99,725,1,1,4,0,0,484,0,6,2007,184000
192,1,0,7,0,1,0,3,123,871,1431,2,0,3,0,0,666,0,9,2009,192000
193,0,15,7,0,2,0,4,8,970,970,2,0,3,0,0,380,0,5,2006,130000
194,1,0,5,3,1,1,3,124,474,864,1,0,3,1,0,352,0,5,2008,127000
195,0,20,6,10,1,1,4,582,289,855,2,1,3,1,1,440,87,7,2009,148500
196,0,5,7,6,2,2,4,126,600,1726,2,0,3,2,1,786,171,9,2007,311872
197,0,11,8,8,1,0,4,127,140,1360,2,0,4,0,1,795,0,3,2006,235000
198,0,7,6,5,1,1,4,8,755,929,1,0,5,1,0,0,0,7,2009,104000
199,0,10,8,0,4,0,3,128,625,1713,2,0,3,2,1,856,0,1,2009,274900
200,0,15,4,0,1,1,4,8,1121,1121,2,0,2,1,0,440,132,3,2010,140000
201,0,4,6,4,1,1,4,208,276,1279,2,0,3,1,2,473,238,2,2008,171500
202,0,7,6,1,1,1,4,130,0,865,2,0,2,1,0,398,0,5,2006,112000
203,0,0,6,0,4,0,3,365,186,848,1,0,1,0,1,420,149,1,2008,149000
204,0,7,5,9,1,1,4,132,408,720,1,1,2,1,0,240,0,4,2009,110000
205,0,17,7,3,1,1,4,8,1424,1442,2,0,3,1,0,500,0,5,2009,180500
206,1,9,5,3,1,1,4,8,1140,1696,1,1,3,1,1,349,0,3,2007,143900
207,1,11,4,5,1,1,4,74,375,1100,1,0,3,1,1,312,355,4,2008,141000
208,1,12,7,4,4,0,1,606,92,1180,2,1,3,1,1,454,60,4,2007,277000
209,0,11,6,3,2,1,4,134,305,1092,1,0,3,1,0,504,0,7,2008,145000
210,0,15,5,8,1,1,4,135,396,864,1,0,2,1,0,0,0,4,2008,98000
211,0,15,6,0,1,1,2,136,1176,1212,2,0,3,0,0,460,100,3,2010,186000
212,0,5,7,0,1,1,4,137,78,932,2,1,3,0,1,644,168,7,2009,252678
213,2,0,5,0,1,1,4,97,274,990,1,0,3,1,0,576,224,7,2006,156000
214,1,0,6,3,4,1,4,506,311,689,1,1,3,1,0,299,0,3,2010,161750
215,1,11,5,3,4,1,4,109,710,1236,1,0,2,0,1,447,0,5,2006,134450
216,0,0,7,0,4,0,2,139,490,1436,2,0,3,0,0,484,139,4,2008,210000
217,0,7,4,1,1,1,4,8,686,810,1,0,3,1,0,210,0,9,2006,107000
218,1,2,7,0,4,0,4,140,457,1137,1,1,3,0,2,431,0,5,2008,311500
219,0,21,7,0,4,0,3,297,1232,1248,2,0,2,0,0,438,108,3,2006,167240
220,1,0,7,0,1,0,2,8,1498,1498,2,0,2,0,0,675,351,4,2006,204900
221,1,17,6,0,1,0,4,8,1010,1010,2,1,4,0,1,390,120,12,2009,200000
222,0,6,6,0,1,1,4,142,163,811,2,1,3,1,1,434,209,2,2006,179900
223,0,11,4,3,1,1,4,143,160,864,1,0,2,1,0,576,216,3,2009,97000
224,0,10,10,0,4,2,1,313,2336,2392,2,0,3,2,1,968,248,6,2009,386250
225,0,22,5,3,4,1,4,8,630,630,2,1,3,1,0,280,0,5,2009,112000
226,1,3,7,0,4,0,4,540,638,1214,2,1,4,0,1,721,224,6,2007,290000
227,0,22,6,3,4,1,4,145,162,483,1,1,2,1,0,280,0,9,2008,106000
228,0,9,5,3,1,1,4,146,70,912,1,0,3,1,1,336,0,5,2010,125000
229,0,21,7,0,4,0,3,297,1357,1555,2,0,2,0,1,430,143,5,2009,192500
230,0,11,6,1,4,1,4,8,1194,1194,1,0,3,1,0,312,0,4,2010,148000
231,1,3,8,0,4,0,4,147,773,1490,2,1,4,2,1,810,0,7,2009,403000
232,0,22,6,3,4,1,4,8,483,483,1,1,2,1,1,288,0,6,2006,94500
233,0,0,5,3,1,1,3,226,0,894,1,0,3,1,0,308,365,2,2010,128200
234,0,17,6,0,4,0,4,148,235,860,2,1,4,0,2,440,288,5,2010,216500
235,0,22,6,3,4,1,4,149,125,483,1,1,2,1,0,264,0,8,2008,89500
236,0,0,7,0,4,0,3,55,1390,1414,2,0,3,0,0,494,132,5,2010,185500
237,1,12,7,3,1,0,4,351,594,1014,2,1,3,0,0,457,370,2,2010,194500
238,0,10,8,0,4,2,4,8,1694,1694,2,0,3,0,0,818,168,12,2007,318000
239,0,15,6,0,1,1,4,151,641,798,1,1,3,1,1,220,0,4,2010,113000
240,0,5,8,0,2,0,3,401,488,1566,2,0,3,0,0,750,144,4,2010,262500
241,0,7,5,0,1,1,4,153,357,866,1,0,2,0,0,0,58,8,2007,110500
242,0,7,5,5,1,1,4,8,540,889,1,0,3,1,0,352,0,4,2006,79000
243,0,12,6,4,1,1,4,8,626,626,1,1,3,1,1,288,0,4,2009,120000
244,1,12,7,0,1,0,4,85,253,1222,2,1,3,0,2,463,0,5,2010,205000
245,0,6,7,5,4,1,3,154,916,1872,2,0,3,1,1,604,197,6,2006,241500
246,0,7,6,9,1,1,4,8,1020,908,2,0,4,3,0,440,0,4,2006,137000
247,0,11,6,7,1,1,4,8,1367,1375,1,0,2,1,1,451,0,6,2006,140000
248,0,0,7,0,4,0,4,8,840,840,2,1,3,0,0,500,144,9,2007,180000
249,2,19,6,3,3,0,1,155,747,1444,2,0,4,0,2,389,0,6,2007,277000
250,1,8,3,4,1,1,4,8,728,1306,1,0,3,3,0,0,263,5,2010,76500
251,1,2,8,0,2,0,1,439,0,1625,2,0,2,0,1,538,123,12,2007,235000
252,1,12,6,0,1,0,4,8,798,798,2,1,3,0,0,520,138,12,2008,173000
253,0,11,6,3,4,1,1,157,452,1302,2,0,3,0,0,309,333,10,2007,158000
254,0,11,5,1,1,1,4,158,392,1314,1,0,3,1,0,294,250,6,2010,145000
255,1,17,7,0,4,0,4,8,975,1005,2,1,4,0,1,429,192,2,2006,230000
256,1,5,6,0,1,0,4,159,361,864,2,1,3,0,0,673,216,5,2008,207500
257,0,0,7,0,2,0,4,160,270,1604,2,1,3,0,1,660,123,3,2009,220000
258,0,0,7,0,4,0,4,161,602,963,2,1,3,0,1,564,0,5,2008,231500
259,0,7,5,7,1,1,4,8,0,882,1,0,2,1,0,308,0,12,2008,97000
260,0,11,6,5,4,1,1,221,0,1382,1,0,3,1,1,884,0,5,2009,176000
261,1,0,8,6,2,0,4,8,1482,1482,2,1,3,2,1,868,0,11,2007,276000
262,1,9,6,4,4,1,3,163,0,1212,1,0,3,1,1,492,292,7,2006,151000
263,0,7,5,5,1,1,4,19,0,926,1,0,3,1,0,484,0,4,2010,130000
264,3,7,5,5,1,1,4,8,680,764,1,0,2,1,0,504,0,6,2008,73000
265,1,6,6,1,4,1,4,313,606,1422,2,0,3,0,1,576,276,6,2008,175500
266,1,17,6,0,1,1,3,164,88,802,2,1,3,1,1,413,95,6,2006,185000
267,0,23,5,5,1,1,4,506,342,1052,2,1,4,0,1,240,262,7,2008,179500
268,0,13,5,0,1,1,4,474,212,778,1,0,2,1,1,924,0,2,2008,120500
269,1,15,6,3,4,1,4,166,392,1113,1,1,3,1,1,504,370,5,2007,148000
270,0,5,8,0,1,0,2,8,1095,1095,2,1,3,0,1,1053,192,8,2006,266000
271,1,19,7,4,1,1,1,593,96,1363,1,0,2,1,2,439,81,4,2008,241500
272,1,3,8,0,4,0,4,143,628,1164,2,1,4,0,1,671,132,4,2010,290000
273,0,11,6,5,3,1,4,279,0,1632,2,0,3,1,1,338,289,4,2009,139000
274,0,4,5,11,1,1,1,169,270,816,1,0,2,1,0,264,168,6,2007,124500
275,0,8,7,5,1,0,4,8,952,952,2,1,3,2,0,672,74,10,2009,205000
276,1,4,7,0,1,0,4,8,1560,1560,2,0,3,0,0,573,100,4,2010,201000
277,0,17,4,0,1,1,4,604,744,864,1,0,2,1,0,400,0,6,2010,141000
278,0,10,9,6,4,2,1,8,2121,2121,2,1,3,2,1,732,124,5,2007,415298
279,0,19,7,4,4,1,4,170,768,1156,2,1,4,1,1,505,288,3,2008,192000
280,0,12,7,4,4,0,3,171,386,1175,2,1,3,0,1,575,0,1,2007,228500
281,0,5,6,0,2,0,4,172,357,1262,2,0,2,0,0,572,0,5,2006,185000
282,0,10,7,0,2,0,4,173,410,1314,2,0,2,0,1,626,172,4,2009,207500
283,0,5,8,0,2,0,4,8,1468,1468,2,0,3,0,1,898,210,12,2009,244600
284,0,12,6,11,1,0,4,174,1145,1575,2,0,2,0,0,529,0,7,2007,179200
285,1,5,7,1,1,0,4,8,625,625,2,1,2,0,0,528,0,6,2007,164700
286,1,11,6,5,1,1,4,102,312,1085,1,1,3,0,1,440,0,6,2006,159000
287,1,11,4,3,1,1,4,175,244,858,1,0,3,1,0,0,0,6,2006,88000
288,1,9,5,1,4,1,4,550,432,900,1,0,3,1,0,280,0,2,2010,122000
289,0,8,6,5,1,1,4,8,698,698,1,0,3,1,0,384,0,7,2007,153575
290,0,0,8,0,1,0,3,8,1079,1079,2,1,3,0,1,685,0,7,2006,233230
291,0,23,5,0,1,1,4,177,570,936,2,0,6,3,0,0,0,3,2008,135900
292,0,15,5,5,1,1,4,178,476,1148,1,1,3,1,1,281,0,1,2009,131000
293,1,6,7,4,4,1,4,179,0,1468,2,1,3,0,1,539,0,3,2006,235000
294,0,11,6,3,2,1,4,318,131,1644,1,0,3,1,2,418,110,10,2009,167000
295,1,4,6,3,1,1,3,181,184,1003,1,0,3,1,0,588,120,3,2006,142500
296,0,13,5,5,1,1,4,182,490,910,1,1,4,1,0,282,289,6,2007,152000
297,1,5,7,0,4,0,4,199,326,975,2,1,3,0,1,576,0,6,2007,239000
298,0,6,6,12,4,0,4,38,143,1041,1,2,3,1,1,539,224,6,2007,175000
299,0,2,6,3,1,1,4,8,1092,1152,1,0,3,0,1,300,0,8,2009,158500
300,0,2,5,1,4,1,2,183,324,1336,1,0,2,1,2,375,0,6,2006,157000
301,3,0,8,0,1,0,4,184,747,1210,2,1,4,0,1,683,208,5,2007,267000
302,1,0,7,0,4,0,4,8,1541,1541,2,0,3,0,1,843,468,1,2006,205000
303,0,0,5,0,1,1,4,266,0,894,1,0,3,1,0,552,256,7,2006,149900
304,0,7,7,6,1,1,4,8,1470,1675,3,0,3,0,1,870,302,5,2008,295000
305,0,0,8,6,2,0,4,186,536,2000,2,0,3,0,0,888,168,7,2007,305900
306,0,12,7,4,4,0,4,371,0,1122,2,1,4,0,1,746,127,6,2007,225000
307,1,13,6,1,1,1,4,8,319,1035,1,0,3,3,0,0,0,3,2008,89500
308,1,15,4,0,1,1,4,188,599,861,1,0,1,1,0,539,158,3,2009,82500
309,1,10,9,0,1,0,1,602,622,1944,2,0,3,2,3,708,208,11,2006,360000
310,1,17,6,3,4,1,4,190,179,697,2,1,3,0,1,420,190,5,2006,165600
311,0,11,6,0,1,1,4,96,292,972,1,0,2,1,1,240,0,5,2009,132000
312,0,7,5,1,1,1,2,92,286,793,1,0,3,1,1,410,0,5,2006,119900
313,3,16,7,7,1,1,1,396,80,2036,2,0,3,1,2,513,0,6,2009,375000
314,0,7,7,5,1,1,4,297,712,832,1,1,3,2,1,546,0,8,2006,178000
315,1,17,7,0,1,0,4,585,291,716,2,1,3,0,1,432,100,7,2009,188500
316,1,6,7,6,4,0,4,374,153,1153,2,1,4,2,1,484,288,8,2009,260000
317,0,5,8,0,1,0,3,8,1088,1088,2,1,3,0,1,1025,208,12,2007,270000
318,0,3,7,3,4,0,1,592,360,1372,2,1,4,0,1,656,340,4,2009,260000
319,0,6,7,4,4,1,3,127,336,1472,2,0,3,1,2,588,233,6,2009,187500
320,0,10,9,0,2,1,3,8,1249,1249,3,1,4,0,0,840,240,9,2006,342643
321,1,10,8,0,4,0,3,195,166,1136,2,1,4,0,1,872,184,6,2007,354000
322,1,12,7,4,4,0,1,435,0,1553,2,1,4,0,1,576,201,8,2007,301000
323,0,7,3,0,1,1,4,426,906,1163,1,0,3,1,0,220,142,7,2006,126175
324,0,11,7,5,4,0,4,8,710,1898,2,1,5,0,1,564,240,6,2010,242000
325,0,13,5,1,1,1,3,345,604,803,1,0,2,1,0,360,0,12,2007,87000
326,1,1,8,7,1,0,1,198,100,1719,1,1,1,0,2,473,122,5,2008,324000
327,0,11,6,5,4,1,4,540,818,1383,1,1,3,1,0,292,0,4,2006,145250
328,1,8,6,2,1,1,4,8,844,1445,2,0,5,0,0,441,0,7,2009,214500
329,0,13,5,2,1,1,2,8,596,596,1,0,3,1,0,189,0,7,2009,78000
330,1,11,5,3,4,1,4,199,1424,1728,2,0,6,1,0,352,155,11,2007,119000
331,0,11,5,5,1,1,4,200,210,1056,1,0,3,1,0,308,0,8,2007,139000
332,1,10,8,0,4,0,4,201,1603,1629,2,0,3,0,1,880,0,10,2009,284000
333,0,10,7,0,2,0,3,202,638,1358,2,0,2,0,1,484,192,7,2008,207000
334,1,17,6,0,1,1,1,615,115,943,2,1,3,1,2,472,100,7,2008,192000
335,1,16,5,4,1,1,1,617,103,1619,2,0,3,1,2,529,670,8,2008,228950
336,1,18,9,0,2,0,1,617,673,1922,2,0,3,0,1,676,178,7,2007,377426
337,0,0,7,0,4,0,3,205,726,1536,2,0,3,0,0,532,192,12,2008,214000
338,0,6,7,5,1,0,2,350,995,1621,2,0,3,0,0,440,108,5,2006,202500
339,1,11,6,5,4,1,4,207,630,1215,1,0,3,1,0,297,0,6,2009,155000
340,0,16,8,0,1,0,4,8,967,993,2,1,4,0,0,431,135,4,2010,202900
341,0,12,4,9,1,3,4,8,721,841,1,0,2,1,0,294,250,9,2009,82000
342,0,11,3,8,4,1,4,8,0,1040,2,0,2,1,0,400,0,5,2006,87500
343,1,10,9,1,4,2,4,435,1656,1684,2,0,2,2,1,564,495,7,2008,266000
344,0,14,5,6,1,1,4,208,175,536,1,1,3,1,0,336,182,4,2010,85000
345,0,8,6,1,1,1,4,8,972,972,1,0,3,3,1,312,0,10,2006,140200
346,1,11,6,1,1,1,2,209,460,958,1,0,2,1,0,301,0,4,2007,151500
347,1,11,6,5,4,1,4,210,208,1478,2,0,3,1,2,498,0,12,2009,157500
348,0,10,7,2,2,0,4,211,191,764,2,1,2,0,0,474,0,10,2008,154000
349,2,10,9,6,4,2,4,544,438,1848,2,1,4,2,2,706,0,4,2006,437154
350,1,10,9,1,4,2,4,8,1869,1869,2,0,2,2,1,617,210,12,2007,318061
351,1,19,7,5,1,1,1,213,371,1453,1,1,2,0,1,445,0,12,2006,190000
352,0,15,5,0,1,1,2,214,0,616,1,0,3,1,0,200,48,3,2008,95000
353,0,7,6,0,1,1,4,8,624,720,1,0,2,1,0,484,106,5,2010,105900
354,0,23,6,1,1,1,4,215,552,1192,1,0,2,1,2,240,0,6,2006,140000
355,2,0,6,0,1,0,4,216,322,1200,2,0,3,0,0,521,0,8,2007,177500
356,1,17,6,3,4,1,4,123,598,1167,2,0,3,0,0,400,120,7,2009,173000
357,0,14,5,6,1,1,4,217,268,1142,1,1,3,1,1,528,536,8,2007,134000
358,1,19,5,11,4,1,3,79,468,1352,1,0,3,0,0,288,168,7,2006,130000
359,1,3,8,0,4,0,3,232,130,1086,2,1,3,0,1,592,208,6,2006,280000
360,1,4,6,0,1,1,3,536,115,912,1,0,2,1,1,470,0,6,2007,156000
361,0,8,5,1,1,1,4,521,484,988,1,0,3,1,0,240,0,7,2008,145000
362,0,15,7,3,4,0,4,8,0,495,3,0,4,0,1,672,0,7,2009,198500
363,0,22,6,3,4,1,4,221,321,483,1,1,2,0,0,264,250,5,2009,118000
364,1,6,6,3,4,1,2,222,84,790,2,1,3,1,1,566,306,7,2006,190000
365,0,13,5,0,1,1,4,31,216,672,1,0,3,1,0,468,0,7,2009,147000
366,1,11,6,4,4,1,4,467,785,1394,1,1,3,1,2,514,0,7,2009,159000
367,1,11,6,4,4,1,1,224,728,1431,1,0,3,1,1,296,64,12,2008,165000
368,0,11,5,3,4,1,4,225,728,1268,1,0,2,1,1,244,0,3,2010,132000
369,1,11,5,5,1,1,4,226,733,1287,1,0,3,0,1,576,364,3,2010,162000
370,1,17,6,0,1,1,4,8,953,953,2,1,3,1,1,460,100,1,2006,172400
371,0,19,4,4,1,1,4,8,0,1120,2,0,4,1,1,680,0,7,2008,134432
372,0,12,6,4,1,1,4,227,0,752,1,0,2,1,0,264,353,2,2010,125000
373,0,11,5,1,1,1,4,228,0,1319,1,0,3,1,0,270,66,11,2009,123000
374,0,0,7,0,1,0,4,8,847,847,2,1,4,0,1,434,100,7,2007,219500
375,1,15,1,5,1,3,1,229,333,904,0,1,1,3,0,0,0,3,2009,61000
376,1,0,5,0,1,0,3,230,572,914,1,0,2,1,0,576,0,7,2006,148000
377,1,5,8,6,1,0,4,8,1580,1580,3,0,4,0,1,610,159,12,2007,340000
378,0,18,9,0,2,0,3,332,411,1856,1,1,1,2,1,834,113,6,2010,394432
379,1,17,6,0,4,1,4,8,982,1007,2,1,3,1,1,463,100,6,2009,179000
380,0,23,5,5,1,1,4,232,808,1026,2,0,3,0,1,308,0,5,2010,127000
381,0,5,7,0,1,0,4,8,1293,1301,2,0,2,0,1,572,216,8,2006,187750
382,1,0,7,0,1,0,3,8,939,939,2,1,3,0,0,639,144,4,2007,213500
383,0,12,6,5,1,1,4,8,784,784,1,0,2,1,0,360,0,10,2009,76000
384,2,19,6,3,1,0,3,233,595,1079,2,1,3,0,2,501,216,6,2007,240000
385,0,21,8,0,4,0,4,55,1232,1269,2,0,2,0,1,430,146,4,2010,192000
386,0,15,5,0,1,1,4,8,658,658,1,0,5,1,0,0,0,5,2006,81000
387,0,15,6,1,4,1,3,234,410,1125,1,0,3,1,1,352,296,10,2009,125000
388,1,0,7,0,4,0,4,8,1468,1479,2,0,3,0,0,577,120,7,2008,191000
389,0,10,10,0,2,2,3,235,402,1742,2,1,3,2,1,846,196,8,2008,426000
390,0,15,5,1,1,1,4,236,229,961,1,0,4,1,0,384,0,4,2008,119000
391,1,4,6,0,1,1,4,237,114,804,2,1,3,0,1,560,125,6,2009,215000
392,1,11,5,1,1,1,4,8,0,882,1,0,3,1,0,294,0,7,2007,106500
393,0,8,4,2,1,1,4,238,522,788,1,0,2,1,2,0,0,4,2006,100000
394,0,7,5,1,1,1,4,8,735,735,1,0,2,1,0,240,0,7,2007,109000
395,0,15,5,5,1,1,3,43,405,1144,1,0,3,1,0,596,44,6,2010,129000
396,0,0,5,1,1,1,3,384,117,894,1,0,2,1,0,600,215,9,2009,123000
397,0,11,5,0,4,1,4,225,324,876,2,0,4,1,1,264,0,7,2007,169500
398,0,13,5,1,1,1,4,8,961,1077,1,0,2,1,0,338,0,11,2007,67000
399,0,5,7,6,2,0,4,515,280,1112,2,0,2,0,0,438,0,10,2009,241000
400,2,1,8,7,1,0,4,241,474,1288,1,1,1,2,2,500,120,12,2008,245500
401,1,0,7,0,1,0,3,55,1286,1310,2,0,3,0,1,400,0,7,2006,164990
402,0,9,5,5,1,1,4,8,672,672,1,0,2,1,0,240,168,8,2008,108000
403,0,3,8,0,4,0,4,8,1141,1165,2,1,4,0,1,420,144,7,2006,258000
404,1,17,6,1,1,1,4,8,806,806,2,1,3,1,1,373,0,5,2007,168000
405,1,9,4,4,1,1,4,242,165,1620,2,0,3,1,1,490,120,6,2009,150000
406,0,23,6,1,1,1,4,8,1064,1166,1,0,3,1,0,240,0,3,2008,115000
407,0,2,6,4,1,1,4,8,840,840,2,0,4,1,0,308,0,3,2008,177000
408,0,10,7,0,4,0,4,8,1063,1071,2,1,3,0,1,947,192,8,2007,280000
409,0,5,8,0,2,0,4,243,245,1050,2,1,3,2,1,836,0,4,2008,339750
410,0,15,5,10,1,1,4,8,1276,1276,1,0,3,1,0,350,0,6,2009,60000
411,0,17,5,5,1,1,2,244,0,1056,1,0,3,1,0,572,264,1,2006,145000
412,2,5,7,1,2,2,3,14,892,1478,2,1,2,0,1,484,0,6,2010,222000
413,0,7,5,2,1,1,4,8,1008,1028,1,0,2,1,1,360,0,3,2010,115000
414,2,12,7,0,1,0,4,245,499,1080,2,1,3,0,1,678,196,12,2008,228000
415,1,17,7,0,1,0,3,55,1316,1340,2,0,3,0,0,396,100,8,2007,181134
416,0,9,6,3,4,1,4,95,463,672,1,1,3,1,1,440,0,3,2006,149500
417,1,2,6,8,1,1,4,246,242,1370,2,1,4,1,1,864,0,11,2007,239000
418,0,15,5,1,1,1,4,132,444,756,1,1,3,1,0,240,0,4,2007,126000
419,0,11,5,0,1,1,4,261,281,1056,1,0,3,1,1,304,0,7,2010,142000
420,0,4,7,0,4,1,1,589,35,1344,2,0,2,1,0,784,0,11,2008,206300
421,1,6,6,6,2,0,4,432,356,1602,2,0,3,0,1,529,240,6,2009,215000
422,0,4,5,3,1,1,4,8,988,988,1,0,2,1,0,520,0,2,2008,113000
423,0,3,8,0,4,0,4,250,484,1470,2,1,4,0,1,696,0,6,2008,315000
424,0,11,6,5,4,1,4,420,580,1196,1,0,2,1,1,297,0,5,2008,139000
425,0,7,7,3,1,1,4,8,651,707,1,1,3,1,2,240,0,9,2009,135000
426,0,12,7,5,4,0,1,403,0,1644,2,0,2,0,1,569,80,8,2009,275000
427,1,11,4,1,1,1,4,112,619,907,1,0,3,1,0,352,0,7,2008,109008
428,0,0,7,0,4,0,4,253,544,1208,2,0,2,0,0,628,105,9,2007,195400
429,1,16,6,3,1,1,2,87,387,1412,2,0,3,0,1,576,0,3,2009,175000
430,0,22,6,3,4,1,4,254,96,483,1,1,2,1,0,264,0,7,2008,85400
431,1,7,6,1,1,1,4,8,901,1088,1,0,4,1,0,0,0,9,2008,79900
432,0,22,5,3,4,1,4,255,294,765,1,1,2,1,0,440,240,8,2007,122500
433,1,17,6,0,1,1,4,8,926,926,2,1,3,1,1,470,0,7,2008,181000
434,0,14,4,6,1,1,3,289,135,630,1,0,1,1,0,0,88,6,2008,81000
435,2,0,7,0,1,0,3,256,70,827,2,1,3,0,1,550,158,4,2009,212000
436,0,7,6,8,1,1,4,8,648,734,1,0,2,1,0,440,0,10,2006,116000
437,0,8,6,5,1,0,4,8,884,904,1,0,2,1,0,180,0,1,2009,119000
438,0,2,5,8,1,1,4,472,75,694,1,0,2,0,1,352,0,3,2007,90350
439,0,15,6,5,1,1,2,8,684,684,1,0,3,0,0,528,0,8,2009,110000
440,0,10,10,0,2,2,1,258,788,2402,2,0,2,2,2,672,0,4,2009,555000
441,0,15,4,0,4,1,4,606,1307,1440,2,0,4,3,0,0,0,9,2008,118000
442,0,8,5,1,1,1,4,8,1078,1128,2,0,3,1,1,360,0,6,2008,162900
443,0,21,7,2,4,0,3,8,1258,1258,2,0,2,0,1,648,144,6,2007,172500
444,0,0,7,0,1,0,4,260,273,933,2,1,4,0,1,493,144,7,2008,210000
445,0,15,6,5,1,1,4,8,1436,1689,1,0,3,1,1,480,0,11,2009,127500
446,1,11,6,4,1,0,4,261,557,1888,2,1,2,0,1,578,0,6,2010,190000
447,1,17,7,0,1,0,4,8,930,956,2,1,4,0,1,431,89,7,2006,199900
448,0,13,6,1,1,1,4,8,780,780,2,0,3,1,1,198,0,6,2006,119500
449,0,7,3,1,1,1,4,262,318,679,1,1,2,1,0,308,0,6,2007,120000
450,0,7,6,5,1,1,4,8,813,813,1,0,2,0,0,270,0,6,2006,110000
451,1,19,7,4,1,1,1,4,878,1533,2,0,2,0,2,576,200,12,2006,280000
452,1,16,6,0,4,0,4,263,130,888,2,1,3,1,0,422,144,7,2007,204000
453,0,5,8,0,1,0,4,8,768,786,2,1,3,0,0,676,0,6,2009,210000
454,0,4,5,4,1,1,4,622,122,1728,2,0,4,1,0,560,0,7,2006,188000
455,0,6,7,3,4,1,4,265,326,1242,1,1,3,1,1,528,0,9,2007,175500
456,0,7,5,9,1,1,4,8,624,624,1,0,4,1,0,513,0,5,2008,98000
457,1,19,4,4,1,1,1,242,248,1663,1,0,2,0,2,529,224,3,2008,256000
458,0,7,8,2,1,1,4,8,588,833,1,0,3,0,1,228,192,6,2008,161000
459,1,8,5,1,3,1,4,266,524,979,1,0,3,0,1,352,0,7,2009,110000
460,1,5,8,0,2,0,4,267,288,832,2,1,3,1,0,552,0,12,2009,263435
461,0,23,7,5,1,0,4,229,0,575,1,0,3,0,0,576,256,4,2009,155000
462,1,9,5,1,1,1,4,268,0,864,1,0,3,1,1,360,0,12,2009,62383
463,1,2,6,8,1,1,4,269,389,849,1,1,3,1,1,240,0,8,2008,188700
464,0,0,5,3,4,1,4,420,424,1040,2,0,3,1,0,0,0,8,2009,124000
465,0,21,7,0,4,0,4,8,1375,1414,2,0,2,0,1,398,144,5,2006,178740
466,0,11,7,4,1,1,1,270,499,1277,1,0,2,1,1,526,0,4,2007,167000
467,0,11,5,1,2,1,4,271,342,888,1,1,3,0,2,312,168,6,2007,146500
468,1,10,8,0,2,0,4,8,1626,1634,2,0,3,0,1,866,0,5,2007,250000
469,1,12,6,3,4,0,4,272,406,832,2,1,3,0,0,506,144,6,2008,187000
470,1,18,8,3,1,0,3,502,0,1502,1,1,1,0,0,528,0,6,2010,212000
471,0,6,7,4,1,1,4,8,808,1161,2,1,3,1,1,534,0,11,2007,190000
472,0,15,6,0,4,1,1,274,88,1072,1,0,2,1,0,525,0,6,2008,148000
473,1,10,8,0,4,0,1,549,626,1976,2,0,2,0,1,908,250,7,2007,440000
474,0,18,8,6,1,0,3,276,298,1652,2,0,2,2,0,499,96,8,2007,251000
475,0,9,5,3,1,1,4,277,340,970,1,0,2,1,0,624,0,7,2007,132500
476,0,0,6,0,4,1,1,278,484,1493,2,0,3,0,1,508,140,4,2008,208900
477,0,10,9,0,4,2,3,8,2153,2069,2,1,3,2,1,694,414,3,2007,380000
478,0,0,8,0,2,0,1,108,417,1718,2,0,3,0,1,826,208,9,2009,297000
479,0,7,4,8,3,1,4,279,739,1131,1,0,2,1,0,672,0,3,2007,89471
480,1,10,9,0,4,0,1,280,572,1850,2,0,3,0,1,772,519,3,2006,326000
481,1,10,9,0,4,0,1,281,225,1792,2,0,2,2,1,874,206,8,2006,374000
482,0,7,7,8,1,0,4,363,611,916,1,1,4,2,1,164,0,6,2009,155000
483,0,4,6,0,4,1,4,283,319,1216,2,0,2,1,0,402,0,5,2006,164000
484,1,9,5,4,1,1,4,313,411,999,1,0,3,0,0,264,0,3,2007,132500
485,0,11,5,1,1,0,4,471,506,1113,1,0,3,0,1,264,0,7,2009,147000
486,0,11,5,1,4,1,4,459,237,1073,1,1,3,1,0,515,0,6,2007,156000
487,1,6,5,4,1,1,3,11,486,1484,2,0,3,1,1,487,224,2,2007,175000
488,0,7,5,5,1,1,4,253,290,1766,2,0,3,1,1,520,142,5,2006,160000
489,0,14,4,6,1,1,3,286,115,630,1,0,1,0,0,286,0,5,2009,86000
490,0,14,5,6,1,1,2,8,264,616,1,1,3,1,1,336,141,6,2008,115000
491,0,11,6,5,1,1,4,474,238,958,1,0,3,3,2,240,0,8,2006,133000
492,1,17,6,0,1,0,4,8,728,728,2,1,3,1,0,429,0,5,2006,172785
493,0,11,5,5,1,1,4,287,363,1269,1,1,3,1,1,308,0,6,2008,155000
494,0,7,5,1,1,1,4,8,190,886,1,0,2,1,0,273,144,12,2009,91300
495,0,13,4,5,1,1,4,289,225,720,1,0,2,1,0,0,0,11,2009,34900
496,1,3,8,7,1,0,4,288,1969,3228,3,0,4,0,1,546,264,5,2007,430000
497,0,8,7,5,1,1,4,153,697,1133,2,0,4,1,0,240,0,6,2008,184000
498,0,9,5,3,4,1,4,550,414,899,1,0,3,0,0,288,64,6,2009,130000
499,1,11,5,1,1,1,4,289,522,912,1,0,2,1,0,297,12,6,2007,120000
500,0,22,6,3,4,1,4,327,316,672,1,1,3,1,0,264,144,5,2007,113000
501,0,5,7,0,1,0,4,291,466,866,2,1,3,0,0,603,0,2,2008,226700
502,0,15,5,1,1,1,4,292,420,1214,1,0,2,1,0,461,0,4,2007,140000
503,1,2,7,5,1,1,4,293,254,1801,2,0,1,1,2,484,0,3,2010,289000
504,0,20,6,10,1,1,4,472,103,855,2,1,3,1,1,440,260,6,2009,147000
505,0,7,5,5,4,1,4,8,960,960,2,0,4,1,0,400,0,7,2009,124500
506,1,12,8,0,4,0,4,295,397,1065,2,1,3,0,1,471,182,9,2006,215000
507,1,5,6,0,1,0,4,551,1191,1218,2,0,2,0,0,676,0,9,2009,208300
508,0,7,7,1,1,1,4,297,548,689,2,0,3,0,1,360,0,10,2008,161000
509,0,11,5,1,4,1,4,298,50,1041,1,0,3,1,0,270,224,7,2009,124500
510,0,11,5,5,3,0,4,299,178,1363,1,0,2,1,2,288,324,6,2009,164900
511,1,10,7,0,2,0,4,8,1368,1368,2,0,2,0,1,474,132,3,2006,202665
512,0,11,5,0,1,1,4,300,169,864,1,0,3,1,0,624,0,7,2006,129900
513,0,4,6,0,1,1,4,52,748,1080,1,1,3,1,0,484,120,6,2007,134000
514,0,2,5,5,1,1,4,8,768,789,1,0,2,1,0,200,0,6,2007,96500
515,0,10,10,6,4,2,4,468,570,2020,2,1,3,2,1,900,156,9,2009,402861
516,1,6,6,3,4,1,4,8,689,1378,2,1,3,1,1,583,0,8,2009,158000
517,1,3,7,0,4,0,4,8,1264,1277,2,1,3,0,1,889,220,7,2009,265000
518,1,0,6,0,1,1,2,8,88,882,2,1,3,1,0,546,0,5,2007,211000
519,0,2,7,1,1,0,4,8,1276,1276,1,1,3,0,2,282,0,6,2009,234000
520,0,7,4,1,1,1,4,8,0,694,2,0,3,1,0,0,220,8,2008,106250
521,1,11,6,0,1,1,4,384,467,1244,1,1,3,1,2,336,0,5,2007,150000
522,0,8,6,6,1,1,4,521,605,1004,2,0,3,1,2,420,0,10,2006,159000
523,1,15,10,6,2,2,1,302,878,3138,3,1,3,2,1,884,208,10,2007,184750
524,1,3,7,0,4,0,4,303,660,1383,2,1,3,0,1,834,239,8,2007,315750
525,0,5,7,0,1,0,4,8,1257,1266,2,0,3,0,1,453,38,4,2006,176000
526,0,11,5,5,1,1,4,304,551,928,1,0,2,1,0,252,261,6,2007,132000
527,1,10,9,0,2,2,3,305,122,1476,2,1,3,2,1,858,126,11,2008,446261
528,1,15,4,5,1,1,2,446,180,605,1,0,2,1,0,0,0,7,2007,86000
529,1,2,6,13,4,0,4,307,816,2515,3,0,4,1,2,484,0,3,2007,200624
530,0,16,6,3,4,0,3,320,678,1509,2,0,3,0,1,600,224,8,2008,175000
531,1,8,6,5,1,1,2,8,611,751,2,0,3,1,0,502,0,6,2008,128000
532,0,11,5,0,1,1,4,8,0,827,1,0,2,1,1,392,0,4,2010,107500
533,0,8,1,0,1,3,4,8,0,334,1,0,1,3,0,0,0,1,2007,39300
534,1,17,8,0,1,0,3,8,707,707,2,1,3,0,1,403,100,10,2006,178000
535,0,15,5,1,1,1,1,614,148,820,1,0,3,1,0,0,85,1,2008,107500
536,1,0,7,0,1,1,3,8,880,880,2,1,3,0,0,527,120,7,2008,188000
537,1,11,4,1,1,1,4,102,264,864,1,0,3,1,0,576,216,4,2008,111250
538,1,9,5,4,4,1,4,310,378,1159,1,1,3,1,1,336,466,7,2006,158000
539,0,0,8,0,4,0,3,379,223,1601,2,0,3,0,1,670,180,5,2010,272000
540,0,16,9,0,4,2,3,312,578,1838,2,0,2,2,1,765,270,3,2009,315000
541,0,3,8,0,4,0,4,8,969,997,2,1,4,0,1,648,0,6,2007,248000
542,0,6,7,0,1,0,4,313,379,1680,2,0,3,0,1,583,78,6,2009,213250
543,0,11,7,1,4,1,3,314,0,767,1,0,1,1,0,367,120,6,2007,133000
544,1,17,7,0,1,0,3,611,100,664,2,1,3,0,1,426,100,9,2006,179665
545,1,6,7,3,4,0,4,316,0,1377,2,1,4,0,0,786,0,2,2006,229000
546,1,8,6,5,1,1,4,79,765,915,1,1,3,1,1,440,0,5,2007,210000
547,0,4,5,0,1,1,3,508,149,768,1,0,2,1,0,624,104,4,2007,129500
548,1,7,5,1,1,1,4,318,0,825,1,0,2,1,0,720,140,6,2008,125000
549,0,5,7,0,1,0,4,8,912,912,2,1,4,0,1,615,182,11,2009,263000
550,0,20,6,4,1,1,4,630,510,1069,2,0,2,1,0,440,0,10,2008,140000
551,0,7,5,7,1,1,4,320,620,928,1,0,3,1,0,288,0,6,2008,112500
552,1,10,8,0,2,0,3,8,1709,1717,2,0,3,0,1,908,169,7,2009,255500
553,0,15,4,0,1,1,4,8,0,1126,2,0,2,0,0,520,0,5,2009,108000
554,0,10,7,0,4,0,4,321,132,1006,2,1,3,0,1,871,320,8,2008,284000
555,0,8,5,1,1,1,4,8,993,1048,1,0,2,1,1,280,0,8,2006,113000
556,1,11,5,5,1,1,4,462,197,1092,1,0,2,1,1,299,268,5,2006,141000
557,0,13,4,1,1,1,4,323,0,897,1,1,3,1,0,570,0,9,2006,108000
558,2,17,7,3,1,1,1,504,125,729,2,1,3,1,1,406,264,8,2008,175000
559,0,21,7,0,4,0,1,8,1374,1557,2,0,2,0,1,420,143,10,2006,234000
560,1,9,5,5,4,1,4,325,90,1392,1,1,3,1,1,528,0,5,2010,121500
561,0,4,5,3,1,1,3,326,195,1389,1,0,2,1,1,418,240,4,2006,170000
562,0,15,5,2,1,1,4,327,706,996,1,0,3,1,1,0,144,7,2008,108000
563,0,15,6,5,1,1,2,8,1163,1163,2,0,4,1,1,396,72,7,2008,185000
564,1,3,7,3,1,0,4,336,367,1166,2,1,4,0,1,590,0,7,2006,268000
565,0,23,6,5,1,1,4,8,806,841,1,1,4,3,0,216,0,5,2010,128000
566,1,18,9,0,4,0,4,8,1122,1134,2,1,4,2,1,656,144,6,2008,325000
567,1,10,7,0,4,0,4,329,1515,1535,2,0,3,0,0,532,0,3,2010,214000
568,1,12,8,5,1,0,1,438,55,1496,1,1,1,0,1,612,349,9,2009,316600
569,1,11,5,1,1,1,1,331,0,943,1,0,2,1,2,600,42,12,2006,135960
570,1,11,5,3,4,1,4,332,1497,1728,2,0,6,1,0,576,0,11,2008,142600
571,0,11,6,2,4,1,4,333,450,864,1,0,2,0,0,288,168,10,2006,120000
572,1,16,7,0,1,1,3,8,846,846,2,1,3,0,0,650,208,7,2009,224500
573,1,17,7,0,1,1,4,8,384,774,2,1,3,1,1,400,100,12,2007,170000
574,0,11,5,12,4,1,3,334,23,576,1,0,3,1,0,288,35,12,2007,139000
575,0,11,5,1,1,1,4,335,390,832,1,0,2,1,0,336,158,10,2008,118500
576,0,23,7,5,1,1,4,8,861,877,2,0,3,1,1,216,0,8,2009,145000
577,1,9,5,0,4,1,3,336,285,1320,1,0,3,1,2,564,160,5,2006,164500
578,0,5,7,0,1,0,4,8,689,703,2,0,2,0,0,540,0,2,2008,146000
579,0,7,5,1,4,1,4,8,1050,1050,2,0,4,1,0,352,0,11,2008,131500
580,1,11,6,5,4,1,4,337,331,1429,1,0,3,0,2,572,216,6,2007,181900
581,0,10,8,0,4,2,4,8,2042,2042,2,1,3,2,1,1390,0,8,2009,253293
582,0,15,6,3,4,1,3,437,0,816,1,0,3,1,0,0,0,5,2007,118500
583,0,7,10,5,1,2,4,8,1237,1521,3,1,3,0,1,880,105,7,2008,325000
584,0,8,4,9,1,1,4,8,884,989,1,0,3,0,0,240,0,7,2009,133000
585,0,16,8,0,4,0,1,339,408,2028,2,0,2,0,2,880,326,3,2006,369900
586,0,8,6,2,1,1,2,177,0,838,1,0,2,3,0,275,0,5,2008,130000
587,1,9,5,3,1,1,3,221,168,860,1,0,2,1,0,528,0,7,2009,137000
588,1,19,5,5,1,1,1,569,113,1473,1,0,1,2,2,452,0,6,2009,143000
589,0,8,5,0,1,1,4,8,742,779,1,0,2,1,0,308,0,8,2008,79500
590,0,0,7,0,1,0,4,39,280,770,2,1,3,0,0,520,0,9,2008,185900
591,1,10,10,6,2,2,1,341,384,1728,2,1,3,2,1,842,382,6,2009,451950
592,0,4,5,3,1,1,4,437,0,816,1,0,2,1,0,816,0,6,2008,138000
593,0,0,6,0,4,0,3,342,163,848,1,0,1,0,0,420,140,5,2009,140000
594,1,0,5,3,1,1,4,8,924,924,1,0,3,1,0,280,0,4,2008,110000
595,1,18,8,14,4,0,1,343,392,1826,2,0,3,0,1,758,180,8,2006,319000
596,0,7,6,0,1,1,4,8,684,684,1,0,3,1,0,216,0,10,2006,114504
597,0,21,7,0,4,0,3,8,1258,1402,0,2,2,0,1,648,120,2,2007,194201
598,0,2,5,4,4,1,2,572,0,1647,2,0,3,0,1,621,0,3,2006,217500
599,0,24,6,1,1,1,4,345,23,716,2,1,3,1,1,452,161,7,2008,151000
600,0,10,8,0,4,0,3,169,512,1058,2,1,3,2,1,736,179,6,2006,275000
601,0,13,6,5,1,1,4,8,780,780,1,1,3,0,1,544,0,12,2007,141000
602,1,12,8,3,1,0,2,243,119,927,2,1,3,0,1,506,120,2,2006,220000
603,0,5,7,1,1,0,4,8,600,600,2,1,2,0,0,480,0,6,2010,151000
604,1,0,7,0,4,0,2,158,572,1494,2,0,3,0,1,530,192,9,2008,221000
605,0,11,7,3,4,1,4,346,314,1186,2,1,3,1,3,486,0,10,2009,205000
606,2,0,5,0,1,1,4,5,308,1040,1,0,3,0,0,576,168,11,2009,152000
607,0,15,5,1,1,1,4,46,293,1112,3,0,3,2,0,230,103,8,2006,225000
608,0,2,8,5,1,1,2,228,537,1940,2,1,4,1,2,380,0,9,2007,359100
609,0,9,4,0,3,1,2,347,126,1029,1,0,3,1,0,261,64,4,2007,118500
610,0,0,9,0,4,0,2,173,536,1476,2,1,3,2,2,736,253,5,2009,313000
611,1,6,6,3,4,1,3,348,427,1032,2,0,3,1,1,564,0,7,2007,148000
612,0,0,8,0,4,0,3,349,309,1299,2,1,3,2,1,531,160,11,2009,261500
613,0,4,5,0,1,1,4,350,914,1120,1,0,3,1,0,0,0,12,2007,147000
614,0,14,4,6,1,1,3,351,0,630,1,0,1,1,0,0,96,5,2010,75500
615,0,11,6,1,4,1,1,34,173,1054,1,0,3,0,0,480,120,5,2010,137500
616,1,17,6,0,1,0,4,352,326,807,2,1,3,0,1,393,100,6,2006,183200
617,0,11,6,1,1,1,4,8,832,832,1,0,2,0,0,528,0,6,2008,105500
618,0,10,9,6,4,2,3,540,1774,1828,2,0,3,0,1,774,0,7,2007,314813
619,0,16,8,0,2,0,1,465,611,1482,2,1,4,0,2,749,168,8,2008,305000
620,0,15,3,8,1,1,4,355,823,864,1,0,2,1,0,0,0,9,2008,67000
621,0,6,6,3,1,1,4,232,384,1548,2,1,4,1,1,624,38,6,2008,240000
622,0,9,5,4,4,1,4,123,420,980,1,0,3,1,0,484,192,7,2009,135000
623,0,5,6,1,4,0,4,182,336,756,2,1,2,0,1,440,0,6,2007,168500
624,0,6,6,0,1,1,4,261,485,1012,1,2,4,1,1,484,148,11,2006,165150
625,1,11,6,5,4,1,4,8,1116,1116,1,1,3,1,0,440,0,2,2010,160000
626,1,11,5,5,1,1,4,8,978,1422,1,0,3,1,1,286,0,8,2007,139900
627,0,11,6,9,4,1,3,356,350,1520,1,0,3,1,2,364,0,3,2010,153000
628,1,11,5,4,4,1,3,299,390,1040,1,2,5,3,2,504,335,9,2007,135000
629,0,11,6,5,4,1,1,357,288,1350,1,1,3,1,0,520,176,6,2008,168500
630,0,7,5,0,1,1,4,8,636,1089,1,0,3,2,0,240,0,6,2006,124000
631,0,10,8,0,2,0,2,55,1530,1554,2,0,2,0,1,627,156,8,2007,209500
632,0,6,7,4,4,1,4,137,564,1411,2,0,3,1,1,544,192,4,2009,82500
633,0,11,5,5,1,1,4,358,108,1056,1,0,3,1,0,260,390,7,2007,139400
634,0,7,6,4,1,1,4,244,0,1056,0,0,0,1,0,576,264,6,2010,144000
635,0,23,6,0,1,3,4,426,1184,1440,2,0,8,3,0,0,0,3,2007,200000
636,0,8,2,9,1,3,4,8,264,800,1,0,1,3,1,0,0,1,2009,60000
637,0,7,5,5,1,1,4,8,811,811,2,0,3,0,0,256,0,11,2009,93000
638,0,15,5,5,1,1,4,8,796,796,1,0,2,1,0,0,328,5,2008,85000
639,0,21,8,0,1,0,3,359,366,1567,2,0,1,2,1,648,312,10,2006,264561
640,1,10,8,1,4,2,1,386,300,1518,1,1,1,2,1,588,185,4,2008,274000
641,0,5,7,0,1,0,4,360,319,1057,2,1,3,0,1,650,0,5,2007,226000
642,0,11,8,5,1,0,1,544,542,2000,2,1,4,2,3,538,269,7,2009,345000
643,0,6,5,3,4,1,4,361,0,780,2,1,4,1,0,462,208,4,2007,152000
644,0,5,9,6,2,2,2,362,645,1766,2,1,2,2,1,478,195,10,2009,370878
645,1,11,6,4,1,1,4,363,664,981,1,1,3,1,0,576,0,3,2007,143250
646,0,11,5,1,1,1,4,8,0,1048,1,0,3,1,0,420,0,7,2008,98300
647,1,15,6,5,2,1,2,444,594,1094,1,0,3,1,2,495,0,6,2008,155000
648,0,11,6,1,4,1,4,8,756,1051,1,1,4,1,1,442,0,6,2010,155000
649,0,14,4,6,1,1,3,365,0,630,1,0,1,1,0,0,0,12,2007,84500
650,0,5,7,6,4,0,4,8,813,822,2,1,3,0,0,562,0,5,2008,205950
651,0,15,4,1,1,1,2,8,755,755,1,0,4,1,1,296,120,10,2009,108000
652,0,0,7,0,1,0,4,8,880,909,2,1,2,0,1,512,0,7,2009,191000
653,0,13,6,1,1,1,4,8,756,756,1,0,3,1,0,216,57,6,2008,135000
654,1,3,8,1,4,0,1,366,413,2113,2,1,2,0,1,839,236,8,2008,350000
655,0,22,6,11,4,1,4,8,525,525,1,1,3,1,0,264,0,3,2010,88000
656,1,11,5,3,4,0,4,367,247,1053,1,1,3,0,0,312,0,8,2008,145500
657,0,2,7,2,1,1,4,8,776,851,1,1,3,1,1,270,0,2,2008,149000
658,0,11,6,0,1,1,4,8,912,912,1,0,3,1,1,330,192,1,2010,97500
659,0,15,5,1,1,1,4,323,849,1486,1,0,3,1,0,480,0,3,2009,167000
660,0,6,7,4,4,1,4,8,793,1142,2,1,3,1,1,550,0,11,2007,197900
661,2,3,8,0,4,0,4,368,88,1686,2,1,4,0,1,711,517,7,2009,402000
662,0,11,6,5,4,1,4,8,1392,1392,1,0,2,1,2,576,0,7,2009,110000
663,0,15,4,4,1,1,3,542,38,1181,2,0,3,1,0,588,0,4,2008,137500
664,2,5,8,0,1,0,2,370,356,2097,1,1,1,2,1,1134,192,1,2006,423000
665,1,17,8,0,4,0,4,8,1406,1454,2,1,3,0,1,504,188,11,2006,230500
666,1,11,6,4,3,1,4,371,111,1465,2,1,3,1,1,596,0,8,2007,129000
667,0,12,6,3,4,1,4,372,270,1679,2,0,3,0,1,575,224,10,2008,193500
668,0,9,5,5,1,1,4,373,200,1437,1,1,3,1,1,576,304,11,2006,168000
669,0,2,4,1,1,1,4,8,700,1180,1,0,2,3,1,252,0,7,2006,137500
670,0,0,6,0,1,0,4,374,545,738,2,1,3,0,0,540,100,2,2009,173500
671,0,15,6,5,1,1,4,483,121,697,2,0,3,1,0,300,147,7,2009,103600
672,1,1,6,4,1,0,4,376,441,1208,1,1,3,1,1,546,198,6,2006,165000
673,0,2,6,6,4,1,4,377,291,1839,2,0,3,0,2,416,0,6,2007,257500
674,0,11,6,3,1,1,4,378,244,1136,1,0,3,1,1,384,426,7,2008,140000
675,0,20,6,10,1,1,4,379,544,855,2,1,3,1,1,440,28,4,2009,148500
676,0,7,4,8,1,1,4,8,1095,1095,2,0,4,1,0,779,0,5,2006,87000
677,0,7,5,0,1,0,4,8,768,792,1,0,2,0,0,240,316,5,2009,109500
678,1,18,8,0,2,0,2,8,2046,2046,2,1,3,0,1,834,322,7,2009,372500
679,1,9,5,5,4,1,4,380,161,988,1,0,3,1,0,572,0,10,2007,128500
680,0,12,6,4,1,1,4,613,261,923,2,0,2,1,1,264,80,5,2010,143000
681,2,23,5,8,1,1,4,226,611,848,1,0,3,1,0,281,0,7,2009,159434
682,0,19,6,5,1,1,2,382,288,1291,1,0,2,0,1,431,307,11,2008,173000
683,1,0,9,0,2,0,3,516,567,1668,2,0,3,0,1,702,257,7,2007,285000
684,2,3,7,0,4,0,4,8,1195,1195,2,1,4,1,0,486,0,6,2010,221000
685,1,18,7,3,1,0,2,615,180,1190,2,0,3,0,1,577,219,9,2007,207500
686,0,5,7,0,1,0,4,8,874,874,3,0,3,0,0,578,144,8,2007,227875
687,2,5,7,1,1,0,4,384,312,551,2,1,2,0,0,480,0,3,2007,148800
688,0,18,8,1,4,0,3,385,474,1419,2,0,2,0,1,567,140,10,2007,392000
689,1,10,6,0,2,0,3,386,1342,1362,2,0,2,0,1,460,192,6,2007,194700
690,0,0,6,0,4,0,1,155,151,848,1,0,1,0,1,420,149,5,2008,141000
691,1,3,10,3,4,2,1,387,989,2444,3,1,4,2,2,832,382,1,2007,755000
692,1,16,7,1,4,0,1,388,245,1238,2,1,4,0,2,628,320,4,2006,335000
693,0,7,5,1,1,1,4,8,1073,1073,1,0,2,1,0,326,0,12,2006,108480
694,0,8,5,5,1,1,4,8,927,1067,1,1,3,1,0,576,112,4,2009,141500
695,1,16,6,3,4,1,4,389,92,1137,2,0,2,0,1,551,125,7,2006,176000
696,0,8,5,2,1,1,4,420,0,616,1,0,2,1,0,205,0,6,2006,89000
697,1,15,5,5,1,1,2,177,219,1148,1,0,2,1,0,308,0,9,2006,123500
698,0,9,5,1,1,1,4,268,224,894,1,0,3,1,1,336,416,4,2010,138500
699,2,5,7,1,1,0,2,297,1375,1391,2,0,2,0,0,530,156,7,2008,196000
700,0,16,8,0,4,0,1,602,526,1800,2,0,3,0,1,765,270,5,2006,312500
701,0,6,7,3,4,1,4,8,1164,1164,1,1,3,1,0,528,0,7,2006,140000
702,1,18,8,0,4,2,4,8,1234,1264,2,1,4,2,1,666,324,7,2006,361919
703,0,7,5,5,1,1,4,8,360,1032,2,0,4,0,1,672,344,5,2010,140000
704,0,0,7,0,4,0,3,222,761,1484,2,0,3,0,0,606,0,5,2010,213000
705,0,13,4,2,1,3,4,8,0,372,2,0,3,3,0,0,0,7,2010,55000
706,2,19,7,4,2,1,1,307,424,1824,2,0,2,0,2,739,380,6,2007,302000
707,0,10,8,1,4,0,4,390,461,1324,2,0,2,0,1,550,192,12,2009,254000
708,1,17,7,0,1,0,3,8,728,728,2,1,3,0,1,400,100,7,2007,179540
709,1,9,5,3,3,1,4,8,876,904,1,0,3,1,0,408,0,12,2008,109900
710,1,8,3,0,1,0,4,8,270,729,1,0,2,1,0,0,0,7,2008,52000
711,0,13,4,1,1,1,2,8,859,859,1,0,2,1,0,384,68,1,2010,102776
712,1,18,8,3,1,0,2,376,461,1228,2,0,2,0,1,472,168,10,2008,189000
713,0,8,4,3,4,1,3,243,171,960,1,0,3,1,0,576,0,5,2006,129000
714,1,9,6,4,4,0,4,391,192,725,2,1,3,0,0,475,0,3,2010,130500
715,0,6,6,3,4,1,4,8,1064,1350,2,0,3,1,1,478,0,8,2009,165000
716,0,7,7,0,1,1,4,8,718,1576,1,1,3,1,0,704,0,7,2007,159500
717,0,6,5,3,1,1,4,392,92,1178,1,1,3,0,1,439,224,11,2008,157000
718,0,3,7,11,4,0,1,393,138,1325,2,1,3,0,1,983,250,8,2008,341000
719,1,0,5,4,1,1,1,414,448,971,1,1,3,1,1,300,0,5,2006,128500
720,1,18,8,3,1,0,1,395,594,1742,2,0,2,0,1,564,114,12,2006,275000
721,0,0,6,0,4,0,3,365,186,848,1,0,1,0,0,420,160,5,2010,143000
722,0,11,4,1,1,1,4,396,673,864,1,0,3,1,0,463,0,7,2009,124500
723,0,15,4,1,1,1,4,8,941,997,2,0,4,1,0,548,0,5,2008,135000
724,1,15,9,6,2,2,4,518,464,1698,2,0,3,2,1,768,327,2,2009,320000
725,0,11,4,4,1,1,4,483,250,864,1,0,3,0,0,660,96,11,2009,120500
726,1,2,6,4,4,0,4,399,72,1680,2,0,3,0,1,540,292,12,2009,222000
727,0,0,7,0,2,0,3,400,508,1232,2,0,2,0,0,632,132,2,2009,194500
728,0,11,5,0,4,1,4,8,1584,1776,2,0,4,1,0,888,0,7,2009,110000
729,0,13,4,1,1,1,4,401,628,848,1,0,2,1,0,539,0,1,2009,103000
730,1,18,8,6,1,0,4,402,415,1616,2,0,2,0,1,608,237,3,2010,236500
731,1,16,7,0,4,0,3,241,82,1146,2,0,3,0,1,438,160,5,2007,187500
732,1,0,7,0,4,0,3,403,901,1153,2,1,3,0,1,541,192,7,2008,222500
733,0,9,5,3,1,1,4,337,270,1144,1,0,3,1,1,264,165,3,2009,131400
734,1,9,5,4,1,1,4,8,948,948,1,0,3,1,0,300,147,5,2007,108000
735,0,7,7,5,1,1,2,124,490,880,1,1,2,1,2,320,0,10,2006,163000
736,0,11,3,13,1,1,4,8,0,1040,2,0,2,1,0,400,0,7,2006,93500
737,1,17,8,0,1,0,4,8,893,901,2,1,3,0,1,800,0,6,2006,239900
738,0,15,5,4,1,1,1,66,0,1200,3,0,3,1,0,0,120,3,2009,179000
739,1,0,7,0,1,0,4,8,864,864,2,1,3,0,0,572,187,4,2009,190000
740,0,7,5,2,1,1,4,8,264,768,2,0,2,1,0,360,270,5,2007,132000
741,1,9,6,3,1,1,2,629,80,912,1,0,3,0,0,288,168,5,2008,142000
742,0,12,7,0,4,1,4,8,1349,1349,2,0,3,1,0,539,120,12,2007,179000
743,1,9,5,3,1,1,3,69,76,1464,2,0,3,1,1,480,302,10,2009,175000
744,1,18,8,3,1,0,4,13,604,1337,2,0,2,0,1,462,96,10,2008,180000
745,1,6,8,0,4,2,4,405,487,1175,3,1,4,0,2,831,0,7,2008,299800
746,1,17,7,0,1,0,4,79,652,980,2,1,4,0,1,554,224,4,2009,236000
747,1,7,7,8,1,0,4,8,1240,1320,1,1,4,0,1,864,181,5,2009,265979
748,1,3,7,0,4,0,4,406,801,1720,2,0,3,0,1,527,240,3,2010,260400
749,0,15,4,2,1,1,4,8,0,1088,2,0,4,1,0,240,92,4,2009,98000
750,0,7,4,5,1,1,4,8,576,792,1,0,3,1,0,0,0,6,2010,96500
751,0,17,7,0,1,0,4,8,660,660,2,1,3,0,0,400,0,8,2007,162000
752,1,0,6,0,1,1,1,66,279,1494,2,0,3,0,0,576,168,7,2006,217000
753,0,10,8,0,4,0,2,8,1030,1038,2,1,3,2,1,878,192,3,2006,275500
754,0,11,6,4,1,1,4,407,115,1026,1,0,3,0,0,440,171,7,2009,156000
755,0,5,6,1,4,1,4,613,348,742,2,1,3,1,0,440,0,3,2009,172500
756,1,0,8,0,1,0,3,386,846,866,2,1,3,0,0,578,144,4,2009,212000
757,1,9,6,3,3,1,2,409,234,672,2,1,3,1,1,440,335,4,2010,158900
758,0,5,7,1,4,1,4,524,195,757,2,1,3,1,0,440,0,8,2008,179400
759,1,3,8,0,4,0,3,313,1198,1328,2,1,4,0,1,752,222,11,2007,290000
760,0,11,6,5,1,1,4,411,252,864,1,0,2,1,0,300,0,10,2009,127500
761,0,8,5,5,1,1,2,86,740,1301,1,0,2,3,0,440,0,10,2009,100000
762,0,5,7,0,1,1,2,55,732,764,2,1,3,0,0,614,169,6,2010,215200
763,0,3,8,0,4,0,2,581,89,1268,2,1,3,0,1,856,0,7,2009,337000
764,1,1,8,7,1,0,3,413,0,1494,1,1,2,2,1,481,0,4,2006,270000
765,1,5,9,0,2,0,4,8,1498,1506,2,0,2,2,1,592,0,8,2008,264132
766,0,6,7,3,4,1,4,414,586,980,2,1,3,1,1,496,228,3,2010,196500
767,1,4,6,0,1,1,2,103,323,983,2,0,4,1,0,423,245,7,2008,160000
768,0,0,7,0,1,0,4,55,1836,1836,2,0,3,0,1,484,120,10,2006,216837
769,2,18,8,2,4,2,1,552,234,1690,3,1,4,2,1,841,503,6,2010,538000
770,1,9,5,5,1,1,3,342,173,858,1,0,2,1,0,576,120,4,2009,134900
771,0,15,4,5,1,1,4,459,0,1220,1,0,2,1,0,396,0,4,2006,102000
772,0,15,6,4,1,1,3,416,480,1117,1,0,3,1,1,672,144,3,2010,107000
773,0,11,5,5,1,1,4,31,456,912,1,0,2,1,0,275,0,7,2007,114500
774,0,10,8,0,4,0,3,8,1935,1973,2,0,3,0,1,895,315,7,2007,395000
775,0,4,6,0,4,1,4,321,338,1204,2,0,2,1,0,412,0,6,2009,162000
776,1,0,7,0,4,0,3,386,1594,1614,2,0,3,0,0,865,144,7,2006,221500
777,1,9,5,4,1,1,4,486,102,894,1,0,3,1,1,440,241,6,2006,142500
778,0,12,5,4,4,1,4,8,0,2020,2,0,4,1,2,630,0,10,2007,144000
779,0,4,6,11,4,1,1,418,0,1004,1,0,2,1,0,504,0,5,2006,135000
780,0,17,7,3,4,1,4,8,1237,1253,2,0,3,1,1,402,220,6,2007,176000
781,0,12,6,0,1,0,4,254,374,810,2,1,3,0,0,484,0,7,2006,175900
782,2,0,7,0,1,0,4,8,1413,1430,2,0,3,0,0,605,0,6,2009,187100
783,1,4,5,4,4,1,3,419,0,1110,1,0,1,0,1,602,303,7,2009,165500
784,0,7,6,2,1,1,4,8,742,742,2,0,3,1,1,0,0,6,2008,128000
785,0,6,6,5,1,1,4,420,491,1342,2,0,3,1,1,457,0,9,2009,161500
786,0,7,5,1,1,1,4,421,0,966,2,0,4,1,0,416,0,6,2010,139000
787,1,12,7,0,1,0,4,422,300,956,2,1,4,0,0,618,0,1,2010,233000
788,0,7,4,1,1,1,4,8,901,901,1,0,2,1,0,281,0,8,2008,107900
789,1,19,6,3,4,1,1,530,264,976,2,1,5,0,0,444,133,7,2007,187500
790,0,21,7,0,4,0,4,297,1129,1145,2,0,2,0,1,397,100,9,2009,160200
791,1,4,6,3,1,1,3,424,490,1062,1,0,3,1,2,539,120,5,2007,146800
792,1,3,7,1,1,0,3,425,255,1127,2,1,3,1,1,455,180,6,2007,269790
793,0,5,8,6,2,0,3,8,1496,1496,2,0,3,0,0,474,168,6,2007,225000
794,1,17,7,1,1,0,4,8,712,1086,2,1,3,0,1,409,143,10,2008,194500
795,0,12,6,3,4,1,4,8,650,888,2,1,3,1,1,476,0,4,2010,171000
796,0,9,6,4,4,1,4,8,660,1285,1,1,3,1,1,528,138,4,2007,143500
797,0,11,5,0,1,1,4,78,203,773,1,0,2,1,0,240,0,4,2008,110000
798,0,10,9,0,2,2,4,8,1926,1966,3,1,4,2,2,820,144,7,2009,485000
799,0,23,5,5,4,1,4,65,162,981,1,1,3,0,2,240,0,6,2007,175000
800,1,19,6,0,1,1,1,245,154,616,2,1,4,0,0,603,403,5,2008,200000
801,0,13,4,1,1,1,4,426,999,1196,1,0,2,1,0,440,0,7,2007,109900
802,0,0,7,2,1,0,3,60,80,728,2,1,3,0,1,410,36,10,2008,189000
803,0,10,9,0,2,2,1,8,1734,1734,3,1,4,2,1,1020,52,1,2009,582933
804,0,11,5,5,1,1,4,515,124,1128,1,0,2,1,0,286,0,6,2006,118000
805,1,5,7,0,2,0,4,8,1417,1428,2,0,3,2,0,554,0,7,2008,227680
806,0,11,5,0,1,1,3,291,100,980,2,0,3,1,0,384,68,10,2006,135500
807,0,8,5,5,1,1,1,589,15,1072,1,1,3,0,1,528,0,5,2009,223500
808,0,11,5,0,4,1,3,571,380,1086,1,0,3,1,1,484,0,6,2006,159950
809,0,7,5,9,1,1,4,8,849,1075,2,0,2,1,0,360,40,11,2009,106000
810,0,6,6,3,4,1,4,428,0,1309,1,1,3,0,1,484,265,1,2006,181000
811,0,0,6,0,4,0,1,365,186,848,1,0,1,0,1,420,140,6,2008,144500
812,0,13,5,5,1,3,3,8,540,1044,1,0,2,3,0,504,0,6,2010,55993
813,0,11,6,1,4,1,4,429,834,1442,1,1,4,1,0,301,0,4,2007,157900
814,0,15,5,8,1,1,4,8,686,686,1,1,3,3,0,280,207,7,2006,116000
815,2,0,7,0,4,1,4,8,1649,1661,2,0,3,0,0,598,0,5,2010,224900
816,1,11,5,7,1,1,4,329,522,1008,1,0,2,1,1,275,0,7,2006,137000
817,1,4,8,6,4,0,4,386,350,1689,2,0,3,0,2,857,150,7,2008,271000
818,0,19,6,3,4,1,3,297,506,1052,1,0,3,1,0,440,0,6,2010,155000
819,1,10,7,0,2,0,2,13,625,1358,2,0,2,0,1,484,192,6,2010,224000
820,1,0,7,0,1,0,4,8,798,798,2,1,3,0,0,595,0,6,2008,183000
821,0,7,4,1,1,3,4,8,936,936,1,0,2,1,0,576,0,2,2009,93000
822,1,17,7,0,1,0,1,8,847,847,2,1,3,0,1,433,100,10,2007,225000
823,0,23,6,0,1,1,4,8,778,944,2,0,3,1,1,240,335,7,2009,139500
824,0,5,8,0,1,0,4,8,1489,1489,2,0,3,0,1,776,0,6,2006,232600
825,0,10,10,6,4,2,3,430,442,2084,2,0,2,2,1,1220,188,6,2008,385000
826,0,8,5,1,1,1,4,431,0,784,1,0,2,0,0,0,0,5,2008,109500
827,1,12,7,0,1,0,4,386,1434,1434,2,0,3,0,1,527,290,4,2009,189000
828,2,19,5,4,1,1,1,432,0,1160,2,1,3,1,0,538,486,6,2009,185000
829,0,5,7,1,1,0,4,8,600,520,2,1,2,0,0,480,0,7,2006,147400
830,1,11,6,3,4,1,4,433,352,1392,1,1,3,1,2,458,0,6,2008,166000
831,0,5,7,1,1,1,4,8,600,520,2,1,2,0,0,480,0,6,2006,151000
832,1,0,7,0,4,0,4,434,458,941,2,1,3,0,1,613,192,1,2010,237000
833,0,11,6,4,4,1,4,435,975,1516,1,1,3,1,0,472,0,2,2009,167000
834,0,11,5,0,4,1,4,436,572,1144,1,0,3,1,0,456,0,9,2008,139950
835,0,9,4,3,1,1,4,335,625,1067,2,0,2,0,0,436,290,2,2010,128000
836,0,7,5,0,1,1,4,437,1221,1559,1,0,2,1,0,812,0,6,2007,153500
837,0,22,6,3,4,1,4,438,153,483,1,1,2,1,0,264,0,11,2008,100000
838,0,0,5,0,1,1,4,8,1099,1099,1,1,3,0,0,352,278,6,2008,144000
839,0,15,5,1,1,1,4,118,416,768,1,0,3,1,0,240,0,5,2008,130500
840,1,23,6,5,1,1,4,439,516,810,2,0,4,3,0,400,0,3,2008,140000
841,0,7,5,1,1,1,4,8,650,958,2,0,3,0,1,686,70,6,2008,157500
842,0,11,6,3,4,1,1,132,276,1165,1,1,3,1,0,490,0,5,2008,174900
843,0,11,5,7,1,1,4,8,1800,1800,2,0,6,1,0,0,0,7,2007,141000
844,1,7,5,5,1,1,2,8,876,876,1,1,4,1,1,720,418,6,2008,153900
845,1,9,5,3,1,1,1,563,0,1701,2,0,3,1,2,611,0,1,2007,171000
846,0,12,7,3,4,0,4,441,227,1006,2,1,3,0,1,425,234,7,2009,213000
847,1,0,5,4,1,1,3,442,404,864,1,0,3,1,1,338,0,8,2009,133500
848,2,19,6,5,1,1,4,8,907,1307,3,0,5,1,1,360,486,9,2008,240000
849,0,1,6,4,4,0,4,8,528,1094,2,1,3,1,1,512,113,8,2007,187000
850,0,0,6,0,4,0,3,469,189,848,1,0,1,0,0,420,140,11,2007,131500
851,0,21,8,0,4,0,1,8,1273,1456,2,0,2,0,1,400,143,5,2006,215000
852,0,2,7,1,1,1,4,444,554,918,2,0,4,1,2,240,0,8,2007,164000
853,1,11,6,3,4,1,1,445,563,1445,1,1,3,1,1,645,180,8,2009,158000
854,0,9,5,4,1,1,2,446,372,1779,1,1,3,1,1,454,0,7,2006,170000
855,1,9,5,3,1,1,4,469,381,1040,1,1,3,1,0,260,0,4,2010,127000
856,1,0,6,3,1,1,1,447,0,1026,1,0,3,1,0,576,0,10,2008,147000
857,0,17,6,3,1,1,4,8,702,702,2,1,3,1,1,343,0,3,2009,174000
858,0,6,7,3,4,1,4,8,1090,1370,2,0,3,1,1,479,0,6,2009,152000
859,1,6,6,3,4,1,2,508,435,1512,2,1,4,0,1,619,0,8,2006,250000
860,0,2,7,5,1,0,4,8,912,912,1,1,3,0,1,216,0,6,2007,189950
861,0,9,5,3,1,1,2,183,198,1039,1,1,3,1,0,504,0,4,2010,131500
862,0,12,6,4,1,1,4,437,702,1097,2,0,3,1,0,480,0,5,2010,152000
863,0,11,5,4,1,1,4,395,0,1148,1,0,3,1,0,672,0,7,2009,132500
864,0,5,7,0,1,0,4,8,1372,1372,2,0,3,0,0,529,0,5,2008,250580
865,1,11,5,1,4,1,4,615,174,1002,1,0,3,1,0,902,0,8,2009,148500
866,1,16,8,0,2,0,3,8,1638,1646,2,0,3,0,1,870,192,11,2007,248900
867,0,9,4,0,1,1,4,448,108,1120,1,1,3,3,0,544,168,5,2007,129000
868,2,17,5,4,1,1,4,8,0,1547,2,0,2,1,1,672,120,5,2006,169000
869,0,12,7,1,4,0,4,449,300,1062,2,1,3,0,1,574,156,6,2010,236000
870,0,11,5,1,1,1,4,8,894,894,1,0,2,1,0,308,0,8,2009,109500
871,0,0,6,0,4,1,4,447,299,804,2,1,3,0,0,523,0,6,2010,200500
872,0,11,5,2,1,0,3,8,105,910,1,0,3,0,0,414,196,10,2008,116000
873,0,11,5,3,1,0,4,483,457,1036,1,0,3,1,1,288,0,9,2009,133000
874,0,7,5,5,1,1,4,8,676,676,1,1,3,1,0,200,26,8,2009,66500
875,0,5,8,6,1,0,3,450,1120,1184,2,1,4,2,1,550,208,8,2007,303477
876,0,4,4,4,1,1,1,451,431,1040,1,0,3,1,0,648,0,1,2007,132250
877,0,10,9,0,2,0,4,452,292,1462,2,1,4,2,1,738,184,6,2009,350000
878,1,9,5,3,1,1,3,453,210,1155,1,0,3,0,0,576,192,6,2010,148000
879,1,0,5,0,4,0,4,15,218,864,1,0,3,1,0,336,0,7,2009,136500
880,0,15,5,0,1,1,4,389,110,1090,1,1,2,1,0,450,0,6,2007,157000
881,1,16,7,3,4,0,2,454,254,1187,2,1,3,0,1,400,168,4,2007,187500
882,1,17,6,0,1,1,4,8,808,808,2,1,3,1,1,389,342,12,2009,178000
883,0,23,4,5,1,0,4,8,795,954,1,0,5,1,0,440,0,3,2006,118500
884,0,11,5,3,4,1,4,90,460,892,1,0,3,1,0,288,0,7,2009,100000
885,1,5,9,1,4,0,3,455,460,1709,2,0,2,0,1,506,97,1,2008,328900
886,0,11,5,1,4,1,4,456,1098,1712,2,0,4,1,0,588,272,6,2006,145000
887,1,15,5,1,1,1,4,8,816,872,1,1,3,1,0,300,121,4,2008,135500
888,1,11,8,5,1,0,1,106,1043,2217,2,0,4,0,1,621,81,10,2007,268000
889,0,11,6,5,4,1,4,457,481,1505,1,0,2,1,1,505,0,2,2009,149500
890,0,11,5,1,1,1,2,8,672,672,1,0,3,1,1,576,0,7,2007,122900
891,0,9,6,3,4,1,4,593,192,918,2,1,3,1,1,440,243,7,2009,172500
892,0,9,6,3,1,1,4,428,396,1068,1,0,3,1,0,264,192,2,2006,154500
893,0,9,5,4,1,1,2,458,319,1383,1,0,3,1,1,354,511,6,2008,165000
894,0,12,5,4,1,1,4,8,0,1535,2,0,4,1,0,400,0,6,2009,118858
895,0,11,6,3,4,1,4,291,380,983,1,1,4,1,1,483,0,10,2008,140000
896,0,13,4,5,1,1,4,459,666,951,1,0,2,1,0,327,0,4,2006,106500
897,0,12,5,4,1,1,4,8,0,1120,2,0,6,1,0,528,154,6,2009,142953
898,1,10,9,0,2,2,1,460,142,2364,2,1,2,2,2,820,0,3,2010,611657
899,0,9,5,4,1,1,4,461,447,1236,1,0,3,1,1,288,0,6,2006,135000
900,1,11,4,3,1,1,4,462,536,858,1,0,2,1,0,684,0,6,2007,110000
901,1,11,5,1,1,1,2,463,132,1306,1,0,2,1,0,756,0,5,2009,153000
902,0,17,7,0,1,0,4,8,783,807,2,1,3,0,1,393,0,7,2006,180000
903,1,17,7,0,4,0,4,8,1670,1670,2,0,3,0,1,690,144,8,2006,240000
904,1,9,5,5,4,1,4,477,277,902,1,0,3,1,0,288,0,8,2007,125500
905,0,11,5,3,2,1,4,465,412,1063,1,0,3,1,0,280,0,2,2010,128000
906,1,5,8,0,2,0,4,466,1560,1636,2,0,3,0,1,865,0,6,2007,255000
907,1,2,7,7,1,0,4,467,794,1020,1,1,3,0,1,180,0,6,2006,250000
908,1,4,5,3,1,1,3,468,239,902,1,0,2,1,0,484,164,6,2006,131000
909,2,17,6,0,1,0,4,8,742,742,2,1,3,0,1,390,36,6,2009,174000
910,0,11,5,1,4,1,4,469,662,1105,2,0,5,1,0,480,0,1,2010,154300
911,1,0,5,4,1,1,3,435,1072,1268,1,1,3,0,0,252,173,10,2009,143500
912,0,8,5,1,1,1,4,470,279,1015,1,0,3,1,0,450,0,7,2006,88000
913,0,2,5,1,1,1,4,471,717,1001,2,0,4,1,0,871,0,8,2007,145000
914,0,5,6,0,2,0,3,472,318,612,2,1,2,0,0,528,0,6,2009,173733
915,0,14,4,6,4,1,4,8,546,546,1,1,3,1,0,286,0,1,2007,75000
916,0,13,2,9,1,1,3,245,430,480,0,0,1,1,0,308,0,10,2006,35311
917,0,15,4,0,1,1,4,516,75,1229,1,0,3,1,0,284,0,4,2009,135000
918,1,12,7,3,1,0,2,540,422,912,2,1,4,0,1,833,72,11,2007,238000
919,1,11,6,1,1,2,4,456,245,1414,1,0,3,1,1,601,0,5,2008,176500
920,1,12,6,3,4,0,4,473,114,936,2,1,3,0,0,471,300,7,2007,201000
921,0,15,5,1,1,1,4,392,188,1272,2,2,4,1,0,0,0,9,2008,145900
922,0,17,6,0,1,0,4,435,1288,1316,2,0,3,0,1,397,100,10,2006,169990
923,0,12,6,4,1,0,4,474,598,1617,2,0,2,0,1,533,0,7,2008,193000
924,0,6,6,4,4,1,4,148,0,1686,2,0,3,1,1,612,384,5,2006,207500
925,1,6,5,0,1,1,3,376,266,1126,2,0,3,2,0,540,180,3,2008,175000
926,0,10,8,0,4,0,4,8,1181,1234,2,1,4,2,1,656,104,5,2007,285000
927,0,6,7,1,4,1,4,475,280,1098,2,1,4,1,1,486,0,4,2008,176000
928,0,0,8,0,1,0,3,8,1753,1788,2,0,3,2,1,522,202,6,2009,236500
929,1,17,7,3,4,1,4,8,964,993,2,1,4,0,1,642,0,11,2006,222000
930,1,16,8,0,1,0,3,297,1450,1466,2,0,3,0,0,610,100,7,2009,201000
931,0,11,5,0,1,1,4,437,121,925,1,0,2,1,0,429,0,7,2009,117500
932,1,5,9,11,2,2,4,8,1905,1905,2,0,3,2,1,788,0,3,2007,320000
933,0,0,7,0,4,0,3,386,1480,1500,2,0,3,0,0,570,192,8,2009,190000
934,2,11,7,5,1,1,1,585,160,2069,2,0,4,0,1,505,0,11,2008,242000
935,1,8,4,1,4,1,2,8,600,747,1,0,1,1,0,528,0,6,2006,79900
936,0,12,7,0,4,0,4,476,343,1200,2,0,2,0,0,555,0,8,2009,184900
937,0,5,7,0,1,0,2,140,772,1113,2,1,3,0,1,689,0,2,2009,253000
938,0,0,7,0,1,0,2,477,927,1391,2,1,3,0,0,868,0,8,2006,239799
939,0,19,7,1,1,1,2,8,1032,1207,2,0,4,1,2,349,56,6,2010,244400
940,1,4,6,4,1,1,1,478,396,1728,2,0,4,1,0,574,40,7,2006,150900
941,1,17,7,0,4,0,4,479,220,1022,2,1,3,0,1,390,0,6,2009,214000
942,1,15,4,1,1,1,1,480,0,1440,2,0,4,1,0,0,321,8,2007,150000
943,0,4,5,4,1,1,3,8,1632,1632,2,0,4,1,0,576,0,6,2007,143000
944,1,16,6,3,4,1,4,289,354,1344,1,0,3,0,1,525,0,1,2009,137500
945,0,7,5,0,1,1,4,128,0,1188,1,0,2,1,0,456,48,9,2009,124900
946,0,11,5,3,4,1,3,481,102,1144,1,0,3,1,1,796,86,3,2006,143000
947,0,16,8,0,4,0,3,91,316,1629,2,0,3,0,1,808,0,11,2007,270000
948,1,0,7,0,4,0,4,8,936,936,2,1,3,0,1,474,144,2,2006,192500
949,0,6,6,4,1,1,4,601,179,1381,1,1,3,0,1,676,0,3,2010,197500
950,0,11,5,0,1,1,4,483,317,864,1,0,3,0,0,720,194,7,2007,129000
951,0,12,5,0,1,1,4,208,187,965,1,0,3,1,0,300,421,7,2006,119900
952,0,0,5,3,1,1,3,103,108,768,1,0,2,1,0,396,192,4,2009,133900
953,1,4,5,3,4,1,3,568,29,1168,2,1,4,1,1,530,305,9,2008,172000
954,1,15,6,4,4,1,1,385,0,980,2,0,4,1,0,0,0,10,2006,127500
955,1,2,6,1,4,1,4,568,495,979,2,0,4,1,0,492,0,8,2007,145000
956,0,24,6,1,1,1,4,459,276,561,1,1,2,1,1,462,150,5,2009,124000
957,0,9,5,1,1,1,4,486,640,1057,1,0,3,1,0,576,0,4,2007,132000
958,0,0,7,0,1,0,2,487,638,1337,2,0,3,0,0,531,0,10,2007,185000
959,0,5,7,1,1,0,4,504,92,696,2,1,3,0,0,484,0,5,2010,155000
960,1,8,5,4,1,1,1,488,162,858,1,0,2,1,0,0,117,2,2010,116500
961,1,6,6,3,4,1,4,489,434,1542,2,1,4,1,1,619,550,7,2008,272000
962,0,20,6,10,1,1,4,490,248,804,2,1,3,0,1,440,48,7,2007,155000
963,1,0,9,0,1,0,4,8,1800,1800,2,0,2,2,0,702,288,5,2009,239000
964,0,16,7,0,4,0,4,357,193,824,2,1,4,0,1,510,0,2,2010,214900
965,0,17,6,0,1,0,4,8,783,783,2,1,3,0,1,393,0,7,2007,178900
966,1,2,5,1,1,0,4,228,300,976,1,1,2,1,2,256,0,6,2009,160000
967,1,11,5,5,4,1,4,454,196,1098,1,0,3,1,0,260,0,7,2008,135000
968,0,7,3,0,1,1,4,8,600,600,1,0,2,1,0,0,0,5,2009,37900
969,0,11,6,3,4,1,1,441,75,1095,1,0,2,1,0,264,0,3,2006,140000
970,0,11,4,9,1,1,4,8,720,720,1,1,4,1,0,0,0,12,2006,135000
971,0,10,7,2,2,0,4,83,197,764,2,0,2,0,0,474,0,7,2009,173000
972,0,12,6,4,1,1,4,8,918,918,2,0,2,1,1,264,28,4,2010,99500
973,0,5,7,6,4,0,4,8,1428,1428,2,0,3,0,0,480,0,12,2008,182000
974,1,8,7,3,1,1,4,8,728,1136,1,0,3,0,0,532,509,10,2009,167500
975,0,5,7,1,1,0,4,208,32,673,2,1,3,0,0,490,153,4,2006,165000
976,1,8,4,5,1,1,4,8,440,869,1,0,2,3,0,0,0,8,2006,85500
977,1,5,7,0,4,0,4,491,135,1241,1,1,1,0,0,569,0,11,2007,199900
978,0,15,4,1,1,1,4,475,342,894,1,0,3,1,0,400,0,5,2007,110000
979,0,9,5,0,1,1,4,554,470,1121,1,0,3,1,0,480,0,6,2009,139000
980,1,11,7,6,2,2,3,493,77,999,1,0,3,2,0,588,144,7,2008,178400
981,1,3,8,0,4,0,4,494,371,1276,2,1,4,0,1,676,250,7,2009,336000
982,0,21,7,0,4,0,3,8,1266,1266,2,0,2,0,1,388,100,3,2008,159895
983,0,0,8,6,1,0,2,8,1128,1149,2,1,4,0,1,779,0,5,2008,255900
984,0,4,5,4,1,1,4,8,0,1302,2,0,4,0,0,539,0,8,2009,126000
985,0,15,5,1,1,1,4,433,124,1164,1,0,3,1,0,240,0,8,2008,125000
986,0,7,6,0,1,1,4,8,485,1001,1,0,2,0,0,255,394,6,2006,117000
987,1,10,9,0,2,2,3,495,284,1940,2,1,3,2,1,606,168,4,2010,395192
988,1,6,6,4,4,1,4,439,692,1118,2,1,4,0,1,551,0,6,2007,195000
989,0,5,7,0,1,0,4,8,770,778,2,1,3,0,0,614,0,8,2006,197000
990,0,3,8,0,4,0,4,496,322,1407,2,1,3,0,1,870,0,6,2006,348000
991,0,7,8,5,1,0,4,3,700,916,1,1,4,0,1,424,0,11,2009,168000
992,0,11,6,5,4,1,1,497,169,1020,2,1,3,0,1,440,239,7,2007,187000
993,0,0,6,0,1,1,4,8,750,750,2,1,3,0,0,564,0,8,2006,173900
994,0,10,10,6,2,2,1,498,528,1718,2,0,3,2,1,786,216,7,2009,337500
995,1,8,4,1,1,1,4,38,363,774,1,1,3,1,0,305,0,8,2006,121600
996,1,11,5,5,1,1,4,499,135,1050,1,0,3,1,0,368,0,1,2006,136500
997,1,6,6,3,4,1,4,8,1442,1442,2,0,2,1,1,615,371,2,2009,185000
998,0,13,3,5,1,1,4,8,1007,1077,1,0,3,1,1,210,0,5,2006,91000
999,0,0,7,0,2,0,3,421,501,1208,2,0,2,0,0,632,105,2,2010,206000
1000,0,15,3,10,1,1,4,8,0,944,1,0,2,3,0,528,0,7,2009,82000
1001,0,7,5,5,1,1,4,8,691,691,1,0,2,2,0,216,0,1,2007,86000
1002,1,5,8,0,4,0,4,55,1550,1574,2,0,3,0,1,824,144,7,2008,232000
1003,1,6,5,0,4,1,4,8,1680,1680,2,0,4,1,0,528,0,6,2007,136905
1004,0,21,7,0,4,0,4,297,1330,1504,2,0,1,0,1,457,156,5,2009,181000
1005,0,0,5,3,4,0,3,500,390,985,2,0,3,1,0,328,210,11,2008,149900
1006,3,11,6,4,1,1,4,501,420,1657,2,0,3,1,1,484,0,3,2007,163500
1007,0,14,4,6,1,1,4,502,0,546,1,1,3,1,0,286,238,8,2009,88000
1008,1,4,7,0,2,0,2,8,1710,1710,2,0,3,0,1,550,100,4,2009,240000
1009,0,23,5,5,1,1,4,8,1008,1008,2,0,4,1,0,0,0,6,2006,102000
1010,0,9,5,5,1,1,4,8,720,720,2,0,4,1,1,312,0,8,2008,135000
1011,0,15,5,12,1,1,4,8,0,1664,2,0,4,1,0,0,0,5,2010,100000
1012,0,2,6,5,1,1,4,8,602,900,1,1,3,0,2,180,96,8,2007,165000
1013,0,7,5,8,1,1,4,261,310,1022,1,0,2,1,0,280,0,6,2009,85000
1014,0,11,6,1,4,1,4,52,746,1082,1,0,2,1,1,240,0,11,2007,119200
1015,0,6,8,0,1,0,4,26,167,810,2,1,3,0,0,528,0,11,2009,227000
1016,0,0,7,0,4,0,1,237,814,1504,2,0,3,0,1,478,115,6,2009,203000
1017,1,18,8,3,1,0,3,127,184,1360,1,0,1,0,1,565,63,8,2009,187500
1018,1,17,7,3,4,0,4,8,384,802,2,1,3,0,1,402,164,5,2007,160000
1019,0,21,7,0,4,0,1,297,1346,1506,2,0,2,0,1,440,142,4,2006,213490
1020,0,15,4,0,1,1,4,457,108,1132,1,1,2,0,0,451,252,6,2008,176000
1021,0,0,7,0,2,0,3,503,515,1220,2,0,2,0,0,632,105,7,2006,194000
1022,0,7,5,5,1,1,4,504,588,912,1,0,2,1,0,160,0,3,2007,87000
1023,0,21,7,0,4,0,4,297,1330,1504,2,0,2,0,1,437,156,5,2008,191000
1024,1,16,8,3,1,0,3,505,0,2898,2,0,2,0,1,665,0,5,2008,287000
1025,0,0,5,0,1,1,4,506,276,882,1,0,3,1,0,461,96,3,2007,112500
1026,0,11,5,3,4,1,4,155,571,1264,1,0,3,1,2,461,0,4,2010,167500
1027,1,16,8,0,2,0,1,507,125,1646,2,0,3,0,1,800,192,4,2008,293077
1028,0,11,5,2,1,1,4,502,359,968,1,0,3,1,1,240,0,4,2007,105000
1029,0,22,6,3,4,1,4,508,355,672,1,1,3,1,0,264,0,5,2006,118000
1030,0,23,5,0,1,1,2,8,686,948,2,0,5,1,0,0,0,7,2006,160000
1031,0,23,7,4,1,1,4,414,301,1687,2,1,5,1,2,672,136,8,2009,197000
1032,1,3,8,1,1,0,4,511,326,1352,2,1,5,0,1,796,209,11,2006,310000
1033,0,0,7,0,2,0,4,250,668,1654,2,0,3,0,0,900,0,2,2006,230000
1034,0,2,5,1,1,1,4,8,920,954,1,0,2,3,1,240,0,6,2007,119750
1035,1,15,4,5,1,1,4,8,0,845,1,0,3,1,0,290,186,1,2009,84000
1036,1,16,9,0,2,0,1,529,598,1620,2,0,2,2,1,912,228,9,2009,315500
1037,0,0,8,0,4,0,4,8,1055,1055,2,1,3,0,1,905,0,9,2008,287000
1038,0,14,4,6,1,1,4,8,546,798,1,1,3,1,1,0,0,5,2009,97000
1039,0,14,4,6,1,1,3,511,121,630,1,0,1,1,0,286,0,4,2009,80000
1040,0,9,5,5,3,1,4,279,284,1803,2,0,3,1,1,484,0,1,2006,155000
1041,0,6,6,3,4,1,4,291,336,800,1,1,4,0,0,484,0,7,2008,173000
1042,1,10,6,0,2,0,3,512,406,1306,2,0,1,0,1,624,170,8,2009,196000
1043,0,12,7,3,4,1,4,513,390,1532,2,1,4,0,1,514,192,5,2008,262280
1044,0,6,8,7,1,0,4,514,1420,2524,2,1,4,0,1,542,474,7,2009,278000
1045,1,15,3,5,1,1,4,8,0,1733,2,0,4,1,1,452,0,6,2009,139600
1046,1,18,9,6,2,0,3,515,1752,1992,3,1,4,2,1,716,214,7,2006,556581
1047,2,0,5,0,1,1,4,421,304,990,1,0,3,1,0,672,0,2,2008,145000
1048,0,4,5,3,4,1,4,8,0,1771,1,0,3,1,1,336,0,11,2009,115000
1049,0,15,4,1,1,1,4,8,0,930,1,0,2,0,0,308,0,4,2010,84900
1050,1,17,7,0,1,0,3,8,1302,1302,2,0,3,0,0,436,0,8,2007,176485
1051,1,0,7,0,1,0,3,8,1316,1316,2,0,3,0,1,440,0,10,2007,200141
1052,0,11,6,0,3,1,4,335,374,1127,1,1,4,1,1,540,0,6,2007,165000
1053,0,15,5,3,2,1,3,516,833,1526,1,0,4,1,1,364,116,5,2010,144500
1054,0,0,8,0,4,0,2,448,133,1091,2,1,3,0,1,586,199,11,2006,255000
1055,0,6,6,4,4,1,4,517,549,1523,2,0,3,1,1,478,0,5,2008,180000
1056,1,10,7,0,2,0,3,469,705,1364,2,0,2,0,1,484,192,6,2006,185850
1057,2,3,7,3,1,0,4,500,378,979,2,1,3,0,1,467,168,1,2009,248000
1058,1,10,9,0,2,2,3,478,168,1130,2,1,3,2,1,836,0,7,2009,335000
1059,1,2,6,1,4,1,2,121,0,1096,1,1,3,1,1,432,0,3,2007,220000
1060,0,18,8,6,1,0,2,420,722,1338,2,0,2,0,0,582,0,4,2010,213500
1061,0,13,3,1,1,3,4,8,894,894,1,0,2,1,0,1248,0,8,2008,81000
1062,0,7,5,5,1,1,4,8,662,1422,2,0,5,1,0,560,0,9,2007,90000
1063,0,7,6,1,1,1,4,518,706,1103,1,0,2,0,1,440,166,7,2006,110500
1064,1,11,5,4,4,1,2,519,184,1154,1,1,3,1,1,480,0,11,2009,154000
1065,0,19,7,5,1,0,1,54,105,1306,2,1,3,0,0,533,296,4,2010,328000
1066,1,17,6,0,1,0,4,8,799,799,2,1,3,1,1,380,0,5,2009,178000
1067,0,11,6,3,4,1,1,356,0,798,1,1,4,1,0,442,328,6,2008,167900
1068,0,14,6,6,1,1,4,520,105,1291,2,1,5,1,1,576,728,6,2006,151400
1069,0,11,5,1,1,1,4,521,625,893,1,0,2,0,0,576,0,5,2007,135000
1070,0,11,5,1,4,1,4,557,462,1048,1,0,3,1,0,286,0,6,2007,135000
1071,0,6,6,1,1,1,4,230,429,829,1,1,4,1,0,441,0,5,2009,154000
1072,0,15,5,1,1,1,2,8,810,1002,1,0,4,1,1,280,0,8,2006,91500
1073,1,15,6,4,4,1,4,523,155,698,1,1,3,1,0,440,252,7,2009,159500
1074,0,0,7,0,1,0,3,8,1240,1240,2,0,2,0,0,826,140,5,2007,194000
1075,0,2,7,5,1,1,4,524,390,960,1,1,3,1,2,240,0,7,2007,219500
1076,0,7,5,5,1,1,4,122,170,1096,2,0,3,0,1,566,436,4,2006,170000
1077,1,11,5,4,1,1,2,525,230,1096,1,0,3,1,0,299,240,3,2006,138800
1078,0,0,6,0,4,0,2,365,186,848,1,0,1,0,1,420,140,5,2006,155900
1079,0,0,5,0,1,1,4,289,495,990,1,0,3,1,0,299,0,4,2007,126000
1080,0,6,6,0,4,0,4,422,602,1258,2,0,3,0,0,528,55,10,2008,145000
1081,0,9,5,3,1,1,4,526,216,1040,1,1,3,1,0,308,0,6,2010,133000
1082,0,0,7,0,4,0,4,8,1459,1459,2,0,3,0,1,527,192,9,2007,192000
1083,0,11,6,3,4,1,4,268,698,1251,1,0,3,1,2,461,0,3,2006,160000
1084,2,17,6,3,1,1,4,527,99,691,2,1,3,1,1,409,315,7,2006,187500
1085,0,12,6,3,1,1,3,435,189,996,1,0,2,0,0,564,120,4,2010,147000
1086,0,14,4,6,1,1,4,216,212,546,1,1,3,1,0,286,120,5,2010,83500
1087,0,5,8,0,1,0,2,8,1082,1082,2,1,3,0,1,1043,160,5,2009,252000
1088,0,15,7,0,2,0,4,8,970,970,2,0,3,0,0,380,0,4,2006,137500
1089,1,5,8,1,1,0,4,528,208,1247,1,1,1,0,1,550,0,4,2006,197000
1090,0,11,3,7,1,1,4,8,0,1040,2,0,2,1,0,400,0,6,2009,92900
1091,0,5,7,1,4,0,4,529,90,624,2,1,2,0,0,462,0,3,2008,160000
1092,0,23,6,1,1,1,4,530,758,1390,2,0,4,1,1,576,342,6,2008,136500
1093,0,11,5,1,4,1,2,531,203,1200,1,1,1,0,0,884,0,10,2006,146000
1094,0,11,5,1,1,1,4,589,448,936,1,0,2,1,0,308,0,5,2010,129000
1095,1,0,6,0,1,0,4,55,1290,1314,2,0,3,0,1,440,0,3,2007,176432
1096,0,13,6,5,1,1,4,8,684,773,1,1,3,0,0,0,136,3,2007,127000
1097,0,18,8,3,1,0,4,8,1074,1088,1,1,2,0,0,461,0,10,2007,170000
1098,0,8,4,1,1,1,4,221,0,757,1,0,3,1,0,240,0,7,2009,128000
1099,1,6,7,4,4,1,4,533,567,1601,2,0,3,1,1,478,0,4,2009,157000
1100,0,23,2,5,1,1,4,327,0,438,1,0,1,3,0,246,0,1,2009,60000
1101,1,11,5,1,1,1,4,581,251,950,1,0,3,1,0,280,0,7,2007,119500
1102,0,11,5,5,4,1,4,313,422,1134,1,0,2,1,0,254,0,4,2007,135000
1103,0,11,6,7,1,1,2,4,0,1194,1,0,3,1,1,539,0,7,2006,159500
1104,0,22,5,3,4,1,4,8,630,630,2,1,3,1,0,440,0,4,2007,106000
1105,1,3,8,3,4,0,3,535,431,1500,2,1,3,0,2,712,186,4,2010,325000
1106,1,12,7,3,1,0,2,360,172,1442,2,0,3,0,1,719,0,5,2007,179900
1107,3,17,7,0,1,0,4,8,868,887,2,1,3,0,1,422,0,9,2006,274725
1108,0,17,6,0,1,1,4,8,924,948,2,1,3,1,1,463,100,11,2007,181000
1109,1,10,8,1,2,0,2,528,797,1836,2,0,3,0,1,862,125,3,2009,280000
1110,0,17,6,3,1,1,4,536,554,773,2,1,3,1,1,431,224,6,2008,188000
1111,0,6,7,4,4,1,4,474,400,1098,2,1,4,1,1,483,0,9,2008,205000
1112,1,11,5,2,1,1,4,537,108,816,1,0,2,1,0,308,0,7,2006,129900
1113,0,11,5,5,1,1,4,26,365,1008,1,0,2,0,0,240,0,5,2007,134500
1114,0,7,5,1,1,1,4,552,418,833,1,0,2,0,0,326,0,8,2006,117000
1115,0,10,8,0,2,0,4,539,730,1734,2,0,3,2,1,928,0,11,2007,318000
1116,0,17,8,0,1,0,4,540,55,779,2,1,3,0,1,527,120,3,2009,184100
1117,1,9,5,0,1,1,4,541,192,894,1,0,3,0,0,450,0,5,2008,130000
1118,0,9,5,1,1,1,4,8,533,1021,1,0,3,1,0,300,280,12,2008,140000
1119,0,11,5,5,1,1,4,542,671,1040,1,0,3,1,0,286,140,7,2006,133700
1120,0,13,6,7,1,1,4,8,1012,1012,1,0,2,1,1,308,0,5,2007,118400
1121,0,0,7,0,4,0,3,55,1528,1552,2,0,3,0,0,782,144,7,2006,212900
1122,1,15,4,9,1,1,4,8,672,960,1,0,3,1,0,288,64,10,2009,112000
1123,0,15,5,0,1,1,4,8,698,698,1,0,2,1,0,0,0,6,2009,118000
1124,1,17,7,3,4,1,4,8,384,812,2,1,3,0,1,392,100,7,2007,163900
1125,0,11,4,4,1,1,4,8,1005,1005,1,0,2,3,1,672,0,11,2009,115000
1126,0,21,7,0,4,0,4,8,1373,1555,2,0,2,0,1,660,143,6,2009,174000
1127,3,17,7,0,1,0,3,91,230,1530,2,0,3,0,1,630,144,11,2007,259000
1128,1,17,7,0,1,0,3,8,847,847,2,1,4,0,1,434,100,7,2007,215000
1129,0,7,5,1,4,1,1,478,0,936,1,0,2,1,0,672,49,8,2007,140000
1130,0,23,4,4,1,1,4,543,500,1328,2,0,4,0,2,576,431,12,2009,135000
1131,0,4,5,3,1,1,2,544,762,974,1,0,3,1,0,0,0,9,2007,93500
1132,0,7,6,5,1,1,2,8,1008,1178,2,0,5,3,0,205,0,5,2007,117500
1133,1,12,8,0,1,0,4,314,544,1142,2,1,3,0,1,466,0,6,2009,239500
1134,1,17,6,0,1,1,3,8,916,916,2,1,3,1,1,460,100,8,2007,169000
1135,0,8,6,5,1,1,4,8,960,986,1,0,2,1,1,180,0,5,2007,102000
1136,0,11,6,0,1,1,4,29,752,1032,1,0,3,1,0,288,0,4,2008,119000
1137,0,9,5,0,1,1,4,8,780,780,1,0,2,1,0,0,0,5,2010,94000
1138,1,4,6,11,1,1,1,281,0,1567,2,0,2,0,2,714,264,5,2009,196000
1139,1,8,5,8,1,1,4,545,270,1167,1,0,3,1,1,495,0,5,2007,144000
1140,0,11,5,3,1,1,2,546,100,952,1,0,2,1,0,840,0,6,2008,139000
1141,1,6,5,4,4,1,4,613,399,1088,2,1,4,0,1,484,448,10,2009,197500
1142,0,0,8,0,2,0,1,566,316,1466,3,0,4,0,1,1052,125,4,2007,424870
1143,0,9,5,4,1,1,4,112,718,1006,1,0,3,1,0,0,0,7,2008,80000
1144,0,15,4,1,1,1,4,446,324,672,1,0,2,3,0,280,0,7,2010,80000
1145,0,8,5,1,1,1,4,8,1042,1042,1,0,3,1,1,225,0,8,2006,149000
1146,0,12,6,2,4,0,4,610,40,1298,2,0,3,0,1,403,165,5,2006,180000
1147,0,2,7,1,1,1,4,549,429,860,1,1,3,3,1,234,0,7,2009,174500
1148,0,7,7,5,1,1,4,8,572,572,1,0,2,1,1,288,0,8,2008,116900
1149,0,7,7,0,1,1,4,357,26,832,1,0,3,1,0,324,0,7,2009,143000
1150,1,11,6,7,1,1,4,8,932,932,1,0,2,0,1,306,0,11,2007,124000
1151,0,15,5,4,4,1,4,550,1290,1466,1,1,3,3,2,528,0,11,2006,149900
1152,1,2,6,13,1,1,4,551,230,1811,1,0,2,2,1,470,0,7,2006,230000
1153,0,13,6,5,1,0,3,552,278,816,1,0,2,1,0,432,0,6,2008,120500
1154,1,11,7,0,2,1,1,346,410,902,1,2,4,0,2,492,60,5,2008,201800
1155,1,1,5,4,1,0,1,553,280,1437,2,0,3,0,1,528,0,7,2007,218000
1156,0,11,5,7,1,1,1,451,586,1265,2,0,3,0,1,502,0,10,2008,179900
1157,1,10,7,0,2,0,4,173,410,1314,2,0,2,0,1,626,172,7,2009,230000
1158,0,5,8,0,2,0,4,8,1580,1580,2,0,3,0,0,830,0,6,2008,235128
1159,0,6,6,3,4,0,4,335,459,943,2,1,4,0,1,540,0,7,2008,185000
1160,0,20,6,10,1,1,4,379,544,855,2,1,3,1,1,440,26,7,2010,146000
1161,1,2,6,3,4,0,4,336,568,1640,1,0,3,0,1,924,108,11,2008,224000
1162,0,9,5,0,1,1,4,554,402,894,1,0,3,1,1,450,0,5,2007,129000
1163,0,9,4,4,1,1,3,555,0,1258,0,2,0,1,0,400,120,1,2008,108959
1164,1,1,5,4,1,1,1,96,289,1432,1,1,2,0,1,588,168,6,2007,194000
1165,1,10,7,0,2,0,4,8,1502,1502,2,0,3,0,0,644,0,9,2009,233170
1166,1,0,8,0,2,0,3,8,1694,1694,2,0,3,0,0,776,160,2,2010,245350
1167,1,17,6,0,1,1,4,241,173,959,2,1,3,1,1,472,0,2,2006,173000
1168,0,15,6,8,1,1,4,122,501,1236,2,0,4,0,2,540,0,7,2008,235000
1169,1,3,10,3,4,0,1,556,543,1831,3,1,4,0,1,807,361,7,2006,625000
1170,0,4,6,4,1,1,3,557,574,1118,1,0,3,1,1,358,203,7,2008,171000
1171,0,11,6,1,1,1,4,365,599,1261,1,0,3,1,1,433,0,11,2008,163000
1172,1,5,7,1,1,0,4,8,625,625,2,1,2,0,0,625,0,3,2008,171900
1173,1,19,5,1,1,1,4,401,977,1636,3,0,3,2,1,0,122,3,2007,200500
1174,1,2,6,5,1,1,4,159,449,1170,2,1,4,1,1,360,0,7,2006,239000
1175,0,3,8,3,4,0,4,371,983,2129,2,1,4,0,1,541,0,4,2007,285000
1176,1,4,5,4,1,1,4,558,218,923,1,0,3,1,0,264,362,10,2008,119500
1177,0,7,6,1,1,1,4,135,350,818,1,0,3,1,0,210,0,12,2009,115000
1178,1,2,5,5,1,1,4,8,731,820,1,1,3,1,1,186,192,7,2009,154900
1179,0,15,5,5,1,1,4,8,0,1124,1,0,3,1,1,0,0,4,2006,93000
1180,2,16,7,1,1,1,4,559,0,1298,2,1,4,1,0,693,0,4,2006,250000
1181,1,2,8,6,2,2,1,560,120,1652,2,0,2,0,1,482,162,11,2008,392500
1182,1,3,10,11,1,0,3,561,300,2411,3,1,4,2,2,813,171,7,2007,745000
1183,0,7,5,8,1,1,4,89,299,1130,1,0,2,1,1,720,229,6,2006,120000
1184,0,16,5,1,4,1,1,562,413,1572,1,1,3,1,2,995,0,5,2007,186700
1185,0,15,5,9,1,1,4,170,392,949,1,0,4,1,0,392,0,3,2006,104900
1186,1,7,3,3,1,1,2,563,538,1014,2,0,3,1,0,420,0,8,2009,95000
1187,0,3,8,11,1,0,4,564,168,1624,2,0,2,0,1,757,0,7,2006,262000
1188,1,0,7,0,4,0,4,8,831,831,2,1,3,0,0,493,144,7,2009,195000
1189,0,17,7,0,1,1,4,8,994,1028,2,1,3,0,1,442,140,6,2010,189000
1190,0,4,4,1,2,1,3,562,90,1622,1,0,3,1,1,1356,439,3,2007,168000
1191,0,5,8,1,4,0,4,8,776,764,2,1,2,0,0,492,206,11,2007,174000
1192,0,7,5,0,1,1,2,8,702,842,1,0,3,0,0,250,0,7,2007,125000
1193,0,4,6,0,4,1,4,565,341,1224,2,0,2,1,0,402,0,6,2009,165000
1194,0,9,6,3,2,1,4,224,292,663,1,1,4,1,0,299,379,3,2010,158000
1195,1,17,6,0,1,1,4,8,728,728,2,1,3,0,0,400,100,7,2008,176000
1196,1,17,7,0,1,0,3,8,879,879,2,1,4,0,1,660,100,11,2006,219210
1197,1,7,7,1,1,1,4,8,815,815,1,0,3,1,1,225,0,7,2006,144000
1198,0,0,7,0,1,0,4,8,1212,1212,2,0,3,0,0,573,356,6,2009,178000
1199,0,9,4,3,4,1,4,566,504,1382,1,1,3,1,1,459,0,10,2006,148000
1200,0,11,4,1,1,1,4,8,864,864,1,0,3,1,0,280,0,7,2006,116050
1201,0,0,7,0,1,1,3,8,866,866,2,1,3,0,0,546,198,3,2009,197900
1202,0,8,5,5,1,1,4,8,884,884,1,0,3,1,1,216,0,5,2009,117000
1203,0,0,7,0,4,0,4,8,1630,1630,2,0,3,0,1,451,74,10,2009,213000
1204,0,6,5,3,1,1,4,567,268,1074,1,1,3,1,0,495,0,7,2006,153500
1205,1,12,7,3,4,0,2,568,1496,2196,2,0,3,0,1,701,84,6,2009,271900
1206,0,12,4,3,1,1,4,244,0,1056,1,0,2,1,0,384,0,11,2006,107000
1207,0,0,6,0,4,0,3,569,1342,1700,2,0,3,0,0,544,192,5,2006,200000
1208,0,11,5,1,1,1,4,297,319,1283,1,0,3,1,0,506,0,10,2008,140000
1209,1,5,8,0,2,0,2,570,440,1660,2,0,3,0,1,500,322,5,2006,290000
1210,0,12,6,5,1,0,4,8,1055,1055,2,1,3,0,1,462,635,5,2010,189000
1211,1,17,8,5,1,0,3,571,132,1080,2,0,4,1,0,492,325,6,2010,164000
1212,0,15,4,1,1,1,4,572,328,672,1,0,2,1,0,234,0,8,2009,113000
1213,1,9,4,0,1,1,3,60,0,960,0,0,0,1,0,364,88,5,2006,145000
1214,1,11,5,1,1,1,3,431,141,999,1,0,3,1,0,300,150,5,2006,134500
1215,1,9,5,0,1,1,4,318,340,894,1,0,3,1,0,384,0,5,2007,125000
1216,0,9,6,0,1,1,4,8,0,1318,2,0,4,1,0,539,0,4,2010,112000
1217,0,5,8,6,2,0,2,478,364,1314,2,0,3,0,0,552,135,9,2009,229456
1218,0,8,4,9,1,1,4,8,0,672,1,0,2,1,0,0,0,7,2006,80500
1219,0,22,6,6,4,1,4,8,672,672,1,1,3,1,0,0,201,4,2006,91500
1220,1,11,5,5,1,1,4,132,0,912,1,0,2,1,0,288,0,11,2006,115000
1221,0,9,5,3,1,1,4,70,210,1211,1,0,3,1,1,322,0,8,2008,134000
1222,0,11,6,5,4,1,2,435,844,1168,2,0,3,1,1,315,0,1,2007,143000
1223,0,11,5,5,4,1,4,573,1380,2136,2,0,4,1,0,528,0,10,2006,137900
1224,1,17,7,0,1,0,3,400,64,788,2,1,3,0,1,388,100,2,2008,184000
1225,0,11,6,0,4,1,3,92,81,1138,1,0,3,1,0,264,224,6,2007,145000
1226,1,5,6,0,2,0,2,8,894,894,2,1,4,0,1,668,100,1,2008,214000
1227,0,11,5,0,4,1,4,500,317,912,1,0,2,0,0,576,0,12,2008,147000
1228,0,10,9,1,4,2,4,574,162,1702,1,1,1,2,1,1052,0,10,2008,367294
1229,0,11,5,3,1,1,4,575,409,1507,2,0,4,1,0,404,0,8,2008,127000
1230,1,9,5,4,1,1,4,209,652,1361,2,2,4,1,1,600,155,8,2007,190000
1231,0,11,5,5,4,1,3,576,303,1190,1,0,3,1,0,540,0,5,2006,132500
1232,0,11,4,3,1,1,4,8,0,1224,2,0,2,1,0,462,0,3,2007,101800
1233,1,11,5,4,4,1,4,577,188,1188,1,0,3,1,0,531,0,5,2010,142000
1234,0,23,5,1,1,1,3,8,940,1024,1,1,4,1,0,0,0,11,2008,130000
1235,0,2,5,5,1,1,2,8,747,892,1,1,4,1,0,180,203,7,2006,138887
1236,0,10,7,2,2,0,4,8,764,764,2,1,2,0,0,474,0,6,2010,175500
1237,2,0,7,0,1,0,4,8,847,847,2,1,4,0,1,434,100,9,2006,195000
1238,0,12,6,0,1,0,4,8,1141,1141,1,1,3,1,0,484,0,3,2006,142500
1239,1,16,8,0,4,0,3,228,1048,1484,2,0,2,2,1,472,120,12,2007,265900
1240,0,0,7,0,4,0,4,142,334,884,2,1,3,0,0,543,0,7,2008,224900
1241,0,5,7,0,2,0,3,8,1689,1689,2,0,3,0,0,954,0,6,2007,248328
1242,0,6,7,4,4,1,1,578,0,1173,2,0,3,0,2,528,0,1,2010,170000
1243,0,10,10,0,4,2,1,579,690,2076,2,1,2,2,1,850,216,9,2006,465000
1244,1,2,8,8,1,1,4,8,792,792,1,0,3,0,2,400,0,6,2006,230000
1245,0,6,6,0,4,1,4,8,585,1140,3,1,3,1,1,477,268,1,2007,178000
1246,0,5,7,0,1,0,4,8,756,756,2,1,3,0,0,615,0,3,2006,186500
1247,1,4,6,3,4,1,3,424,473,1034,1,0,3,1,0,888,0,5,2010,169900
1248,0,7,6,9,1,1,4,630,416,1134,1,1,3,1,1,396,0,4,2008,129500
1249,0,11,5,1,1,1,4,581,246,988,1,0,3,1,0,276,0,5,2007,119000
1250,0,11,7,7,1,0,4,606,1045,2110,2,1,3,2,2,522,0,4,2010,244000
1251,1,10,7,2,2,0,4,8,1405,1405,2,0,2,0,1,478,148,3,2006,171750
1252,0,4,5,3,1,1,4,529,354,874,1,0,3,1,0,288,33,11,2009,130000
1253,1,1,7,5,1,0,1,582,36,1516,2,1,3,0,2,518,220,7,2007,294000
1254,0,15,7,0,2,0,4,8,746,760,2,1,3,0,1,397,178,7,2008,165400
1255,0,8,6,5,1,1,4,585,459,959,1,0,3,1,1,560,0,11,2007,127500
1256,1,3,8,3,4,0,1,583,672,1987,2,0,2,0,1,691,262,8,2008,301500
1257,0,15,5,5,1,1,4,8,864,864,1,0,2,1,0,0,0,7,2009,99900
1258,1,17,7,0,2,0,1,4,201,1166,2,0,2,0,0,400,212,7,2008,190000
1259,0,11,6,3,1,1,4,584,14,1054,1,1,3,1,0,460,180,7,2008,151000
1260,3,17,6,0,1,1,4,8,841,892,2,1,3,1,1,502,0,6,2009,181000
1261,0,11,5,1,1,1,4,297,546,1050,1,0,2,1,0,338,0,6,2009,128900
1262,0,19,4,5,1,1,3,8,1104,1104,1,0,5,1,2,304,120,11,2009,161500
1263,0,8,6,5,1,1,4,8,764,1060,1,0,3,1,1,520,0,7,2007,180500
1264,0,11,6,1,1,0,4,238,1139,1337,2,0,2,0,0,511,144,8,2008,181000
1265,0,5,7,1,4,0,4,550,241,713,2,1,3,0,0,506,0,3,2006,183900
1266,1,7,7,5,1,3,4,8,925,964,1,1,4,1,1,308,0,1,2007,122000
1267,1,16,9,6,1,2,1,8,2002,2018,2,0,3,2,1,746,144,5,2010,378500
1268,1,2,8,8,4,1,2,585,536,1968,3,1,4,0,2,1014,314,5,2008,381000
1269,0,11,5,1,4,1,4,442,414,874,1,1,3,1,0,315,0,7,2007,144000
1270,0,19,7,4,1,0,1,610,74,1332,0,1,0,0,1,586,268,4,2010,260000
1271,1,6,6,7,1,1,4,8,1489,1489,2,0,3,0,1,462,0,8,2009,185750
1272,1,9,5,4,4,1,4,123,0,935,1,0,3,1,0,288,180,11,2006,137000
1273,1,15,6,4,4,1,3,303,300,1357,1,0,2,2,1,312,0,5,2008,177000
1274,0,2,5,2,1,1,4,8,661,661,2,0,3,1,1,552,242,11,2007,139000
1275,0,11,5,9,2,1,4,521,708,928,2,0,4,1,0,400,0,7,2007,137000
1276,1,6,6,4,1,1,4,586,130,735,1,1,3,1,1,497,294,12,2009,162000
1277,1,6,6,3,4,1,3,456,1152,1724,1,1,3,1,1,480,0,6,2009,197900
1278,0,0,8,0,4,0,4,587,324,1128,2,1,3,0,1,577,0,3,2008,237000
1279,0,13,4,1,1,1,4,8,698,698,1,0,2,1,0,528,30,4,2010,68400
1280,1,0,7,0,4,0,4,567,785,1573,2,0,3,0,0,544,0,3,2009,227000
1281,1,16,7,3,4,1,4,588,256,1339,2,0,2,1,1,484,0,7,2006,180000
1282,1,0,5,3,1,1,2,589,364,1040,2,0,3,0,0,484,0,9,2009,150500
1283,0,4,6,2,1,1,3,8,912,912,2,2,4,1,0,0,128,4,2010,139000
1284,0,23,6,2,1,1,4,8,804,1699,2,0,4,0,1,336,272,3,2010,169000
1285,0,8,6,1,1,1,4,8,780,825,1,0,4,1,1,280,45,5,2009,132500
1286,0,6,6,3,4,1,4,65,678,1328,1,1,3,1,2,528,0,6,2010,143000
1287,1,19,5,5,3,1,3,515,812,1582,2,0,4,1,0,390,168,6,2006,190000
1288,1,18,8,6,1,0,4,590,343,1659,2,0,2,2,1,499,212,10,2009,278000
1289,1,10,8,0,2,0,2,8,1085,1120,2,1,3,2,1,753,177,10,2006,281000
1290,1,11,5,3,4,1,3,591,138,1152,1,0,3,1,1,484,227,4,2010,180500
1291,0,22,5,6,4,1,4,332,399,630,2,1,3,1,0,264,185,2,2009,119500
1292,0,7,5,5,1,1,4,8,994,1378,2,0,4,1,0,432,0,12,2009,107500
1293,0,6,7,3,1,1,4,592,638,832,2,1,4,1,1,528,0,3,2006,162900
1294,0,15,5,4,1,1,4,593,697,864,1,0,2,1,0,572,0,4,2006,115000
1295,0,11,5,3,4,1,3,104,36,1052,1,1,3,1,0,288,356,11,2006,138500
1296,0,11,5,1,4,1,2,594,344,1128,2,0,3,1,0,525,192,12,2008,155000
1297,0,15,6,0,4,1,1,566,0,1072,2,0,2,1,0,525,0,6,2006,140000
1298,3,15,10,8,2,2,1,595,466,4692,2,1,3,2,3,1418,214,1,2008,160000
1299,0,11,5,7,1,1,4,569,0,1246,1,1,3,0,0,305,218,5,2010,154000
1300,1,17,7,0,1,0,4,596,284,1005,2,1,3,0,1,490,0,5,2009,225000
1301,1,2,6,5,1,1,4,566,224,753,1,0,3,0,2,213,0,11,2009,177500
1302,0,3,8,0,4,0,4,519,425,1203,2,1,4,0,1,844,309,12,2006,290000
1303,0,5,7,0,4,0,3,8,1616,1616,2,0,3,0,0,834,208,4,2006,232000
1304,0,15,7,0,2,0,4,8,976,976,2,0,3,0,0,380,0,4,2006,130000
1305,1,10,9,0,2,0,4,597,80,1652,2,0,2,2,2,840,404,11,2009,325000
1306,1,10,7,0,2,0,4,8,1368,1368,2,0,2,0,1,474,132,9,2006,202500
1307,0,0,5,0,1,1,4,598,244,990,1,0,3,1,0,480,0,5,2009,138000
1308,0,7,5,1,1,1,4,313,172,1122,1,0,2,0,0,528,0,5,2008,147000
1309,0,12,6,3,4,1,4,66,78,1294,2,0,3,0,0,496,112,6,2008,179200
1310,0,2,7,3,1,0,3,599,496,1902,2,0,3,2,2,567,0,5,2010,335000
1311,0,0,7,0,4,0,4,600,349,1274,2,0,3,0,0,508,264,1,2007,203000
1312,1,3,8,5,4,0,4,601,971,1453,2,1,4,0,1,750,500,6,2007,302000
1313,1,3,9,0,4,0,4,8,1393,1422,2,1,4,0,1,779,668,5,2010,333168
1314,0,15,4,5,1,1,4,5,216,948,1,0,3,1,1,280,0,10,2007,119000
1315,0,11,6,3,1,1,2,444,176,1092,2,1,4,1,2,576,280,6,2008,206900
1316,1,0,8,0,2,0,1,8,1622,1630,2,0,3,2,1,860,172,1,2009,295493
1317,0,5,7,0,1,0,4,8,1352,1352,2,0,2,0,1,466,0,4,2007,208900
1318,2,0,8,0,4,0,1,8,1753,1787,2,0,3,0,1,748,198,8,2006,275000
1319,0,15,4,5,4,1,4,554,372,948,1,0,3,1,0,248,0,2,2007,111000
1320,0,11,6,7,1,1,4,602,628,1478,1,1,3,1,2,442,114,6,2009,156500
1321,1,8,3,0,1,1,4,8,0,720,1,0,2,1,0,287,0,7,2008,72500
1322,1,3,7,3,1,0,4,356,76,1061,2,1,3,0,1,564,240,6,2010,190000
1323,0,8,4,0,1,3,4,29,140,708,1,0,2,3,0,0,164,12,2009,82500
1324,0,5,8,0,4,0,3,8,1795,1795,2,0,2,0,1,895,0,2,2007,147000
1325,0,13,4,9,1,1,4,8,796,796,1,0,2,1,0,0,0,1,2008,55000
1326,0,15,3,1,1,1,4,267,0,774,1,0,3,0,0,0,0,5,2007,79000
1327,0,4,5,0,1,0,4,208,175,816,1,0,3,0,1,264,0,10,2008,130500
1328,0,7,6,5,1,0,4,361,1017,1584,2,0,5,1,2,520,0,6,2008,256000
1329,1,17,7,0,1,1,4,8,935,955,2,1,3,1,1,462,0,6,2006,176500
1330,0,5,8,0,2,0,3,8,1588,1588,2,0,3,0,1,825,144,12,2007,227000
1331,1,0,5,1,1,1,3,434,428,954,1,0,3,1,0,576,0,7,2006,132500
1332,0,15,4,1,1,1,2,237,126,816,1,0,2,1,1,288,0,5,2009,100000
1333,0,13,5,5,1,1,4,8,803,803,1,1,2,0,0,297,0,7,2006,125500
1334,0,22,5,3,1,1,4,603,0,765,1,1,3,1,0,440,0,5,2009,125000
1335,0,6,6,4,4,1,4,421,664,1334,2,0,2,1,1,630,0,4,2009,167900
1336,1,6,5,4,4,1,4,8,1656,1656,2,0,4,1,0,506,0,11,2008,135000
1337,1,7,4,5,1,1,4,8,693,693,1,0,2,3,0,0,0,3,2006,52500
1338,1,0,7,0,1,0,4,371,216,920,2,1,3,0,0,492,146,6,2006,200000
1339,1,0,5,1,1,1,2,109,504,864,1,0,3,1,0,288,0,6,2006,128500
1340,0,11,4,1,1,1,4,8,858,872,1,0,3,1,0,480,0,6,2007,123000
1341,0,12,6,0,1,1,4,473,300,1114,1,0,3,0,0,576,0,7,2008,155000
1342,0,0,8,0,4,0,4,8,1284,1284,2,1,3,0,1,647,192,8,2007,228500
1343,0,2,6,13,1,1,4,8,896,1172,1,1,3,1,1,342,0,3,2009,177000
1344,1,0,7,0,1,0,4,8,728,728,2,1,3,0,1,440,0,7,2007,155835
1345,0,7,4,1,1,1,4,70,710,960,1,0,2,3,0,308,0,7,2007,108500
1346,2,6,7,3,1,1,4,121,1203,2156,2,0,3,1,1,508,0,6,2006,262500
1347,1,16,8,0,2,0,1,604,1652,1776,2,0,3,0,1,712,0,5,2007,283463
1348,3,12,7,0,1,0,1,605,39,1494,2,0,3,0,1,514,402,8,2007,215000
1349,0,7,8,1,1,1,4,606,425,938,2,0,4,1,0,0,0,12,2008,122000
1350,0,11,5,1,4,1,4,444,748,1338,2,2,6,1,0,968,0,8,2009,200000
1351,1,11,6,3,4,1,4,630,539,858,1,1,4,1,1,490,0,3,2008,171000
1352,0,8,6,1,1,0,4,8,698,786,1,0,2,1,0,624,210,7,2009,134900
1353,1,3,8,0,4,0,3,437,1217,2053,2,1,4,0,1,666,283,3,2010,410000
1354,1,0,7,0,1,0,4,607,257,992,2,1,3,0,1,839,0,6,2008,235000
1355,1,6,7,1,4,1,4,8,570,1222,3,0,4,0,1,487,0,9,2006,170000
1356,0,11,5,3,4,1,4,569,524,892,1,0,3,1,0,264,0,10,2008,110000
1357,1,11,5,0,1,1,4,608,344,1078,1,1,3,1,1,500,0,4,2010,149900
1358,0,5,6,1,4,0,4,506,378,769,2,1,3,0,0,440,0,6,2010,177500
1359,0,10,9,0,4,0,3,609,533,1980,2,0,3,2,1,770,194,9,2006,315000
1360,0,23,5,5,1,1,4,8,612,990,3,1,4,1,0,621,183,5,2008,189000
1361,1,18,7,0,2,0,3,602,256,1530,2,0,3,0,1,430,168,6,2009,260000
1362,1,11,4,0,1,1,4,8,715,1281,2,0,4,1,1,368,55,6,2009,104900
1363,1,17,6,0,1,1,4,8,616,616,2,1,3,0,1,432,0,3,2007,156932
1364,0,5,7,1,1,0,4,8,600,520,2,1,2,0,0,480,0,4,2006,144152
1365,0,5,7,0,1,0,4,391,281,814,2,1,3,0,0,663,0,1,2010,216000
1366,1,0,7,0,4,0,4,451,240,882,2,1,3,0,0,588,0,6,2008,193000
1367,0,14,5,6,1,1,4,610,36,925,2,0,4,1,1,336,104,7,2006,127000
1368,0,0,6,0,4,0,3,342,163,848,1,0,1,0,0,420,140,6,2009,144000
1369,2,0,8,0,4,0,3,105,315,1668,2,0,3,0,1,502,0,5,2010,232000
1370,0,7,4,15,1,3,4,611,420,840,1,0,2,1,0,338,0,10,2009,105000
1371,0,11,6,9,1,1,3,115,161,1661,1,0,3,0,1,377,0,10,2008,165500
1372,0,0,7,0,1,1,3,418,133,1108,2,1,3,0,1,583,253,6,2006,274300
1373,0,3,10,0,4,2,1,612,1351,2633,2,1,2,2,2,804,314,3,2007,466500
1374,0,5,7,6,1,0,4,8,1026,1026,2,1,3,0,1,936,154,7,2008,250000
1375,1,16,8,0,4,0,1,8,1571,1571,2,0,3,0,1,722,100,12,2007,239000
1376,0,23,6,5,1,1,2,38,384,790,1,0,2,1,0,160,0,4,2008,91000
1377,0,15,5,5,1,1,4,613,156,984,2,0,3,1,0,660,0,7,2009,117000
1378,0,22,6,3,4,1,4,614,174,483,1,1,2,1,0,264,72,6,2006,83000
1379,0,16,5,0,1,1,4,8,384,754,2,1,3,0,0,400,100,5,2008,167500
1380,0,15,3,8,1,1,4,615,661,864,1,0,2,1,0,200,0,6,2010,58500
1381,1,11,6,4,1,1,2,616,340,2117,2,1,4,1,2,550,0,5,2008,237500
1382,0,7,7,5,1,1,4,8,596,998,1,1,4,0,0,576,36,10,2006,157000
1383,0,9,5,5,1,1,4,8,816,1416,2,0,3,0,0,576,0,8,2007,112000
1384,0,15,6,2,1,1,2,617,356,698,1,0,2,1,0,280,0,10,2009,105000
1385,0,13,4,0,1,1,4,607,61,796,1,0,3,0,0,240,0,5,2010,125500
1386,1,6,7,4,4,1,4,618,133,1392,3,1,5,0,2,564,0,7,2006,250000
1387,0,7,6,8,1,1,4,279,0,1664,2,0,5,0,1,216,88,8,2007,136000
1388,1,17,9,0,2,2,1,619,426,1746,2,0,3,2,2,758,201,10,2009,377500
1389,0,8,6,5,1,1,4,483,360,869,1,0,3,1,1,440,0,3,2007,131000
1390,0,0,7,0,4,0,3,98,125,1525,2,0,3,0,0,541,219,9,2006,235000
1391,0,11,5,4,1,1,4,8,1584,1584,2,0,4,1,0,792,0,4,2009,124000
1392,0,11,5,3,1,1,3,620,95,900,1,0,3,1,1,288,175,12,2006,123000
1393,0,7,6,5,1,1,4,8,482,1221,2,0,3,1,1,672,0,4,2008,163000
1394,0,21,7,0,4,0,3,621,286,1500,2,0,2,0,1,648,161,10,2006,246578
1395,1,16,8,0,4,0,1,8,1094,1133,2,1,4,0,1,642,144,2,2007,281213
1396,1,16,5,5,1,1,3,540,60,1687,1,0,3,1,2,572,0,6,2010,160000
1397,0,8,5,1,1,1,2,8,939,939,1,1,4,1,0,180,24,5,2007,137500
1398,0,11,5,5,1,1,4,318,676,1136,1,1,3,1,0,240,0,5,2009,138000
1399,0,23,6,2,1,1,4,622,712,1160,2,1,3,0,1,216,147,10,2009,137450
1400,0,8,6,2,1,1,4,8,862,950,1,0,3,1,1,208,0,7,2008,120000
1401,1,17,6,0,1,1,4,623,80,864,2,1,3,1,1,398,100,4,2008,193000
1402,0,0,7,0,1,0,3,8,1286,1294,2,0,2,0,1,662,168,7,2006,193879
1403,1,5,8,0,2,0,1,154,556,1464,2,0,3,0,0,754,168,8,2007,282922
1404,0,7,3,5,1,1,4,8,672,694,1,0,3,1,0,936,216,1,2006,105000
1405,1,2,8,6,2,0,1,624,221,1646,2,0,2,0,1,482,128,1,2008,275000
1406,0,0,5,2,1,1,3,422,112,768,1,0,2,1,0,396,58,3,2009,133000
1407,1,4,5,4,1,1,4,148,208,833,1,0,3,1,0,0,0,3,2009,112000
1408,0,7,4,0,1,1,4,8,622,741,1,0,3,1,0,528,0,6,2010,125500
1409,1,6,7,4,4,1,4,8,791,1236,2,1,3,1,1,542,364,11,2008,215000
1410,0,0,7,0,1,0,4,575,278,944,2,1,3,0,0,622,0,6,2009,230000
1411,0,11,6,0,1,1,4,604,736,1112,1,1,3,1,0,271,0,9,2009,140000
1412,0,11,4,13,1,1,4,8,0,1040,2,0,2,1,0,420,0,6,2009,90000
1413,1,12,8,0,2,0,4,625,868,1844,2,0,2,0,1,620,165,9,2009,257000
1414,0,8,6,5,1,1,4,8,833,1053,1,1,4,0,1,370,0,6,2008,207000
1415,0,21,7,0,4,0,4,373,398,1569,2,0,1,0,1,660,143,5,2009,175900
1416,0,7,4,9,1,1,4,8,777,1246,2,0,4,1,0,560,0,4,2010,122500
1417,1,3,8,0,4,0,2,626,503,1310,2,1,3,0,1,1069,0,5,2009,340000
1418,0,11,5,3,1,1,4,627,247,1144,1,1,3,1,0,336,0,8,2008,124000
1419,1,2,6,4,4,0,3,628,734,1844,2,0,3,0,1,540,0,12,2006,223000
1420,0,6,6,3,4,1,4,629,304,708,2,1,3,1,1,776,0,5,2006,179900
1421,0,20,6,4,1,1,4,109,709,1069,2,0,2,1,1,440,0,7,2010,127500
1422,0,0,6,0,4,0,3,421,162,848,1,0,1,0,0,420,140,3,2008,136500
1423,1,15,6,4,1,0,3,8,697,1575,2,0,4,0,1,432,586,8,2006,274970
1424,0,11,5,3,1,1,4,352,193,1344,1,0,2,1,1,484,316,6,2007,144000
1425,1,11,6,3,2,0,4,8,1252,1252,1,0,3,0,0,528,0,10,2008,142000
1426,1,3,7,0,4,0,4,577,223,1223,2,1,3,0,2,525,171,8,2008,271000
1427,0,11,5,1,1,1,4,630,333,1048,1,1,3,1,1,288,0,4,2008,140000
1428,0,7,5,1,2,1,4,529,278,804,1,0,2,0,2,240,0,2,2010,119000
1429,1,6,6,1,4,0,4,631,762,1440,2,0,3,0,1,467,0,4,2007,182900
1430,3,17,5,0,1,0,3,8,732,734,2,1,4,1,1,372,100,7,2006,192140
1431,1,20,6,4,1,1,4,632,0,958,2,0,2,1,0,440,0,10,2009,143750
1432,0,7,4,5,1,1,4,8,656,968,2,0,4,1,0,216,0,8,2007,64500
1433,1,17,6,0,4,1,4,8,936,962,2,1,3,1,1,451,0,5,2008,186500
1434,0,4,5,7,1,1,4,478,190,1126,2,0,3,1,1,484,295,5,2006,160000
1435,0,11,6,5,4,0,4,8,1319,1537,1,1,3,0,1,462,0,7,2008,174000
1436,0,11,4,3,1,1,4,420,248,864,1,0,3,1,0,528,0,5,2007,120500
1437,0,10,8,0,2,2,3,633,596,1932,2,0,2,2,1,774,0,11,2008,394617
1438,0,7,6,1,1,1,4,102,312,1236,1,0,2,1,0,923,0,4,2010,149700
1439,0,6,7,3,4,1,4,611,114,1040,2,1,3,1,1,550,0,11,2007,197000
1440,1,2,6,1,1,1,4,8,588,1423,2,0,3,1,1,672,431,9,2008,191000
1441,0,0,6,0,4,0,3,155,151,848,1,0,1,0,1,420,149,5,2008,149300
1442,0,5,10,0,2,2,3,603,252,1026,2,1,3,2,1,812,168,4,2009,310000
1443,0,8,6,5,1,1,4,8,952,952,1,0,2,3,1,192,0,5,2009,121000
1444,0,0,7,0,4,0,3,8,1422,1422,2,0,3,0,0,626,192,11,2007,179600
1445,0,9,6,0,1,1,1,371,0,913,1,0,3,1,0,240,0,5,2007,129000
1446,1,4,5,3,4,1,4,586,595,1188,1,0,3,1,0,312,261,4,2010,157900
1447,0,0,8,0,4,0,4,634,141,1220,2,1,3,0,1,556,0,12,2007,240000
1448,0,15,4,3,1,1,4,8,560,796,1,1,2,1,0,384,168,5,2007,112000
1449,0,14,5,6,1,1,3,268,77,630,1,0,1,2,0,0,0,8,2006,92000
1450,0,11,5,0,1,1,4,8,896,896,2,2,4,1,0,0,32,9,2009,136000
1451,0,5,8,6,2,0,4,8,1573,1578,2,0,3,2,1,840,0,5,2009,287090
1452,0,15,5,0,4,1,1,566,0,1072,1,0,2,1,0,525,0,5,2006,145000
1453,0,4,5,0,1,1,4,8,1140,1140,1,0,3,1,0,0,36,7,2006,84500
1454,0,5,7,0,1,0,4,524,811,1221,2,0,2,0,0,400,0,10,2009,185000
1455,0,17,6,0,1,1,4,8,953,953,2,1,3,1,1,460,0,8,2007,175000
1456,0,6,6,4,2,1,4,618,589,2073,2,0,3,1,2,500,349,2,2010,210000
1457,0,2,7,6,1,2,4,549,877,1188,2,0,4,0,2,252,0,5,2010,266500
1458,0,11,5,1,1,1,2,635,0,1078,1,0,2,0,0,240,366,4,2010,142125
1459,0,15,5,3,1,0,4,636,136,1256,1,1,3,1,0,276,736,6,2008,147500
