,LotShape,LotConfig,Neighborhood,OverallQual,Exterior1st,MasVnrType,BsmtExposure,BsmtFinType1,BsmtFinSF1,BsmtUnfSF,FullBath,HalfBath,KitchenQual,TotRmsAbvGrd,Fireplaces,GarageFinish,GarageArea,MoSold,YrSold,SalePrice,SalePricev2
0,0,0,0,7,0,4,4,5,8,150,2,1,0,8,0,3,548,2,2008,208500,5
1,0,1,1,6,1,1,1,1,1,284,2,0,1,6,1,3,460,5,2007,181500,4
2,1,0,0,7,0,4,2,5,329,434,2,1,0,6,1,3,608,9,2008,223500,5
3,1,2,2,7,2,1,4,1,3,540,1,0,0,7,1,1,642,2,2006,140000,3
4,1,1,3,8,0,4,3,5,4,490,2,1,0,9,1,3,836,12,2008,250000,6
5,1,0,4,5,0,1,4,5,5,64,1,1,1,5,0,1,480,10,2009,143000,3
6,0,0,5,8,0,2,3,5,6,317,2,0,0,7,1,3,636,8,2007,307000,7
7,1,2,6,7,3,2,2,1,7,216,2,1,1,7,2,3,484,11,2009,200000,5
8,0,0,7,7,4,1,4,2,8,952,2,0,1,8,2,1,468,4,2008,129900,3
9,0,2,8,5,1,1,4,5,9,140,1,0,1,5,2,3,205,1,2008,118000,3
10,0,0,9,5,3,1,4,3,10,134,1,0,1,5,0,1,384,2,2008,129500,3
11,1,0,10,9,5,2,4,5,11,177,3,0,2,11,2,2,736,7,2006,345000,7
12,2,0,9,5,3,1,4,1,12,175,1,0,1,4,0,1,352,9,2008,144000,3
13,1,0,0,7,0,2,3,2,8,1494,2,0,0,7,1,3,840,8,2007,279500,6
14,1,2,11,6,1,4,4,4,13,520,1,1,1,5,1,3,352,5,2008,157000,4
15,0,2,8,7,2,1,4,2,8,832,1,0,1,5,0,1,576,7,2007,132000,3
16,1,3,11,6,2,4,4,1,14,426,1,0,1,5,1,2,480,3,2010,149000,3
17,0,0,9,4,1,1,4,5,8,0,2,0,1,6,0,1,516,10,2006,90000,2
18,0,0,12,5,0,1,4,5,15,468,1,1,0,6,0,1,576,6,2008,159000,4
19,0,0,11,5,4,1,4,6,297,525,1,0,1,6,0,1,294,5,2009,139000,3
20,1,2,10,8,0,4,3,2,8,1158,3,1,0,9,1,3,853,11,2006,325300,7
21,0,0,13,7,2,1,4,2,8,637,1,0,0,6,1,1,280,6,2007,139400,3
22,0,0,0,8,0,4,4,2,8,1777,2,0,0,7,1,3,534,9,2008,230000,5
23,0,0,14,5,6,1,4,5,17,200,1,0,1,6,1,1,572,6,2007,129900,3
24,1,0,9,5,7,1,2,3,18,204,1,0,0,6,1,1,270,5,2010,154000,4
25,0,2,10,8,0,2,4,2,8,1566,2,0,0,7,1,3,890,7,2009,256300,6
26,0,2,11,5,2,1,2,4,19,180,1,0,0,5,0,1,576,5,2010,134800,3
27,0,0,10,8,0,2,4,5,386,486,2,0,0,7,1,3,772,5,2010,306000,7
28,1,3,11,5,1,1,1,4,21,207,1,0,1,6,2,3,319,12,2006,207500,5
29,1,0,8,4,1,1,4,2,8,520,1,0,3,4,0,1,240,5,2008,68500,2
30,0,0,13,4,4,1,4,2,8,649,1,0,1,6,0,1,250,7,2008,40000,1
31,1,3,9,5,3,1,4,2,8,1228,1,1,0,6,0,1,271,6,2008,149350,3
32,0,2,0,8,0,1,3,2,8,1234,2,0,0,7,0,3,484,1,2008,179900,4
33,1,0,11,5,4,1,4,3,22,380,1,1,0,6,1,3,447,4,2010,165500,4
34,0,0,10,9,1,4,4,5,23,408,2,0,2,6,1,2,556,8,2007,277500,6
35,0,0,10,8,0,2,3,2,8,1117,3,1,0,9,1,2,691,9,2006,309000,7
36,0,2,0,5,0,1,4,2,8,1097,1,1,1,6,0,1,672,6,2009,145000,3
37,0,0,11,5,2,4,4,3,55,84,1,0,1,5,1,2,498,10,2009,153000,4
38,0,0,11,5,0,1,4,5,627,326,1,0,0,5,0,1,246,1,2010,109000,3
39,0,0,15,4,8,1,4,5,8,0,2,0,3,6,0,3,0,6,2008,82000,2
40,0,0,11,6,2,4,4,3,26,445,2,0,1,6,1,3,440,12,2006,160000,4
41,0,0,16,5,0,1,1,4,551,383,1,1,1,5,2,3,308,7,2007,170000,4
42,1,3,12,5,3,1,3,1,435,0,1,0,0,5,0,3,504,12,2007,144000,3
43,1,3,0,5,0,1,3,6,29,167,1,0,1,5,0,1,308,7,2008,130250,3
44,0,0,11,5,4,1,4,1,30,465,1,0,1,6,0,3,300,5,2006,141000,3
45,0,0,10,9,1,4,4,5,31,1296,2,0,2,6,1,3,576,2,2010,319900,7
46,1,3,4,7,0,1,4,5,32,83,1,1,0,6,1,3,670,8,2009,239686,5
47,0,0,5,8,0,1,3,5,55,1632,2,0,0,7,0,3,826,7,2007,249700,5
48,0,0,7,4,1,1,4,2,8,736,2,0,1,8,0,3,0,6,2009,113000,3
49,0,0,9,5,3,1,4,4,34,192,1,0,1,6,0,1,386,1,2007,127000,3
50,2,2,17,6,0,1,3,5,226,612,2,0,1,6,0,2,388,7,2007,177000,4
51,0,0,8,6,2,1,4,2,8,816,1,0,1,6,1,1,528,9,2006,114500,3
52,2,2,13,5,2,1,1,6,136,0,1,0,1,5,0,1,516,5,2010,110000,3
53,1,0,1,9,5,1,1,5,37,32,0,1,0,5,1,2,894,11,2006,385000,8
54,0,0,11,5,1,1,4,1,38,0,1,0,1,6,1,1,572,2,2007,130000,3
55,1,0,11,6,3,4,4,4,39,935,2,0,1,7,1,3,576,7,2008,180500,4
56,0,0,5,8,1,4,4,5,199,321,2,1,0,7,0,2,480,8,2009,172500,4
57,1,2,0,7,0,1,4,2,8,860,2,1,0,7,0,3,565,8,2006,196500,4
58,2,3,18,10,0,4,1,2,8,1410,3,1,0,10,1,2,641,10,2006,438780,9
59,0,0,0,5,3,1,3,1,355,148,1,0,1,4,0,1,352,1,2008,124900,3
60,0,0,12,6,0,1,4,1,42,217,1,1,0,5,0,1,576,5,2006,158000,4
61,0,0,13,5,1,1,4,2,8,530,1,0,3,6,0,1,288,3,2007,101000,3
62,1,0,10,8,0,2,2,5,55,1346,2,0,0,6,1,3,484,10,2007,202500,5
63,1,0,7,7,9,1,4,2,8,576,2,0,1,9,0,1,480,4,2010,140000,3
64,0,0,0,7,0,4,4,5,43,318,2,1,0,8,0,3,645,2,2009,219500,5
65,0,0,10,8,0,4,3,2,8,1143,2,1,0,9,1,3,852,10,2007,317000,7
66,0,0,11,7,7,4,1,5,44,1035,2,0,1,7,1,3,576,7,2010,180000,4
67,1,0,0,7,0,4,3,5,45,440,2,0,0,7,0,3,558,6,2007,226000,5
68,0,2,7,4,1,1,4,2,8,747,1,0,1,4,0,1,220,6,2010,80000,2
69,0,2,19,7,4,1,4,4,46,701,2,0,1,7,1,2,667,7,2006,225000,5
70,1,0,11,7,7,4,1,1,47,343,2,0,1,8,2,2,516,2,2007,244000,5
71,0,2,4,4,3,1,4,1,540,280,1,0,1,4,0,1,360,6,2007,129500,3
72,1,2,17,7,0,4,4,2,8,832,2,1,1,7,1,2,427,12,2009,185000,4
73,0,0,11,5,2,4,4,1,635,404,1,0,1,6,0,1,490,5,2010,144900,3
74,0,2,7,3,0,1,4,2,8,840,2,0,1,8,0,1,379,5,2010,107400,3
75,0,0,14,4,6,1,1,5,245,0,1,0,1,5,0,1,297,11,2009,91000,2
76,1,0,11,4,0,1,4,1,51,724,1,0,1,4,0,1,283,4,2008,135750,3
77,0,0,8,5,2,1,4,4,52,295,1,0,1,6,0,1,240,1,2008,127000,3
78,0,0,9,4,3,1,4,2,8,1768,2,0,1,8,0,3,0,4,2010,136500,3
79,0,2,7,5,2,1,4,2,8,440,1,1,1,5,0,1,440,5,2009,110000,3
80,0,2,11,6,0,4,4,3,53,448,2,1,0,8,1,2,509,6,2009,193500,4
81,0,1,4,6,0,4,4,5,54,36,2,0,1,5,0,2,405,3,2006,153500,4
82,0,0,5,8,0,2,4,5,55,1530,2,0,0,6,1,3,758,10,2008,245000,5
83,1,0,11,5,1,3,4,2,8,1065,1,1,1,6,0,1,461,7,2007,126500,3
84,1,0,17,7,3,4,4,2,8,384,2,1,1,7,1,2,400,5,2009,168500,4
85,0,2,3,8,3,4,4,2,8,1288,2,1,0,9,1,1,462,4,2006,260000,6
86,2,0,17,6,0,1,3,2,8,684,2,1,0,6,1,2,400,3,2009,174000,4
87,0,2,5,6,0,2,3,2,8,612,2,1,0,4,0,3,528,6,2009,164500,4
88,1,2,13,3,7,1,4,2,8,1013,1,0,3,6,0,3,0,10,2009,85000,2
89,0,0,0,4,0,1,4,5,313,402,1,0,1,5,0,3,0,8,2007,123600,3
90,0,0,11,4,4,1,4,5,8,0,1,0,1,4,0,1,420,7,2006,109900,3
91,0,0,11,5,3,3,4,3,102,635,1,0,1,6,0,1,480,12,2006,98600,2
92,1,0,2,5,2,1,4,1,58,163,1,0,1,5,0,1,432,8,2009,163500,4
93,0,2,7,6,1,1,2,3,59,168,2,0,1,9,1,1,506,11,2007,133900,3
94,1,0,0,6,0,1,4,5,60,176,2,1,0,7,0,3,684,5,2007,204750,5
95,2,2,17,6,0,4,4,1,61,370,2,1,1,6,1,2,420,4,2009,185000,4
96,1,0,0,7,0,4,3,1,62,426,2,0,0,6,0,3,472,8,2006,214000,5
97,0,0,15,4,3,4,4,3,466,440,1,0,1,6,0,2,432,5,2007,94750,2
98,0,2,15,5,2,1,4,1,450,350,1,0,1,5,0,1,366,5,2010,83000,2
99,1,0,11,4,7,1,4,1,65,381,1,1,1,6,0,3,0,1,2010,128950,3
100,1,0,6,6,7,4,2,1,66,410,2,0,0,6,2,3,480,2,2010,205000,5
101,0,0,12,6,3,4,4,2,8,741,2,1,0,7,1,2,476,6,2010,178000,4
102,0,0,12,5,3,1,4,5,8,0,2,0,1,8,0,1,410,6,2009,118964,3
103,1,2,0,7,0,1,4,2,8,1226,2,0,0,6,0,3,740,5,2010,198900,4
104,0,2,13,7,9,4,4,6,67,816,1,1,1,7,2,1,240,6,2007,169500,4
105,0,0,5,8,0,4,4,2,8,1053,2,1,0,9,1,3,648,8,2008,250000,6
106,0,0,7,4,0,1,4,2,8,641,1,0,1,6,0,1,273,8,2007,100000,3
107,0,0,7,5,0,1,4,1,136,516,1,0,1,5,0,1,250,4,2008,115000,3
108,0,2,13,5,6,1,4,2,8,793,2,0,3,7,0,3,0,8,2007,115000,3
109,1,0,6,6,7,4,4,4,68,1139,2,0,1,7,1,3,546,1,2010,190000,4
110,0,0,15,6,2,1,4,3,69,550,2,0,1,7,0,1,325,10,2006,136900,3
111,1,0,17,7,0,1,4,5,70,134,2,1,1,7,1,2,400,4,2010,180000,4
112,0,0,0,7,0,2,3,5,71,280,2,1,2,10,1,2,792,10,2007,383970,8
113,0,2,2,6,2,4,2,1,226,905,2,0,0,7,2,1,450,10,2007,217000,5
114,1,0,2,6,2,1,4,1,73,104,2,1,0,9,1,1,180,7,2007,259500,6
115,0,2,5,6,1,4,4,5,74,310,2,1,1,5,1,1,440,6,2007,176000,4
116,0,0,9,5,2,4,4,6,525,252,1,0,1,6,1,1,288,9,2009,139000,3
117,0,2,15,5,0,1,4,2,8,1125,1,1,1,5,0,1,430,4,2007,155000,4
118,0,2,12,7,7,1,2,5,76,203,3,0,0,11,2,1,594,5,2010,320000,7
119,0,0,0,6,0,1,4,2,8,728,2,1,0,8,1,2,390,7,2006,163990,4
120,1,3,19,6,7,1,1,1,77,0,1,0,1,4,2,1,540,10,2006,180000,4
121,0,0,13,4,8,1,4,2,8,732,1,0,1,4,0,1,264,6,2007,100000,3
122,0,2,11,6,1,4,4,4,78,510,1,0,1,5,0,1,288,6,2008,136000,3
123,0,0,12,6,7,1,4,5,79,899,2,0,0,5,0,3,530,3,2008,153900,4
124,1,3,6,6,3,1,4,2,8,1362,2,0,1,7,1,1,435,1,2009,181000,4
125,0,0,13,6,2,1,3,5,39,30,1,0,1,5,0,3,0,6,2006,84500,2
126,1,0,20,6,7,1,4,1,604,958,2,0,1,5,1,3,440,2,2007,128000,3
127,1,0,7,5,5,1,4,6,345,556,1,0,1,5,1,3,0,6,2007,87000,2
128,0,0,11,6,0,4,4,4,82,148,1,1,1,6,1,3,453,7,2006,155000,4
129,0,0,11,5,7,4,4,3,83,413,1,1,2,6,0,3,750,7,2006,150000,4
130,0,2,11,7,1,4,4,3,84,479,2,1,0,8,2,2,487,5,2006,226000,5
131,1,2,17,6,0,4,4,5,85,297,2,1,0,7,1,3,390,7,2009,244000,5
132,0,2,11,5,1,1,4,3,86,658,1,0,0,7,0,1,624,7,2007,150750,4
133,1,0,16,8,0,4,4,5,87,262,2,0,0,6,0,2,471,6,2009,220000,5
134,1,0,9,5,7,1,4,3,78,891,2,1,1,7,1,3,440,7,2006,180000,4
135,0,0,6,7,7,4,4,2,8,1304,2,0,1,7,1,1,530,5,2008,174000,4
136,1,2,11,5,1,4,4,4,85,519,2,0,1,5,1,3,318,7,2007,143000,3
137,0,0,4,7,0,4,4,2,8,1907,3,0,1,9,0,1,766,7,2006,171000,4
138,1,0,0,8,0,4,2,5,88,336,2,1,0,7,2,2,660,12,2008,230000,5
139,1,0,0,6,0,1,4,5,89,107,2,1,0,7,0,3,470,8,2009,231500,5
140,0,1,11,4,3,1,4,1,90,432,1,0,1,5,1,3,0,4,2010,115000,3
141,0,0,0,7,0,1,3,5,91,434,2,0,0,7,0,2,660,1,2006,260000,6
142,0,2,11,5,4,1,4,3,92,403,2,0,1,6,0,1,720,6,2010,166000,4
143,1,0,0,7,0,4,1,5,93,811,2,0,0,6,0,3,577,6,2009,204000,5
144,0,0,9,5,3,4,4,3,151,396,2,0,1,10,0,1,504,11,2006,125000,3
145,0,0,15,6,0,2,4,2,8,970,2,0,0,7,0,1,380,4,2006,130000,3
146,0,2,8,5,2,1,4,4,95,506,1,0,1,5,0,1,180,11,2009,105000,3
147,1,3,17,7,0,4,4,2,8,884,2,1,0,8,1,2,434,5,2010,222500,5
148,0,0,12,7,0,4,4,5,96,400,1,0,0,6,0,3,0,4,2008,141000,3
149,0,0,8,5,1,1,4,2,8,896,1,0,1,7,0,1,240,4,2006,115000,3
150,0,2,0,5,3,1,3,4,97,253,1,1,1,5,0,1,440,1,2007,122000,3
151,0,0,10,8,0,2,1,5,98,310,2,0,0,6,1,3,866,1,2008,372402,8
152,1,3,6,6,3,4,4,3,99,409,2,1,1,8,1,3,495,6,2006,190000,4
153,0,0,19,6,4,1,1,4,100,93,1,0,1,4,1,3,564,3,2008,235000,5
154,0,2,7,6,2,1,4,2,8,1200,1,0,1,7,0,1,312,3,2006,125000,3
155,0,2,15,6,2,1,4,2,8,572,1,0,1,5,0,3,0,4,2008,79000,2
156,0,0,11,5,2,1,4,5,8,0,1,0,1,5,0,1,625,6,2006,109500,3
157,0,2,16,8,0,4,4,2,8,774,2,1,2,8,1,2,680,5,2010,269500,6
158,0,2,5,7,0,1,4,5,101,769,2,1,0,8,1,3,678,5,2010,254900,6
159,1,2,17,7,0,4,2,5,102,1335,2,1,0,9,1,3,576,3,2006,320000,7
160,1,3,1,6,7,1,4,4,103,572,2,0,1,6,0,1,516,6,2008,162500,4
161,1,0,10,9,0,4,3,5,104,556,2,1,2,10,2,2,726,3,2008,412500,9
162,0,2,10,7,0,4,2,4,54,340,2,0,0,7,1,3,532,5,2010,220000,5
163,0,0,7,4,1,1,4,2,8,882,1,0,1,4,0,3,0,4,2007,103200,3
164,0,2,7,6,1,1,2,6,105,779,2,0,0,5,0,1,216,10,2007,152000,4
165,0,0,15,5,2,1,4,1,106,112,2,0,1,6,0,3,0,9,2008,127500,3
166,1,0,19,5,2,1,4,6,107,470,1,0,1,7,3,2,303,11,2009,190000,4
167,0,0,10,8,0,2,4,5,108,294,1,1,2,8,1,2,789,11,2007,325624,7
168,1,0,17,7,0,1,4,2,8,840,2,1,0,7,1,2,440,5,2007,183500,4
169,1,2,16,8,7,4,4,2,8,1686,2,1,1,6,1,3,511,1,2006,228000,5
170,1,0,7,5,1,1,4,3,109,360,1,1,1,7,0,1,660,5,2007,128500,3
171,1,2,11,6,4,2,1,4,110,441,1,0,1,7,2,2,528,5,2010,215000,5
172,1,0,18,7,3,1,4,5,289,354,2,0,0,5,1,3,504,6,2006,239000,5
173,1,0,11,6,5,3,4,1,112,700,1,1,1,6,1,1,504,6,2008,163000,4
174,1,0,16,6,0,2,4,1,113,0,2,0,1,7,1,2,616,11,2008,184000,4
175,0,2,15,6,5,1,3,1,114,725,2,0,0,7,1,1,576,6,2007,243000,5
176,1,2,19,6,7,4,4,5,115,320,2,1,1,8,1,1,521,9,2007,211000,5
177,0,0,9,5,1,1,4,1,102,554,2,0,0,8,1,1,451,7,2006,172500,4
178,1,3,18,9,0,2,4,5,116,312,2,0,2,9,1,2,1166,7,2009,501837,11
179,0,0,7,5,2,1,4,2,8,968,1,0,1,5,0,1,480,7,2007,100000,3
180,0,0,5,6,1,4,4,5,117,320,2,1,0,5,1,1,440,6,2007,177000,4
181,0,0,2,7,9,1,4,6,118,441,1,1,1,9,1,1,216,7,2006,200100,5
182,0,0,15,5,2,4,4,5,8,0,1,0,1,7,1,3,252,6,2007,120000,3
183,0,0,7,7,0,1,4,2,8,1362,2,1,0,6,0,1,484,6,2008,200000,5
184,1,0,8,5,8,1,4,2,8,504,1,0,1,5,0,1,576,6,2006,127000,3
185,2,0,7,10,2,1,2,2,8,1107,2,1,2,12,2,1,840,6,2006,475000,10
186,1,3,4,7,3,1,3,5,119,577,2,0,0,6,0,1,497,6,2009,173000,4
187,0,0,7,5,3,1,4,2,8,660,2,1,1,8,0,1,180,8,2009,135000,3
188,0,0,12,5,7,2,3,5,120,0,0,2,1,6,2,1,528,6,2009,153337,4
189,0,0,18,8,6,1,3,5,23,440,1,1,2,5,1,2,682,8,2008,286000,6
190,0,0,2,8,4,1,4,3,121,556,2,1,0,10,2,1,440,12,2007,315000,7
191,1,3,11,7,3,4,4,1,122,99,1,1,0,7,0,2,484,6,2007,184000,4
192,1,0,0,7,0,1,3,5,123,871,2,0,0,6,0,2,666,9,2009,192000,4
193,0,0,15,7,0,2,4,2,8,970,2,0,0,7,0,1,380,5,2006,130000,3
194,1,0,0,5,3,1,3,1,124,474,1,0,1,5,0,1,352,5,2008,127000,3
195,0,1,20,6,7,1,4,1,582,289,2,1,1,7,1,1,440,7,2009,148500,3
196,0,0,5,7,6,2,4,5,126,600,2,0,2,8,1,2,786,9,2007,311872,7
197,0,2,11,8,9,1,4,5,127,140,2,0,0,8,1,1,795,3,2006,235000,5
198,0,2,7,6,2,1,4,2,8,755,1,0,1,8,0,3,0,7,2009,104000,3
199,0,0,10,8,0,4,3,5,128,625,2,0,2,7,1,2,856,1,2009,274900,6
200,0,2,15,4,0,1,4,2,8,1121,2,0,1,5,0,3,440,3,2010,140000,3
201,0,0,4,6,7,1,4,1,208,276,2,0,1,6,2,1,473,2,2008,171500,4
202,0,2,7,6,1,1,4,6,130,0,2,0,1,6,0,1,398,5,2006,112000,3
203,0,0,0,6,0,4,3,5,365,186,1,0,0,3,1,3,420,1,2008,149000,3
204,0,0,7,5,8,1,4,6,132,408,1,1,1,5,0,1,240,4,2009,110000,3
205,0,2,17,7,3,1,4,2,8,1424,2,0,1,5,0,3,500,5,2009,180500,4
206,1,3,9,5,3,1,4,2,8,1140,1,1,1,8,1,3,349,3,2007,143900,3
207,1,0,11,4,2,1,4,1,74,375,1,0,1,6,1,3,312,4,2008,141000,3
208,1,0,12,7,7,4,1,5,606,92,2,1,1,7,1,2,454,4,2007,277000,6
209,0,0,11,6,3,2,4,3,134,305,1,0,1,6,0,3,504,7,2008,145000,3
210,0,0,15,5,9,1,4,3,135,396,1,0,1,5,0,3,0,4,2008,98000,2
211,0,2,15,6,0,1,2,5,136,1176,2,0,0,6,0,3,460,3,2010,186000,4
212,0,0,5,7,0,1,4,5,137,78,2,1,0,7,1,3,644,7,2009,252678,6
213,2,3,0,5,0,1,4,1,97,274,1,0,1,5,0,1,576,7,2006,156000,4
214,1,1,0,6,3,4,4,5,506,311,1,1,1,6,0,2,299,3,2010,161750,4
215,1,0,11,5,3,4,4,4,109,710,1,0,0,6,1,1,447,5,2006,134450,3
216,0,0,0,7,0,4,2,5,139,490,2,0,0,8,0,1,484,4,2008,210000,5
217,0,0,7,4,1,1,4,2,8,686,1,0,1,8,0,1,210,9,2006,107000,3
218,1,2,2,7,0,4,4,4,140,457,1,1,0,8,2,1,431,5,2008,311500,7
219,0,0,21,7,0,4,3,5,297,1232,2,0,0,5,0,2,438,3,2006,167240,4
220,1,0,0,7,0,1,2,2,8,1498,2,0,0,5,0,3,675,4,2006,204900,5
221,1,0,17,6,0,1,4,2,8,1010,2,1,0,8,1,3,390,12,2009,200000,5
222,0,0,6,6,0,1,4,1,142,163,2,1,1,6,1,3,434,2,2006,179900,4
223,0,1,11,4,3,1,4,1,143,160,1,0,1,4,0,1,576,3,2009,97000,2
224,0,0,10,10,0,4,1,5,313,2336,2,0,2,8,1,2,968,6,2009,386250,8
225,0,0,22,5,3,4,4,2,8,630,2,1,1,6,0,1,280,5,2009,112000,3
226,1,0,3,7,0,4,4,5,540,638,2,1,0,9,1,3,721,6,2007,290000,6
227,0,0,22,6,3,4,4,3,145,162,1,1,1,5,0,1,280,9,2008,106000,3
228,0,1,9,5,3,1,4,1,146,70,1,0,1,5,1,1,336,5,2010,125000,3
229,0,0,21,7,0,4,3,5,297,1357,2,0,0,7,1,2,430,5,2009,192500,4
230,0,0,11,6,1,4,4,2,8,1194,1,0,1,6,0,3,312,4,2010,148000,3
231,1,0,3,8,0,4,4,5,147,773,2,1,2,9,1,2,810,7,2009,403000,9
232,0,0,22,6,3,4,4,2,8,483,1,1,1,5,1,1,288,6,2006,94500,2
233,0,2,0,5,3,1,3,6,226,0,1,0,1,5,0,1,308,2,2010,128200,3
234,0,0,17,6,0,4,4,5,148,235,2,1,0,8,2,2,440,5,2010,216500,5
235,0,0,22,6,3,4,4,1,149,125,1,1,1,5,0,1,264,8,2008,89500,2
236,0,1,0,7,0,4,3,5,55,1390,2,0,0,6,0,3,494,5,2010,185500,4
237,1,3,12,7,3,1,4,4,351,594,2,1,0,7,0,3,457,2,2010,194500,4
238,0,0,10,8,0,4,4,2,8,1694,2,0,0,7,0,2,818,12,2007,318000,7
239,0,0,15,6,0,1,4,6,151,641,1,1,1,7,1,1,220,4,2010,113000,3
240,0,0,5,8,0,2,3,5,401,488,2,0,0,7,0,3,750,4,2010,262500,6
241,0,0,7,5,0,1,4,1,153,357,1,0,0,4,0,3,0,8,2007,110500,3
242,0,2,7,5,2,1,4,2,8,540,1,0,1,6,0,1,352,4,2006,79000,2
243,0,2,12,6,7,1,4,2,8,626,1,1,1,6,1,3,288,4,2009,120000,3
244,1,0,12,7,0,1,4,5,85,253,2,1,0,8,2,3,463,5,2010,205000,5
245,0,0,6,7,2,4,3,5,154,916,2,0,1,6,1,2,604,6,2006,241500,5
246,0,0,7,6,8,1,4,2,8,1020,2,0,3,9,0,1,440,4,2006,137000,3
247,0,0,11,6,2,1,4,2,8,1367,1,0,1,5,1,1,451,6,2006,140000,3
248,0,0,0,7,0,4,4,2,8,840,2,1,0,8,0,3,500,9,2007,180000,4
249,2,3,19,6,2,3,1,3,155,747,2,0,0,7,2,2,389,6,2007,277000,6
250,1,0,8,3,2,1,4,2,8,728,1,0,3,6,0,3,0,5,2010,76500,2
251,1,0,2,8,0,2,1,5,439,0,2,0,0,5,1,2,538,12,2007,235000,5
252,1,0,12,6,0,1,4,2,8,798,2,1,0,6,0,3,520,12,2008,173000,4
253,0,0,11,6,3,4,1,6,157,452,2,0,0,7,0,3,309,10,2007,158000,4
254,0,0,11,5,1,1,4,3,158,392,1,0,1,5,0,3,294,6,2010,145000,3
255,1,0,17,7,0,4,4,2,8,975,2,1,0,8,1,2,429,2,2006,230000,5
256,1,0,5,6,0,1,4,3,159,361,2,1,0,7,0,3,673,5,2008,207500,5
257,0,0,0,7,0,2,4,5,160,270,2,1,0,8,1,3,660,3,2009,220000,5
258,0,0,0,7,0,4,4,5,161,602,2,1,0,7,1,3,564,5,2008,231500,5
259,0,0,7,5,4,1,4,5,8,0,1,0,1,4,0,1,308,12,2008,97000,2
260,0,2,11,6,2,4,1,3,221,0,1,0,1,6,1,1,884,5,2009,176000,4
261,1,0,0,8,6,2,4,2,8,1482,2,1,2,10,1,2,868,11,2007,276000,6
262,1,2,9,6,3,4,3,1,163,0,1,0,1,6,1,1,492,7,2006,151000,4
263,0,2,7,5,2,1,4,6,19,0,1,0,1,6,0,1,484,4,2010,130000,3
264,3,0,7,5,2,1,4,2,8,680,1,0,1,4,0,1,504,6,2008,73000,2
265,1,0,6,6,1,4,4,5,313,606,2,0,0,7,1,2,576,6,2008,175500,4
266,1,1,17,6,0,1,3,5,164,88,2,1,1,8,1,2,413,6,2006,185000,4
267,0,0,23,5,2,1,4,6,506,342,2,1,0,8,1,1,240,7,2008,179500,4
268,0,0,13,5,0,1,4,1,474,212,1,0,1,4,1,2,924,2,2008,120500,3
269,1,2,15,6,3,4,4,4,166,392,1,1,1,6,1,3,504,5,2007,148000,3
270,0,0,5,8,0,1,2,2,8,1095,2,1,0,8,1,3,1053,8,2006,266000,6
271,1,3,19,7,7,1,1,6,593,96,1,0,1,5,2,1,439,4,2008,241500,5
272,1,3,3,8,0,4,4,5,143,628,2,1,0,9,1,2,671,4,2010,290000,6
273,0,0,11,6,2,3,4,3,279,0,2,0,1,6,1,3,338,4,2009,139000,3
274,0,2,4,5,3,1,1,1,169,270,1,0,1,5,0,1,264,6,2007,124500,3
275,0,0,8,7,2,1,4,2,8,952,2,1,2,5,0,1,672,10,2009,205000,5
276,1,0,4,7,0,1,4,2,8,1560,2,0,0,7,0,2,573,4,2010,201000,5
277,0,2,17,4,0,1,4,6,604,744,1,0,1,4,0,1,400,6,2010,141000,3
278,0,0,10,9,6,4,1,2,8,2121,2,1,2,8,1,2,732,5,2007,415298,9
279,0,0,19,7,7,4,4,4,170,768,2,1,1,8,1,2,505,3,2008,192000,4
280,0,0,12,7,7,4,3,5,171,386,2,1,0,7,1,2,575,1,2007,228500,5
281,0,0,5,6,0,2,4,5,172,357,2,0,0,5,0,2,572,5,2006,185000,4
282,0,0,10,7,0,2,4,5,173,410,2,0,0,6,1,3,626,4,2009,207500,5
283,0,0,5,8,0,2,4,2,8,1468,2,0,0,6,1,2,898,12,2009,244600,5
284,0,0,12,6,7,1,4,5,174,1145,2,0,0,5,0,3,529,7,2007,179200,4
285,1,0,5,7,1,1,4,2,8,625,2,1,0,5,0,3,528,6,2007,164700,4
286,1,0,11,6,2,1,4,3,102,312,1,1,0,7,1,3,440,6,2006,159000,4
287,1,2,11,4,3,1,4,4,175,244,1,0,1,5,0,3,0,6,2006,88000,2
288,1,0,9,5,1,4,4,4,550,432,1,0,1,5,0,1,280,2,2010,122000,3
289,0,0,8,6,2,1,4,2,8,698,1,0,1,7,0,1,384,7,2007,153575,4
290,0,0,0,8,0,1,3,2,8,1079,2,1,0,8,1,3,685,7,2006,233230,5
291,0,0,23,5,0,1,4,3,177,570,2,0,3,9,0,3,0,3,2008,135900,3
292,0,0,15,5,2,1,4,6,178,476,1,1,1,8,1,1,281,1,2009,131000,3
293,1,2,6,7,7,4,4,1,179,0,2,1,0,9,1,2,539,3,2006,235000,5
294,0,0,11,6,3,2,4,5,318,131,1,0,1,7,2,2,418,10,2009,167000,4
295,1,3,4,6,3,1,3,5,181,184,1,0,1,6,0,1,588,3,2006,142500,3
296,0,0,13,5,2,1,4,4,182,490,1,1,1,6,0,1,282,6,2007,152000,4
297,1,0,5,7,0,4,4,4,199,326,2,1,0,7,1,3,576,6,2007,239000,5
298,0,0,6,6,3,4,4,1,38,143,1,2,1,7,1,1,539,6,2007,175000,4
299,0,0,2,6,3,1,4,2,8,1092,1,0,0,6,1,1,300,8,2009,158500,4
300,0,2,2,5,1,4,2,4,183,324,1,0,1,5,2,1,375,6,2006,157000,4
301,3,0,0,8,0,1,4,5,184,747,2,1,0,9,1,2,683,5,2007,267000,6
302,1,2,0,7,0,4,4,2,8,1541,2,0,0,6,1,3,843,1,2006,205000,5
303,0,2,0,5,0,1,4,1,266,0,1,0,1,5,0,1,552,7,2006,149900,3
304,0,0,7,7,6,1,4,2,8,1470,3,0,0,10,1,1,870,5,2008,295000,6
305,0,0,0,8,6,2,4,5,186,536,2,0,0,8,0,2,888,7,2007,305900,7
306,0,0,12,7,3,4,4,1,371,0,2,1,0,8,1,3,746,6,2007,225000,5
307,1,0,13,6,1,1,4,2,8,319,1,0,3,6,0,3,0,3,2008,89500,2
308,1,0,15,4,0,1,4,4,188,599,1,0,1,4,0,1,539,3,2009,82500,2
309,1,0,10,9,0,1,1,5,602,622,2,0,2,8,3,2,708,11,2006,360000,8
310,1,0,17,6,3,4,4,1,190,179,2,1,0,6,1,2,420,5,2006,165600,4
311,0,0,11,6,0,1,4,1,96,292,1,0,1,5,1,1,240,5,2009,132000,3
312,0,0,7,5,1,1,2,3,92,286,1,0,1,5,1,1,410,5,2006,119900,3
313,3,0,16,7,4,1,1,1,396,80,2,0,1,8,2,3,513,6,2009,375000,8
314,0,0,7,7,2,1,4,6,297,712,1,1,2,6,1,1,546,8,2006,178000,4
315,1,0,17,7,0,1,4,5,585,291,2,1,0,6,1,2,432,7,2009,188500,4
316,1,2,6,7,6,4,4,5,374,153,2,1,2,10,1,3,484,8,2009,260000,6
317,0,0,5,8,0,1,3,2,8,1088,2,1,0,8,1,3,1025,12,2007,270000,6
318,0,0,3,7,3,4,1,5,592,360,2,1,0,9,1,3,656,4,2009,260000,6
319,0,0,6,7,7,4,3,5,127,336,2,0,1,6,2,1,588,6,2009,187500,4
320,0,2,10,9,0,2,3,2,8,1249,3,1,0,9,0,3,840,9,2006,342643,7
321,1,0,10,8,0,4,3,5,195,166,2,1,0,10,1,2,872,6,2007,354000,8
322,1,0,12,7,7,4,1,6,435,0,2,1,0,8,1,2,576,8,2007,301000,7
323,0,0,7,3,0,1,4,1,426,906,1,0,1,6,0,1,220,7,2006,126175,3
324,0,2,11,7,2,4,4,2,8,710,2,1,0,11,1,2,564,6,2010,242000,5
325,0,0,13,5,1,1,3,4,345,604,1,0,1,5,0,1,360,12,2007,87000,2
326,1,3,1,8,4,1,1,5,198,100,1,1,0,6,2,2,473,5,2008,324000,7
327,0,0,11,6,2,4,4,3,540,818,1,1,1,7,0,3,292,4,2006,145250,3
328,1,0,8,6,2,1,4,2,8,844,2,0,0,10,0,1,441,7,2009,214500,5
329,0,2,13,5,2,1,2,2,8,596,1,0,1,6,0,1,189,7,2009,78000,2
330,1,0,11,5,3,4,4,5,199,1424,2,0,1,10,0,1,352,11,2007,119000,3
331,0,0,11,5,2,1,4,3,200,210,1,0,1,6,0,3,308,8,2007,139000,3
332,1,0,10,8,0,4,4,5,201,1603,2,0,0,7,1,3,880,10,2009,284000,6
333,0,4,10,7,0,2,3,5,202,638,2,0,0,6,1,3,484,7,2008,207000,5
334,1,0,17,6,0,1,1,5,615,115,2,1,1,7,2,2,472,7,2008,192000,4
335,1,2,16,5,7,1,1,1,617,103,2,0,1,7,2,2,529,8,2008,228950,5
336,1,2,18,9,0,2,1,5,617,673,2,0,0,8,1,2,676,7,2007,377426,8
337,0,0,0,7,0,4,3,5,205,726,2,0,0,7,0,3,532,12,2008,214000,5
338,0,2,6,7,2,1,2,1,350,995,2,0,0,8,0,3,440,5,2006,202500,5
339,1,0,11,6,2,4,4,3,207,630,1,0,1,6,0,1,297,6,2009,155000,4
340,0,0,16,8,0,1,4,2,8,967,2,1,0,9,0,2,431,4,2010,202900,5
341,0,0,12,4,2,1,4,2,8,721,1,0,1,4,0,1,294,9,2009,82000,2
342,0,0,11,3,9,4,4,5,8,0,2,0,1,6,0,1,400,5,2006,87500,2
343,1,0,10,9,1,4,4,5,435,1656,2,0,2,6,1,3,564,7,2008,266000,6
344,0,0,14,5,6,1,4,3,208,175,1,1,1,4,0,1,336,4,2010,85000,2
345,0,0,8,6,1,1,4,2,8,972,1,0,3,6,1,1,312,10,2006,140200,3
346,1,3,11,6,1,1,2,4,209,460,1,0,1,5,0,3,301,4,2007,151500,4
347,1,0,11,6,2,4,4,4,210,208,2,0,1,6,2,1,498,12,2009,157500,4
348,0,0,10,7,0,2,4,5,211,191,2,1,0,6,0,3,474,10,2008,154000,4
349,2,0,10,9,6,4,4,5,544,438,2,1,2,10,2,2,706,4,2006,437154,9
350,1,0,10,9,1,4,4,2,8,1869,2,0,2,6,1,3,617,12,2007,318061,7
351,1,0,19,7,2,1,1,5,213,371,1,1,0,6,1,3,445,12,2006,190000,4
352,0,0,15,5,0,1,2,6,214,0,1,0,1,5,0,1,200,3,2008,95000,2
353,0,0,7,6,0,1,4,2,8,624,1,0,1,5,0,1,484,5,2010,105900,3
354,0,0,23,6,2,1,4,6,215,552,1,0,1,6,2,1,240,6,2006,140000,3
355,2,0,0,6,0,1,4,1,216,322,2,0,0,6,0,3,521,8,2007,177500,4
356,1,0,17,6,3,4,4,5,123,598,2,0,0,6,0,3,400,7,2009,173000,4
357,0,0,14,5,6,1,4,1,217,268,1,1,1,6,1,2,528,8,2007,134000,3
358,1,0,19,5,2,4,3,4,79,468,1,0,0,6,0,1,288,7,2006,130000,3
359,1,3,3,8,0,4,3,5,232,130,2,1,0,7,1,3,592,6,2006,280000,6
360,1,3,4,6,0,1,3,5,536,115,1,0,1,5,1,3,470,6,2007,156000,4
361,0,0,8,5,1,1,4,3,521,484,1,0,1,8,0,1,240,7,2008,145000,3
362,0,2,15,7,3,4,4,5,8,0,3,0,0,7,1,3,672,7,2009,198500,4
363,0,0,22,6,3,4,4,1,221,321,1,1,0,5,0,1,264,5,2009,118000,3
364,1,1,6,6,3,4,2,5,222,84,2,1,1,6,1,2,566,7,2006,190000,4
365,0,0,13,5,0,1,4,3,31,216,1,0,1,6,0,1,468,7,2009,147000,3
366,1,0,11,6,7,4,4,4,467,785,1,1,1,6,2,3,514,7,2009,159000,4
367,1,2,11,6,7,4,1,5,224,728,1,0,1,6,1,3,296,12,2008,165000,4
368,0,0,11,5,3,4,4,6,225,728,1,0,1,7,1,2,244,3,2010,132000,3
369,1,2,11,5,2,1,4,1,226,733,1,0,0,7,1,2,576,3,2010,162000,4
370,1,0,17,6,0,1,4,2,8,953,2,1,1,7,1,3,460,1,2006,172400,4
371,0,0,19,4,5,1,4,5,8,0,2,0,1,7,1,2,680,7,2008,134432,3
372,0,0,12,6,7,1,4,1,227,0,1,0,1,4,0,1,264,2,2010,125000,3
373,0,0,11,5,1,1,4,4,228,0,1,0,1,5,0,1,270,11,2009,123000,3
374,0,0,0,7,0,1,4,2,8,847,2,1,0,8,1,2,434,7,2007,219500,5
375,1,0,15,1,2,1,1,4,229,333,0,1,3,4,0,3,0,3,2009,61000,2
376,1,3,0,5,0,1,3,5,230,572,1,0,1,5,0,1,576,7,2006,148000,3
377,1,2,5,8,6,1,4,2,8,1580,3,0,0,8,1,3,610,12,2007,340000,7
378,0,2,18,9,0,2,3,5,332,411,1,1,2,8,1,2,834,6,2010,394432,8
379,1,0,17,6,0,4,4,2,8,982,2,1,1,7,1,2,463,6,2009,179000,4
380,0,0,23,5,4,1,4,6,232,808,2,0,0,6,1,1,308,5,2010,127000,3
381,0,0,5,7,0,1,4,2,8,1293,2,0,0,5,1,3,572,8,2006,187750,4
382,1,0,0,7,0,1,3,2,8,939,2,1,0,8,0,3,639,4,2007,213500,5
383,0,2,12,6,2,1,4,2,8,784,1,0,1,5,0,1,360,10,2009,76000,2
384,2,2,19,6,3,1,3,5,233,595,2,1,0,9,2,2,501,6,2007,240000,5
385,0,0,21,8,0,4,4,5,55,1232,2,0,0,6,1,2,430,4,2010,192000,4
386,0,1,15,5,2,1,4,2,8,658,1,0,1,8,0,3,0,5,2006,81000,2
387,0,0,15,6,1,4,3,1,234,410,1,0,1,6,1,1,352,10,2009,125000,3
388,1,3,0,7,0,4,4,2,8,1468,2,0,0,6,0,3,577,7,2008,191000,4
389,0,0,10,10,0,2,3,5,235,402,2,1,2,9,1,2,846,8,2008,426000,9
390,0,0,15,5,1,1,4,3,236,229,1,0,1,7,0,1,384,4,2008,119000,3
391,1,3,4,6,0,1,4,1,237,114,2,1,0,7,1,2,560,6,2009,215000,5
392,1,0,11,5,1,1,4,5,8,0,1,0,1,5,0,3,294,7,2007,106500,3
393,0,2,8,4,5,1,4,3,238,522,1,0,1,4,2,3,0,4,2006,100000,3
394,0,0,7,5,1,1,4,2,8,735,1,0,1,5,0,1,240,7,2007,109000,3
395,0,0,15,5,2,1,3,4,43,405,1,0,1,6,0,1,596,6,2010,129000,3
396,0,0,0,5,1,1,3,3,384,117,1,0,1,6,0,3,600,9,2009,123000,3
397,0,0,11,5,0,4,4,1,225,324,2,0,1,8,1,3,264,7,2007,169500,4
398,0,2,13,5,1,1,4,2,8,961,1,0,1,6,0,1,338,11,2007,67000,2
399,0,0,5,7,6,2,4,5,515,280,2,0,0,7,0,2,438,10,2009,241000,5
400,2,0,1,8,4,1,4,5,241,474,1,1,2,4,2,2,500,12,2008,245500,5
401,1,0,0,7,0,1,3,5,55,1286,2,0,0,6,1,2,400,7,2006,164990,4
402,0,0,9,5,2,1,4,2,8,672,1,0,1,4,0,1,240,8,2008,108000,3
403,0,2,3,8,0,4,4,2,8,1141,2,1,0,10,1,2,420,7,2006,258000,6
404,1,0,17,6,1,1,4,2,8,806,2,1,1,7,1,2,373,5,2007,168000,4
405,1,2,9,4,7,1,4,4,242,165,2,0,1,8,1,1,490,6,2009,150000,4
406,0,0,23,6,1,1,4,2,8,1064,1,0,1,6,0,1,240,3,2008,115000,3
407,0,0,2,6,2,1,4,2,8,840,2,0,1,8,0,1,308,3,2008,177000,4
408,0,2,10,7,0,4,4,2,8,1063,2,1,0,9,1,3,947,8,2007,280000,6
409,0,0,5,8,0,2,4,5,243,245,2,1,2,8,1,2,836,4,2008,339750,7
410,0,0,15,5,10,1,4,2,8,1276,1,0,1,5,0,1,350,6,2009,60000,2
411,0,0,17,5,2,1,2,3,244,0,1,0,1,5,0,2,572,1,2006,145000,3
412,2,0,5,7,1,2,3,5,14,892,2,1,0,7,1,2,484,6,2010,222000,5
413,0,0,7,5,5,1,4,2,8,1008,1,0,1,5,1,1,360,3,2010,115000,3
414,2,3,12,7,0,1,4,4,245,499,2,1,0,9,1,1,678,12,2008,228000,5
415,1,0,17,7,0,1,3,5,55,1316,2,0,0,6,0,2,396,8,2007,181134,4
416,0,0,9,6,3,4,4,1,95,463,1,1,1,6,1,2,440,3,2006,149500,3
417,1,0,2,6,2,1,4,4,246,242,2,1,1,10,1,1,864,11,2007,239000,5
418,0,0,15,5,1,1,4,1,132,444,1,1,1,7,0,1,240,4,2007,126000,3
419,0,0,11,5,0,1,4,4,261,281,1,0,1,6,1,1,304,7,2010,142000,3
420,0,0,4,7,0,4,1,5,589,35,2,0,1,8,0,2,784,11,2008,206300,5
421,1,1,6,6,6,2,4,1,432,356,2,0,0,8,1,2,529,6,2009,215000,5
422,0,0,4,5,3,1,4,2,8,988,1,0,1,4,0,3,520,2,2008,113000,3
423,0,0,3,8,0,4,4,5,250,484,2,1,0,8,1,2,696,6,2008,315000,7
424,0,0,11,6,2,4,4,6,420,580,1,0,1,6,1,3,297,5,2008,139000,3
425,0,0,7,7,3,1,4,2,8,651,1,1,1,6,2,1,240,9,2009,135000,3
426,0,0,12,7,2,4,1,5,403,0,2,0,0,5,1,2,569,8,2009,275000,6
427,1,0,11,4,1,1,4,3,112,619,1,0,1,5,0,1,352,7,2008,109008,3
428,0,0,0,7,0,4,4,5,253,544,2,0,0,6,0,3,628,9,2007,195400,4
429,1,2,16,6,3,1,2,5,87,387,2,0,0,6,1,1,576,3,2009,175000,4
430,0,0,22,6,3,4,4,1,254,96,1,1,1,4,0,1,264,7,2008,85400,2
431,1,0,7,6,1,1,4,2,8,901,1,0,1,7,0,3,0,9,2008,79900,2
432,0,0,22,5,3,4,4,1,255,294,1,1,1,6,0,1,440,8,2007,122500,3
433,1,2,17,6,0,1,4,2,8,926,2,1,1,7,1,2,470,7,2008,181000,4
434,0,0,14,4,6,1,3,1,289,135,1,0,1,3,0,3,0,6,2008,81000,2
435,2,3,0,7,0,1,3,5,256,70,2,1,0,6,1,3,550,4,2009,212000,5
436,0,0,7,6,9,1,4,2,8,648,1,0,1,6,0,1,440,10,2006,116000,3
437,0,0,8,6,2,1,4,2,8,884,1,0,1,4,0,1,180,1,2009,119000,3
438,0,0,2,5,5,1,4,6,472,75,1,0,0,4,1,1,352,3,2007,90350,2
439,0,2,15,6,2,1,2,2,8,684,1,0,0,7,0,1,528,8,2009,110000,3
440,0,0,10,10,0,2,1,5,258,788,2,0,2,10,2,2,672,4,2009,555000,12
441,0,0,15,4,0,4,4,1,606,1307,2,0,3,8,0,3,0,9,2008,118000,3
442,0,0,8,5,1,1,4,2,8,1078,2,0,1,8,1,1,360,6,2008,162900,4
443,0,0,21,7,5,4,3,2,8,1258,2,0,0,6,1,2,648,6,2007,172500,4
444,0,0,0,7,0,1,4,5,260,273,2,1,0,8,1,1,493,7,2008,210000,5
445,0,2,15,6,2,1,4,2,8,1436,1,0,1,7,1,1,480,11,2009,127500,3
446,1,2,11,6,4,1,4,1,261,557,2,1,0,6,1,2,578,6,2010,190000,4
447,1,2,17,7,0,1,4,2,8,930,2,1,0,10,1,2,431,7,2006,199900,4
448,0,0,13,6,1,1,4,2,8,780,2,0,1,7,1,1,198,6,2006,119500,3
449,0,0,7,3,1,1,4,1,262,318,1,1,1,6,0,1,308,6,2007,120000,3
450,0,0,7,6,2,1,4,2,8,813,1,0,0,5,0,1,270,6,2006,110000,3
451,1,0,19,7,7,1,1,1,4,878,2,0,0,5,2,1,576,12,2006,280000,6
452,1,2,16,6,0,4,4,1,263,130,2,1,1,7,0,2,422,7,2007,204000,5
453,0,0,5,8,0,1,4,2,8,768,2,1,0,6,0,3,676,6,2009,210000,5
454,0,0,4,5,7,1,4,1,622,122,2,0,1,8,0,1,560,7,2006,188000,4
455,0,0,6,7,3,4,4,1,265,326,1,1,1,6,1,1,528,9,2007,175500,4
456,0,0,7,5,8,1,4,2,8,624,1,0,1,7,0,1,513,5,2008,98000,2
457,1,3,19,4,7,1,1,4,242,248,1,0,0,6,2,2,529,3,2008,256000,6
458,0,0,7,8,9,1,4,2,8,588,1,0,0,7,1,1,228,6,2008,161000,4
459,1,2,8,5,1,3,4,6,266,524,1,0,0,5,1,1,352,7,2009,110000,3
460,1,0,5,8,0,2,4,5,267,288,2,1,1,8,0,2,552,12,2009,263435,6
461,0,0,23,7,2,1,4,1,229,0,1,0,0,6,0,3,576,4,2009,155000,4
462,1,0,9,5,1,1,4,3,268,0,1,0,1,5,1,1,360,12,2009,62383,2
463,1,0,2,6,9,1,4,6,269,389,1,1,1,6,1,1,240,8,2008,188700,4
464,0,0,0,5,3,4,4,3,420,424,2,0,1,5,0,3,0,8,2009,124000,3
465,0,0,21,7,0,4,4,2,8,1375,2,0,0,6,1,2,398,5,2006,178740,4
466,0,0,11,7,7,1,1,5,270,499,1,0,1,5,1,1,526,4,2007,167000,4
467,0,0,11,5,1,2,4,6,271,342,1,1,0,7,2,1,312,6,2007,146500,3
468,1,0,10,8,0,2,4,2,8,1626,2,0,0,7,1,3,866,5,2007,250000,6
469,1,2,12,6,3,4,4,5,272,406,2,1,0,7,0,3,506,6,2008,187000,4
470,1,2,18,8,3,1,3,5,502,0,1,1,0,4,0,3,528,6,2010,212000,5
471,0,0,6,7,5,1,4,2,8,808,2,1,1,8,1,3,534,11,2007,190000,4
472,0,0,15,6,0,4,1,5,274,88,1,0,1,5,0,3,525,6,2008,148000,3
473,1,0,10,8,0,4,1,5,549,626,2,0,0,7,1,3,908,7,2007,440000,9
474,0,0,18,8,6,1,3,5,276,298,2,0,2,6,0,3,499,8,2007,251000,6
475,0,2,9,5,3,1,4,5,277,340,1,0,1,5,0,1,624,7,2007,132500,3
476,0,0,0,6,0,4,1,5,278,484,2,0,0,7,1,2,508,4,2008,208900,5
477,0,0,10,9,0,4,3,2,8,2153,2,1,2,9,1,2,694,3,2007,380000,8
478,0,0,0,8,0,2,1,5,108,417,2,0,0,7,1,3,826,9,2009,297000,6
479,0,0,7,4,9,3,4,3,279,739,1,0,1,7,0,1,672,3,2007,89471,2
480,1,1,10,9,0,4,1,5,280,572,2,0,0,8,1,2,772,3,2006,326000,7
481,1,0,10,9,0,4,1,5,281,225,2,0,2,6,1,2,874,8,2006,374000,8
482,0,2,7,7,9,1,4,1,363,611,1,1,2,7,1,1,164,6,2009,155000,4
483,0,1,4,6,0,4,4,5,283,319,2,0,1,5,0,1,402,5,2006,164000,4
484,1,2,9,5,3,1,4,1,313,411,1,0,0,6,0,1,264,3,2007,132500,3
485,0,0,11,5,1,1,4,1,471,506,1,0,0,5,1,1,264,7,2009,147000,3
486,0,0,11,5,1,4,4,1,459,237,1,1,1,6,0,3,515,6,2007,156000,4
487,1,0,6,5,7,1,3,1,11,486,2,0,1,7,1,1,487,2,2007,175000,4
488,0,2,7,5,2,1,4,4,253,290,2,0,1,10,1,1,520,5,2006,160000,4
489,0,0,14,4,6,1,3,5,286,115,1,0,0,3,0,1,286,5,2009,86000,2
490,0,0,14,5,6,1,2,2,8,264,1,1,1,4,1,2,336,6,2008,115000,3
491,0,0,11,6,2,1,4,4,474,238,1,0,3,5,2,1,240,8,2006,133000,3
492,1,2,17,6,0,1,4,2,8,728,2,1,1,8,0,3,429,5,2006,172785,4
493,0,0,11,5,4,1,4,4,287,363,1,1,1,6,1,1,308,6,2008,155000,4
494,0,0,7,5,1,1,4,2,8,190,1,0,1,4,0,1,273,12,2009,91300,2
495,0,0,13,4,2,1,4,3,289,225,1,0,1,4,0,3,0,11,2009,34900,1
496,1,0,3,8,4,1,4,5,288,1969,3,0,0,10,1,3,546,5,2007,430000,9
497,0,0,8,7,2,1,4,3,153,697,2,0,1,8,0,1,240,6,2008,184000,4
498,0,0,9,5,3,4,4,1,550,414,1,0,0,5,0,2,288,6,2009,130000,3
499,1,0,11,5,1,1,4,4,289,522,1,0,1,5,0,2,297,6,2007,120000,3
500,0,0,22,6,3,4,4,4,327,316,1,1,1,7,0,1,264,5,2007,113000,3
501,0,0,5,7,0,1,4,5,291,466,2,1,0,7,0,3,603,2,2008,226700,5
502,0,2,15,5,1,1,4,1,292,420,1,0,1,6,0,1,461,4,2007,140000,3
503,1,0,2,7,4,1,4,1,293,254,2,0,1,6,2,2,484,3,2010,289000,6
504,0,0,20,6,7,1,4,1,472,103,2,1,1,6,1,1,440,6,2009,147000,3
505,0,0,7,5,2,4,4,2,8,960,2,0,1,10,0,1,400,7,2009,124500,3
506,1,0,12,8,0,4,4,5,295,397,2,1,0,8,1,3,471,9,2006,215000,5
507,1,0,5,6,0,1,4,5,551,1191,2,0,0,4,0,2,676,9,2009,208300,5
508,0,0,7,7,1,1,4,3,297,548,2,0,0,7,1,1,360,10,2008,161000,4
509,0,2,11,5,1,4,4,1,298,50,1,0,1,6,0,3,270,7,2009,124500,3
510,0,0,11,5,2,3,4,4,299,178,1,0,1,6,2,1,288,6,2009,164900,4
511,1,0,10,7,0,2,4,2,8,1368,2,0,0,6,1,3,474,3,2006,202665,5
512,0,2,11,5,0,1,4,4,300,169,1,0,1,5,0,1,624,7,2006,129900,3
513,0,2,4,6,0,1,4,1,52,748,1,1,1,5,0,1,484,6,2007,134000,3
514,0,0,2,5,2,1,4,2,8,768,1,0,1,5,0,1,200,6,2007,96500,2
515,0,0,10,10,6,4,4,5,468,570,2,1,2,9,1,2,900,9,2009,402861,9
516,1,2,6,6,3,4,4,2,8,689,2,1,1,7,1,3,583,8,2009,158000,4
517,1,0,3,7,0,4,4,2,8,1264,2,1,0,7,1,3,889,7,2009,265000,6
518,1,3,0,6,0,1,2,5,8,88,2,1,1,7,0,3,546,5,2007,211000,5
519,0,0,2,7,1,1,4,2,8,1276,1,1,0,9,2,1,282,6,2009,234000,5
520,0,0,7,4,1,1,4,5,8,0,2,0,1,7,0,3,0,8,2008,106250,3
521,1,2,11,6,0,1,4,3,384,467,1,1,1,6,2,1,336,5,2007,150000,4
522,0,2,8,6,6,1,4,1,521,605,2,0,1,7,2,1,420,10,2006,159000,4
523,1,0,15,10,6,2,1,5,302,878,3,1,2,11,1,2,884,10,2007,184750,4
524,1,0,3,7,0,4,4,5,303,660,2,1,0,8,1,2,834,8,2007,315750,7
525,0,0,5,7,0,1,4,2,8,1257,2,0,0,6,1,1,453,4,2006,176000,4
526,0,0,11,5,2,1,4,3,304,551,1,0,1,4,0,1,252,6,2007,132000,3
527,1,0,10,9,0,2,3,5,305,122,2,1,2,11,1,2,858,11,2008,446261,9
528,1,0,15,4,2,1,2,1,446,180,1,0,1,5,0,3,0,7,2007,86000,2
529,1,3,2,6,2,4,4,3,307,816,3,0,1,9,2,3,484,3,2007,200624,5
530,0,0,16,6,3,4,3,5,320,678,2,0,0,5,1,3,600,8,2008,175000,4
531,1,4,8,6,2,1,2,2,8,611,2,0,1,6,0,2,502,6,2008,128000,3
532,0,0,11,5,0,1,4,5,8,0,1,0,1,5,1,1,392,4,2010,107500,3
533,0,0,8,1,0,1,4,5,8,0,1,0,3,2,0,3,0,1,2007,39300,1
534,1,0,17,8,0,1,3,2,8,707,2,1,0,6,1,2,403,10,2006,178000,4
535,0,0,15,5,1,1,1,5,614,148,1,0,1,5,0,3,0,1,2008,107500,3
536,1,3,0,7,0,1,3,2,8,880,2,1,0,8,0,2,527,7,2008,188000,4
537,1,1,11,4,1,1,4,4,102,264,1,0,1,5,0,1,576,4,2008,111250,3
538,1,0,9,5,7,4,4,4,310,378,1,1,1,7,1,1,336,7,2006,158000,4
539,0,0,0,8,0,4,3,5,379,223,2,0,0,6,1,3,670,5,2010,272000,6
540,0,0,16,9,0,4,3,5,312,578,2,0,2,8,1,2,765,3,2009,315000,7
541,0,1,3,8,0,4,4,2,8,969,2,1,0,8,1,2,648,6,2007,248000,5
542,0,0,6,7,0,1,4,6,313,379,2,0,0,7,1,2,583,6,2009,213250,5
543,0,0,11,7,1,4,3,5,314,0,1,0,1,4,0,2,367,6,2007,133000,3
544,1,0,17,7,0,1,3,5,611,100,2,1,0,7,1,3,426,9,2006,179665,4
545,1,2,6,7,3,4,4,5,316,0,2,1,0,9,0,1,786,2,2006,229000,5
546,1,0,8,6,4,1,4,3,79,765,1,1,1,6,1,1,440,5,2007,210000,5
547,0,0,4,5,0,1,3,1,508,149,1,0,1,5,0,1,624,4,2007,129500,3
548,1,0,7,5,1,1,4,6,318,0,1,0,1,4,0,3,720,6,2008,125000,3
549,0,0,5,7,0,1,4,2,8,912,2,1,0,8,1,2,615,11,2009,263000,6
550,0,0,20,6,7,1,4,1,630,510,2,0,1,4,0,3,440,10,2008,140000,3
551,0,0,7,5,4,1,4,3,320,620,1,0,1,5,0,2,288,6,2008,112500,3
552,1,0,10,8,0,2,3,2,8,1709,2,0,0,7,1,3,908,7,2009,255500,6
553,0,0,15,4,0,1,4,5,8,0,2,0,0,5,0,2,520,5,2009,108000,3
554,0,0,10,7,0,4,4,5,321,132,2,1,0,8,1,3,871,8,2008,284000,6
555,0,0,8,5,1,1,4,2,8,993,1,0,1,5,1,1,280,8,2006,113000,3
556,1,0,11,5,2,1,4,3,462,197,1,0,1,6,1,2,299,5,2006,141000,3
557,0,0,13,4,1,1,4,3,323,0,1,1,1,7,0,1,570,9,2006,108000,3
558,2,1,17,7,3,1,1,5,504,125,2,1,1,6,1,1,406,8,2008,175000,4
559,0,0,21,7,0,4,1,2,8,1374,2,0,0,7,1,2,420,10,2006,234000,5
560,1,0,9,5,2,4,4,1,325,90,1,1,1,5,1,1,528,5,2010,121500,3
561,0,0,4,5,3,1,3,1,326,195,1,0,1,6,1,3,418,4,2006,170000,4
562,0,0,15,5,5,1,4,4,327,706,1,0,1,6,1,3,0,7,2008,108000,3
563,0,0,15,6,2,1,2,2,8,1163,2,0,1,8,1,2,396,7,2008,185000,4
564,1,3,3,7,3,1,4,5,336,367,2,1,0,9,1,3,590,7,2006,268000,6
565,0,2,23,6,2,1,4,2,8,806,1,1,3,6,0,1,216,5,2010,128000,3
566,1,0,18,9,0,4,4,2,8,1122,2,1,2,11,1,2,656,6,2008,325000,7
567,1,0,10,7,0,4,4,5,329,1515,2,0,0,7,0,3,532,3,2010,214000,5
568,1,0,12,8,2,1,1,5,438,55,1,1,0,5,1,2,612,9,2009,316600,7
569,1,2,11,5,1,1,1,5,331,0,1,0,1,4,2,1,600,12,2006,135960,3
570,1,0,11,5,3,4,4,6,332,1497,2,0,1,10,0,1,576,11,2008,142600,3
571,0,0,11,6,5,4,4,4,333,450,1,0,0,4,0,1,288,10,2006,120000,3
572,1,2,16,7,0,1,3,2,8,846,2,1,0,6,0,3,650,7,2009,224500,5
573,1,0,17,7,0,1,4,2,8,384,2,1,1,8,1,3,400,12,2007,170000,4
574,0,1,11,5,1,4,3,1,334,23,1,0,1,5,0,1,288,12,2007,139000,3
575,0,0,11,5,1,1,4,3,335,390,1,0,1,6,0,1,336,10,2008,118500,3
576,0,0,23,7,2,1,4,2,8,861,2,0,1,6,1,1,216,8,2009,145000,3
577,1,0,9,5,0,4,3,6,336,285,1,0,1,6,2,3,564,5,2006,164500,4
578,0,2,5,7,0,1,4,2,8,689,2,0,0,5,0,1,540,2,2008,146000,3
579,0,0,7,5,1,4,4,2,8,1050,2,0,1,7,0,1,352,11,2008,131500,3
580,1,3,11,6,2,4,4,4,337,331,1,0,0,7,2,1,572,6,2007,181900,4
581,0,0,10,8,0,4,4,2,8,2042,2,1,2,8,1,3,1390,8,2009,253293,6
582,0,0,15,6,3,4,3,5,437,0,1,0,1,5,0,3,0,5,2007,118500,3
583,0,0,7,10,2,1,4,2,8,1237,3,1,0,9,1,1,880,7,2008,325000,7
584,0,0,8,4,8,1,4,2,8,884,1,0,0,6,0,1,240,7,2009,133000,3
585,0,0,16,8,0,4,1,5,339,408,2,0,0,7,2,3,880,3,2006,369900,8
586,0,0,8,6,9,1,2,3,177,0,1,0,3,5,0,2,275,5,2008,130000,3
587,1,0,9,5,3,1,3,1,221,168,1,0,1,4,0,1,528,7,2009,137000,3
588,1,0,19,5,2,1,1,5,569,113,1,0,2,5,2,1,452,6,2009,143000,3
589,0,0,8,5,0,1,4,2,8,742,1,0,1,4,0,1,308,8,2008,79500,2
590,0,0,0,7,0,1,4,5,39,280,2,1,0,6,0,3,520,9,2008,185900,4
591,1,2,10,10,6,2,1,5,341,384,2,1,2,10,1,3,842,6,2009,451950,10
592,0,0,4,5,3,1,4,5,437,0,1,0,1,4,0,2,816,6,2008,138000,3
593,0,0,0,6,0,4,3,5,342,163,1,0,0,4,0,2,420,5,2009,140000,3
594,1,0,0,5,3,1,4,2,8,924,1,0,1,5,0,1,280,4,2008,110000,3
595,1,0,18,8,0,4,1,5,343,392,2,0,0,7,1,2,758,8,2006,319000,7
596,0,0,7,6,0,1,4,2,8,684,1,0,1,7,0,1,216,10,2006,114504,3
597,0,0,21,7,0,4,3,2,8,1258,0,2,0,7,1,2,648,2,2007,194201,4
598,0,0,2,5,7,4,2,1,572,0,2,0,0,7,1,2,621,3,2006,217500,5
599,0,0,24,6,1,1,4,6,345,23,2,1,1,6,1,2,452,7,2008,151000,4
600,0,0,10,8,0,4,3,5,169,512,2,1,2,8,1,2,736,6,2006,275000,6
601,0,0,13,6,2,1,4,2,8,780,1,1,0,6,1,1,544,12,2007,141000,3
602,1,0,12,8,3,1,2,5,243,119,2,1,0,8,1,2,506,2,2006,220000,5
603,0,0,5,7,1,1,4,2,8,600,2,1,0,4,0,3,480,6,2010,151000,4
604,1,0,0,7,0,4,2,5,158,572,2,0,0,6,1,3,530,9,2008,221000,5
605,0,0,11,7,3,4,4,4,346,314,2,1,1,7,3,1,486,10,2009,205000,5
606,2,2,0,5,0,1,4,5,5,308,1,0,0,6,0,1,576,11,2009,152000,4
607,0,0,15,5,1,1,4,5,46,293,3,0,2,8,0,1,230,8,2006,225000,5
608,0,0,2,8,4,1,2,4,228,537,2,1,1,10,2,1,380,9,2007,359100,8
609,0,0,9,4,0,3,2,3,347,126,1,0,1,5,0,1,261,4,2007,118500,3
610,0,0,0,9,0,4,2,5,173,536,2,1,2,8,2,2,736,5,2009,313000,7
611,1,1,6,6,3,4,3,1,348,427,2,0,1,6,1,1,564,7,2007,148000,3
612,0,0,0,8,0,4,3,5,349,309,2,1,2,7,1,3,531,11,2009,261500,6
613,0,0,4,5,0,1,4,1,350,914,1,0,1,6,0,3,0,12,2007,147000,3
614,0,0,14,4,6,1,3,6,351,0,1,0,1,3,0,3,0,5,2010,75500,2
615,0,0,11,6,1,4,1,5,34,173,1,0,0,6,0,3,480,5,2010,137500,3
616,1,0,17,6,0,1,4,5,352,326,2,1,0,7,1,2,393,6,2006,183200,4
617,0,2,11,6,1,1,4,2,8,832,1,0,0,4,0,1,528,6,2008,105500,3
618,0,0,10,9,6,4,3,5,540,1774,2,0,0,9,1,1,774,7,2007,314813,7
619,0,0,16,8,0,2,1,5,465,611,2,1,0,10,2,2,749,8,2008,305000,7
620,0,0,15,3,9,1,4,4,355,823,1,0,1,5,0,3,0,9,2008,67000,2
621,0,0,6,6,3,1,4,1,232,384,2,1,1,9,1,3,624,6,2008,240000,5
622,0,0,9,5,7,4,4,4,123,420,1,0,1,6,0,1,484,7,2009,135000,3
623,0,0,5,6,1,4,4,5,182,336,2,1,0,4,1,1,440,6,2007,168500,4
624,0,0,6,6,0,1,4,3,261,485,1,2,1,8,1,3,484,11,2006,165150,4
625,1,2,11,6,2,4,4,2,8,1116,1,1,1,5,0,1,440,2,2010,160000,4
626,1,0,11,5,2,1,4,2,8,978,1,0,1,6,1,3,286,8,2007,139900,3
627,0,0,11,6,8,4,3,4,356,350,1,0,1,7,2,3,364,3,2010,153000,4
628,1,0,11,5,7,4,3,3,299,390,1,2,3,9,2,1,504,9,2007,135000,3
629,0,2,11,6,7,4,1,5,357,288,1,1,1,6,0,3,520,6,2008,168500,4
630,0,2,7,5,0,1,4,2,8,636,1,0,2,8,0,1,240,6,2006,124000,3
631,0,0,10,8,0,2,2,5,55,1530,2,0,0,6,1,3,627,8,2007,209500,5
632,0,0,6,7,7,4,4,1,137,564,2,0,1,6,1,2,544,4,2009,82500,2
633,0,2,11,5,2,1,4,4,358,108,1,0,1,6,0,1,260,7,2007,139400,3
634,0,0,7,6,7,1,4,5,244,0,0,0,1,4,0,1,576,6,2010,144000,3
635,0,0,23,6,0,1,4,6,426,1184,2,0,3,14,0,3,0,3,2007,200000,5
636,0,0,8,2,8,1,4,2,8,264,1,0,3,4,1,3,0,1,2009,60000,2
637,0,0,7,5,2,1,4,2,8,811,2,0,0,7,0,1,256,11,2009,93000,2
638,0,0,15,5,1,1,4,2,8,796,1,0,1,4,0,3,0,5,2008,85000,2
639,0,0,21,8,0,1,3,5,359,366,2,0,2,7,1,2,648,10,2006,264561,6
640,1,0,10,8,1,4,1,5,386,300,1,1,2,6,1,3,588,4,2008,274000,6
641,0,0,5,7,0,1,4,5,360,319,2,1,0,7,1,2,650,5,2007,226000,5
642,0,0,11,8,7,1,1,5,544,542,2,1,2,9,3,2,538,7,2009,345000,7
643,0,0,6,5,5,4,4,3,361,0,2,1,1,7,0,2,462,4,2007,152000,4
644,0,0,5,9,6,2,2,5,362,645,2,1,2,7,1,2,478,10,2009,370878,8
645,1,2,11,6,7,1,4,1,363,664,1,1,1,5,0,1,576,3,2007,143250,3
646,0,0,11,5,1,1,4,5,8,0,1,0,1,7,0,1,420,7,2008,98300,2
647,1,0,15,6,2,2,2,3,444,594,1,0,1,5,2,3,495,6,2008,155000,4
648,0,0,11,6,1,4,4,2,8,756,1,1,1,7,1,1,442,6,2010,155000,4
649,0,0,14,4,6,1,3,4,365,0,1,0,1,3,0,3,0,12,2007,84500,2
650,0,0,5,7,6,4,4,2,8,813,2,1,0,7,0,3,562,5,2008,205950,5
651,0,0,15,4,1,1,2,2,8,755,1,0,1,7,1,1,296,10,2009,108000,3
652,0,0,0,7,0,1,4,2,8,880,2,1,0,7,1,3,512,7,2009,191000,4
653,0,0,13,6,1,1,4,2,8,756,1,0,1,7,0,1,216,6,2008,135000,3
654,1,0,3,8,1,4,1,5,366,413,2,1,0,7,1,2,839,8,2008,350000,8
655,0,0,22,6,3,4,4,2,8,525,1,1,1,6,0,1,264,3,2010,88000,2
656,1,0,11,5,3,4,4,1,367,247,1,1,0,5,0,3,312,8,2008,145500,3
657,0,0,2,7,9,1,4,2,8,776,1,1,1,6,1,3,270,2,2008,149000,3
658,0,0,11,6,0,1,4,2,8,912,1,0,1,6,1,1,330,1,2010,97500,2
659,0,2,15,5,1,1,4,4,323,849,1,0,1,7,0,2,480,3,2009,167000,4
660,0,3,6,7,7,4,4,2,8,793,2,1,1,7,1,3,550,11,2007,197900,4
661,2,3,3,8,0,4,4,5,368,88,2,1,0,8,1,3,711,7,2009,402000,9
662,0,2,11,6,2,4,4,2,8,1392,1,0,1,5,2,3,576,7,2009,110000,3
663,0,0,15,4,7,1,3,4,542,38,2,0,1,6,0,3,588,4,2008,137500,3
664,2,3,5,8,0,1,2,5,370,356,1,1,2,8,1,2,1134,1,2006,423000,9
665,1,2,17,8,0,4,4,2,8,1406,2,1,0,7,1,3,504,11,2006,230500,5
666,1,0,11,6,7,3,4,6,371,111,2,1,1,7,1,1,596,8,2007,129000,3
667,0,0,12,6,3,4,4,5,372,270,2,0,0,7,1,3,575,10,2008,193500,4
668,0,2,9,5,6,1,4,3,373,200,1,1,1,6,1,1,576,11,2006,168000,4
669,0,0,2,4,1,1,4,2,8,700,1,0,3,5,1,1,252,7,2006,137500,3
670,0,1,0,6,0,1,4,5,374,545,2,1,0,7,0,2,540,2,2009,173500,4
671,0,0,15,6,2,1,4,4,483,121,2,0,1,6,0,1,300,7,2009,103600,3
672,1,0,1,6,7,1,4,1,376,441,1,1,1,6,1,3,546,6,2006,165000,4
673,0,0,2,6,6,4,4,5,377,291,2,0,0,7,2,2,416,6,2007,257500,6
674,0,0,11,6,3,1,4,3,378,244,1,0,1,5,1,3,384,7,2008,140000,3
675,0,0,20,6,7,1,4,1,379,544,2,1,1,7,1,1,440,4,2009,148500,3
676,0,0,7,4,8,1,4,2,8,1095,2,0,1,8,0,1,779,5,2006,87000,2
677,0,0,7,5,0,1,4,2,8,768,1,0,0,5,0,1,240,5,2009,109500,3
678,1,0,18,8,0,2,2,2,8,2046,2,1,0,7,1,2,834,7,2009,372500,8
679,1,0,9,5,2,4,4,3,380,161,1,0,1,5,0,1,572,10,2007,128500,3
680,0,0,12,6,7,1,4,4,613,261,2,0,1,5,1,3,264,5,2010,143000,3
681,2,0,23,5,0,1,4,3,226,611,1,0,1,6,0,1,281,7,2009,159434,4
682,0,0,19,6,2,1,2,5,382,288,1,0,0,6,1,1,431,11,2008,173000,4
683,1,2,0,9,0,2,3,5,516,567,2,0,0,7,1,2,702,7,2007,285000,6
684,2,3,3,7,0,4,4,2,8,1195,2,1,1,7,0,2,486,6,2010,221000,5
685,1,3,18,7,3,1,2,5,615,180,2,0,0,6,1,2,577,9,2007,207500,5
686,0,0,5,7,0,1,4,2,8,874,3,0,0,7,0,2,578,8,2007,227875,5
687,2,1,5,7,1,1,4,5,384,312,2,1,0,4,0,1,480,3,2007,148800,3
688,0,0,18,8,1,4,3,5,385,474,2,0,0,7,1,3,567,10,2007,392000,8
689,1,2,10,6,0,2,3,1,386,1342,2,0,0,6,1,3,460,6,2007,194700,4
690,0,0,0,6,0,4,1,5,155,151,1,0,0,3,1,3,420,5,2008,141000,3
691,1,2,3,10,3,4,1,5,387,989,3,1,2,10,2,2,832,1,2007,755000,16
692,1,0,16,7,1,4,1,5,388,245,2,1,0,9,2,3,628,4,2006,335000,7
693,0,2,7,5,1,1,4,2,8,1073,1,0,1,4,0,1,326,12,2006,108480,3
694,0,2,8,5,2,1,4,2,8,927,1,1,1,5,0,1,576,4,2009,141500,3
695,1,0,16,6,3,4,4,5,389,92,2,0,0,5,1,1,551,7,2006,176000,4
696,0,0,8,5,2,1,4,6,420,0,1,0,1,4,0,1,205,6,2006,89000,2
697,1,0,15,5,2,1,2,6,177,219,1,0,1,6,0,1,308,9,2006,123500,3
698,0,0,9,5,1,1,4,5,268,224,1,0,1,5,1,1,336,4,2010,138500,3
699,2,0,5,7,1,1,2,5,297,1375,2,0,0,5,0,3,530,7,2008,196000,4
700,0,0,16,8,0,4,1,5,602,526,2,0,0,7,1,2,765,5,2006,312500,7
701,0,0,6,7,3,4,4,2,8,1164,1,1,1,6,0,1,528,7,2006,140000,3
702,1,0,18,8,0,4,4,2,8,1234,2,1,2,10,1,2,666,7,2006,361919,8
703,0,0,7,5,2,1,4,2,8,360,2,0,0,8,1,1,672,5,2010,140000,3
704,0,0,0,7,0,4,3,5,222,761,2,0,0,7,0,3,606,5,2010,213000,5
705,0,0,13,4,0,1,4,5,8,0,2,0,3,7,0,3,0,7,2010,55000,2
706,2,3,19,7,7,2,1,5,307,424,2,0,0,5,2,1,739,6,2007,302000,7
707,0,0,10,8,1,4,4,5,390,461,2,0,0,6,1,2,550,12,2009,254000,6
708,1,0,17,7,0,1,3,2,8,728,2,1,0,8,1,2,400,7,2007,179540,4
709,1,0,9,5,3,3,4,2,8,876,1,0,1,6,0,1,408,12,2008,109900,3
710,1,0,8,3,0,1,4,2,8,270,1,0,1,5,0,3,0,7,2008,52000,2
711,0,0,13,4,1,1,2,2,8,859,1,0,1,7,0,3,384,1,2010,102776,3
712,1,0,18,8,3,1,2,5,376,461,2,0,0,5,1,2,472,10,2008,189000,4
713,0,0,8,4,3,4,3,1,243,171,1,0,1,6,0,1,576,5,2006,129000,3
714,1,3,9,6,3,4,4,5,391,192,2,1,0,6,0,3,475,3,2010,130500,3
715,0,0,6,6,3,4,4,2,8,1064,2,0,1,7,1,3,478,8,2009,165000,4
716,0,0,7,7,2,1,4,2,8,718,1,1,1,8,0,1,704,7,2007,159500,4
717,0,0,6,5,3,1,4,4,392,92,1,1,0,5,1,1,439,11,2008,157000,4
718,0,0,3,7,2,4,1,5,393,138,2,1,0,9,1,3,983,8,2008,341000,7
719,1,0,0,5,3,1,1,1,414,448,1,1,1,5,1,1,300,5,2006,128500,3
720,1,3,18,8,3,1,1,5,395,594,2,0,0,5,1,3,564,12,2006,275000,6
721,0,0,0,6,0,4,3,5,365,186,1,0,0,3,0,3,420,5,2010,143000,3
722,0,0,11,4,1,1,4,1,396,673,1,0,1,5,0,1,463,7,2009,124500,3
723,0,0,15,4,1,1,4,2,8,941,2,0,1,7,0,1,548,5,2008,135000,3
724,1,0,15,9,6,2,4,5,518,464,2,0,2,8,1,2,768,2,2009,320000,7
725,0,0,11,4,3,1,4,1,483,250,1,0,0,5,0,1,660,11,2009,120500,3
726,1,2,2,6,2,4,4,5,399,72,2,0,0,5,1,2,540,12,2009,222000,5
727,0,0,0,7,0,2,3,5,400,508,2,0,0,6,0,3,632,2,2009,194500,4
728,0,2,11,5,0,4,4,2,8,1584,2,0,1,9,0,1,888,7,2009,110000,3
729,0,0,13,4,1,1,4,4,401,628,1,0,1,5,0,1,539,1,2009,103000,3
730,1,0,18,8,6,1,4,5,402,415,2,0,0,5,1,3,608,3,2010,236500,5
731,1,2,16,7,0,4,3,5,241,82,2,0,0,6,1,2,438,5,2007,187500,4
732,1,0,0,7,0,4,3,1,403,901,2,1,0,8,1,2,541,7,2008,222500,5
733,0,2,9,5,3,1,4,4,337,270,1,0,1,6,1,3,264,3,2009,131400,3
734,1,2,9,5,7,1,4,2,8,948,1,0,1,6,0,1,300,5,2007,108000,3
735,0,0,7,7,2,1,2,3,124,490,1,1,1,6,2,1,320,10,2006,163000,4
736,0,0,11,3,9,1,4,5,8,0,2,0,1,6,0,1,400,7,2006,93500,2
737,1,3,17,8,0,1,4,2,8,893,2,1,0,8,1,2,800,6,2006,239900,5
738,0,0,15,5,7,1,1,5,66,0,3,0,1,5,0,3,0,3,2009,179000,4
739,1,0,0,7,0,1,4,2,8,864,2,1,0,7,0,3,572,4,2009,190000,4
740,0,0,7,5,2,1,4,2,8,264,2,0,1,7,0,1,360,5,2007,132000,3
741,1,0,9,6,3,1,2,5,629,80,1,0,0,5,0,1,288,5,2008,142000,3
742,0,0,12,7,0,4,4,2,8,1349,2,0,1,6,0,1,539,12,2007,179000,4
743,1,0,9,5,3,1,3,1,69,76,2,0,1,6,1,3,480,10,2009,175000,4
744,1,0,18,8,3,1,4,5,13,604,2,0,0,5,1,3,462,10,2008,180000,4
745,1,0,6,8,0,4,4,5,405,487,3,1,0,11,2,2,831,7,2008,299800,6
746,1,0,17,7,0,1,4,5,79,652,2,1,0,8,1,2,554,4,2009,236000,5
747,1,2,7,7,9,1,4,2,8,1240,1,1,0,8,1,1,864,5,2009,265979,6
748,1,0,3,7,0,4,4,5,406,801,2,0,0,7,1,2,527,3,2010,260400,6
749,0,0,15,4,5,1,4,5,8,0,2,0,1,9,0,1,240,4,2009,98000,2
750,0,2,7,4,2,1,4,2,8,576,1,0,1,7,0,3,0,6,2010,96500,2
751,0,0,17,7,0,1,4,2,8,660,2,1,0,6,0,2,400,8,2007,162000,4
752,1,0,0,6,0,1,1,5,66,279,2,0,0,6,0,3,576,7,2006,217000,5
753,0,0,10,8,0,4,2,2,8,1030,2,1,2,8,1,3,878,3,2006,275500,6
754,0,0,11,6,7,1,4,5,407,115,1,0,0,5,0,3,440,7,2009,156000,4
755,0,0,5,6,1,4,4,5,613,348,2,1,1,6,0,1,440,3,2009,172500,4
756,1,0,0,8,0,1,3,5,386,846,2,1,0,7,0,3,578,4,2009,212000,5
757,1,3,9,6,3,3,2,3,409,234,2,1,1,6,1,2,440,4,2010,158900,4
758,0,0,5,7,1,4,4,1,524,195,2,1,1,6,0,1,440,8,2008,179400,4
759,1,0,3,8,0,4,3,6,313,1198,2,1,0,9,1,3,752,11,2007,290000,6
760,0,0,11,6,2,1,4,3,411,252,1,0,1,5,0,1,300,10,2009,127500,3
761,0,1,8,5,2,1,2,6,86,740,1,0,3,5,0,1,440,10,2009,100000,3
762,0,0,5,7,0,1,2,5,55,732,2,1,0,7,0,1,614,6,2010,215200,5
763,0,0,3,8,0,4,2,5,581,89,2,1,0,8,1,3,856,7,2009,337000,7
764,1,3,1,8,4,1,3,6,413,0,1,1,2,6,1,2,481,4,2006,270000,6
765,1,0,5,9,0,2,4,2,8,1498,2,0,2,6,1,2,592,8,2008,264132,6
766,0,0,6,7,3,4,4,5,414,586,2,1,1,7,1,1,496,3,2010,196500,4
767,1,0,4,6,0,1,2,1,103,323,2,0,1,7,0,1,423,7,2008,160000,4
768,0,0,0,7,0,1,4,5,55,1836,2,0,0,8,1,2,484,10,2006,216837,5
769,2,3,18,8,6,4,1,1,552,234,3,1,2,12,1,2,841,6,2010,538000,11
770,1,3,9,5,2,1,3,5,342,173,1,0,1,5,0,1,576,4,2009,134900,3
771,0,0,15,4,2,1,4,6,459,0,1,0,1,6,0,1,396,4,2006,102000,3
772,0,0,15,6,7,1,3,1,416,480,1,0,1,6,1,1,672,3,2010,107000,3
773,0,0,11,5,2,1,4,3,31,456,1,0,1,5,0,3,275,7,2007,114500,3
774,0,2,10,8,0,4,3,2,8,1935,2,0,0,9,1,2,895,7,2007,395000,8
775,0,1,4,6,0,4,4,5,321,338,2,0,1,5,0,2,412,6,2009,162000,4
776,1,0,0,7,0,4,3,5,386,1594,2,0,0,7,0,3,865,7,2006,221500,5
777,1,0,9,5,3,1,4,1,486,102,1,0,1,5,1,1,440,6,2006,142500,3
778,0,0,12,5,7,4,4,5,8,0,2,0,1,10,2,1,630,10,2007,144000,3
779,0,0,4,6,7,4,1,5,418,0,1,0,1,4,0,1,504,5,2006,135000,3
780,0,0,17,7,3,4,4,2,8,1237,2,0,1,6,1,2,402,6,2007,176000,4
781,0,0,12,6,0,1,4,1,254,374,2,1,0,7,0,3,484,7,2006,175900,4
782,2,0,0,7,0,1,4,2,8,1413,2,0,0,6,0,3,605,6,2009,187100,4
783,1,2,4,5,7,4,3,5,419,0,1,0,0,4,1,2,602,7,2009,165500,4
784,0,0,7,6,2,1,4,2,8,742,2,0,1,9,1,3,0,6,2008,128000,3
785,0,0,6,6,4,1,4,3,420,491,2,0,1,7,1,1,457,9,2009,161500,4
786,0,0,7,5,1,1,4,6,421,0,2,0,1,7,0,1,416,6,2010,139000,3
787,1,0,12,7,0,1,4,5,422,300,2,1,0,8,0,3,618,1,2010,233000,5
788,0,2,7,4,1,1,4,2,8,901,1,0,1,4,0,1,281,8,2008,107900,3
789,1,0,19,6,3,4,1,6,530,264,2,1,0,9,0,2,444,7,2007,187500,4
790,0,0,21,7,0,4,4,5,297,1129,2,0,0,5,1,2,397,9,2009,160200,4
791,1,2,4,6,3,1,3,1,424,490,1,0,1,5,2,3,539,5,2007,146800,3
792,1,3,3,7,1,1,3,5,425,255,2,1,1,8,1,1,455,6,2007,269790,6
793,0,0,5,8,6,2,3,2,8,1496,2,0,0,7,0,2,474,6,2007,225000,5
794,1,2,17,7,1,1,4,2,8,712,2,1,0,7,1,2,409,10,2008,194500,4
795,0,0,12,6,3,4,4,2,8,650,2,1,1,7,1,1,476,4,2010,171000,4
796,0,0,9,6,7,4,4,2,8,660,1,1,1,7,1,3,528,4,2007,143500,3
797,0,0,11,5,0,1,4,4,78,203,1,0,1,4,0,1,240,4,2008,110000,3
798,0,0,10,9,0,2,4,2,8,1926,3,1,2,11,2,2,820,7,2009,485000,10
799,0,2,23,5,2,4,4,1,65,162,1,1,0,7,2,1,240,6,2007,175000,4
800,1,0,19,6,0,1,1,5,245,154,2,1,0,8,0,3,603,5,2008,200000,5
801,0,0,13,4,1,1,4,6,426,999,1,0,1,5,0,1,440,7,2007,109900,3
802,0,0,0,7,5,1,3,5,60,80,2,1,0,7,1,2,410,10,2008,189000,4
803,0,0,10,9,0,2,1,2,8,1734,3,1,2,12,1,3,1020,1,2009,582933,12
804,0,0,11,5,2,1,4,6,515,124,1,0,1,5,0,1,286,6,2006,118000,3
805,1,1,5,7,0,2,4,2,8,1417,2,0,2,6,0,3,554,7,2008,227680,5
806,0,0,11,5,0,1,3,1,291,100,2,0,1,6,0,2,384,10,2006,135500,3
807,0,0,8,5,2,1,1,5,589,15,1,1,0,6,1,3,528,5,2009,223500,5
808,0,0,11,5,0,4,3,1,571,380,1,0,1,6,1,3,484,6,2006,159950,4
809,0,2,7,5,8,1,4,2,8,849,2,0,1,11,0,1,360,11,2009,106000,3
810,0,0,6,6,3,4,4,1,428,0,1,1,0,5,1,3,484,1,2006,181000,4
811,0,0,0,6,0,4,1,5,365,186,1,0,0,4,1,2,420,6,2008,144500,3
812,0,0,13,5,2,1,3,2,8,540,1,0,3,4,0,1,504,6,2010,55993,2
813,0,0,11,6,1,4,4,3,429,834,1,1,1,7,0,3,301,4,2007,157900,4
814,0,0,15,5,9,1,4,2,8,686,1,1,3,7,0,1,280,7,2006,116000,3
815,2,3,0,7,0,4,4,2,8,1649,2,0,0,6,0,3,598,5,2010,224900,5
816,1,2,11,5,4,1,4,4,329,522,1,0,1,4,1,3,275,7,2006,137000,3
817,1,3,4,8,6,4,4,5,386,350,2,0,0,7,2,3,857,7,2008,271000,6
818,0,0,19,6,3,4,3,5,297,506,1,0,1,6,0,1,440,6,2010,155000,4
819,1,0,10,7,0,2,2,5,13,625,2,0,0,6,1,3,484,6,2010,224000,5
820,1,3,0,7,0,1,4,2,8,798,2,1,0,6,0,3,595,6,2008,183000,4
821,0,0,7,4,1,1,4,2,8,936,1,0,1,4,0,1,576,2,2009,93000,2
822,1,2,17,7,0,1,1,2,8,847,2,1,0,7,1,2,433,10,2007,225000,5
823,0,0,23,6,0,1,4,2,8,778,2,0,1,7,1,1,240,7,2009,139500,3
824,0,0,5,8,0,1,4,2,8,1489,2,0,0,7,1,3,776,6,2006,232600,5
825,0,0,10,10,6,4,3,5,430,442,2,0,2,7,1,2,1220,6,2008,385000,8
826,0,0,8,5,1,1,4,1,431,0,1,0,0,5,0,3,0,5,2008,109500,3
827,1,0,12,7,0,1,4,5,386,1434,2,0,0,6,1,3,527,4,2009,189000,4
828,2,3,19,5,7,1,1,6,432,0,2,1,1,7,0,2,538,6,2009,185000,4
829,0,0,5,7,1,1,4,2,8,600,2,1,0,4,0,3,480,7,2006,147400,3
830,1,2,11,6,3,4,4,3,433,352,1,1,1,6,2,3,458,6,2008,166000,4
831,0,0,5,7,1,1,4,2,8,600,2,1,0,4,0,3,480,6,2006,151000,4
832,1,3,0,7,0,4,4,5,434,458,2,1,0,7,1,3,613,1,2010,237000,5
833,0,0,11,6,3,4,4,3,435,975,1,1,1,6,0,3,472,2,2009,167000,4
834,0,0,11,5,0,4,4,3,436,572,1,0,1,6,0,1,456,9,2008,139950,3
835,0,0,9,4,0,1,4,4,335,625,2,0,0,4,0,1,436,2,2010,128000,3
836,0,0,7,5,0,1,4,3,437,1221,1,0,1,5,0,1,812,6,2007,153500,4
837,0,0,22,6,3,4,4,4,438,153,1,1,1,5,0,1,264,11,2008,100000,3
838,0,0,0,5,0,1,4,2,8,1099,1,1,0,6,0,1,352,6,2008,144000,3
839,0,0,15,5,1,1,4,4,118,416,1,0,1,6,0,1,240,5,2008,130500,3
840,1,0,23,6,2,1,4,4,439,516,2,0,3,7,0,1,400,3,2008,140000,3
841,0,0,7,5,1,1,4,2,8,650,2,0,0,8,1,1,686,6,2008,157500,4
842,0,0,11,6,3,4,1,3,132,276,1,1,1,6,0,3,490,5,2008,174900,4
843,0,2,11,5,4,1,4,2,8,1800,2,0,1,10,0,3,0,7,2007,141000,3
844,1,0,7,5,2,1,2,2,8,876,1,1,1,7,1,1,720,6,2008,153900,4
845,1,3,9,5,3,1,1,1,563,0,2,0,1,6,2,2,611,1,2007,171000,4
846,0,0,12,7,3,4,4,1,441,227,2,1,0,7,1,1,425,7,2009,213000,5
847,1,3,0,5,3,1,3,4,442,404,1,0,1,5,1,1,338,8,2009,133500,3
848,2,0,19,6,2,1,4,2,8,907,3,0,1,10,1,1,360,9,2008,240000,5
849,0,1,1,6,7,4,4,2,8,528,2,1,1,7,1,3,512,8,2007,187000,4
850,0,0,0,6,0,4,3,5,469,189,1,0,0,3,0,2,420,11,2007,131500,3
851,0,0,21,8,0,4,1,2,8,1273,2,0,0,7,1,2,400,5,2006,215000,5
852,0,0,2,7,1,1,4,3,444,554,2,0,1,7,2,1,240,8,2007,164000,4
853,1,2,11,6,1,4,1,3,445,563,1,1,1,7,1,3,645,8,2009,158000,4
854,0,0,9,5,2,1,2,1,446,372,1,1,1,6,1,1,454,7,2006,170000,4
855,1,2,9,5,3,1,4,1,469,381,1,1,1,6,0,1,260,4,2010,127000,3
856,1,0,0,6,7,1,1,5,447,0,1,0,1,5,0,1,576,10,2008,147000,3
857,0,0,17,6,3,1,4,2,8,702,2,1,1,6,1,2,343,3,2009,174000,4
858,0,0,6,7,3,4,4,2,8,1090,2,0,1,6,1,3,479,6,2009,152000,4
859,1,2,6,6,3,4,2,4,508,435,2,1,0,9,1,1,619,8,2006,250000,6
860,0,2,2,7,2,1,4,2,8,912,1,1,0,7,1,1,216,6,2007,189950,4
861,0,0,9,5,7,1,2,4,183,198,1,1,1,6,0,1,504,4,2010,131500,3
862,0,2,12,6,3,1,4,5,437,702,2,0,1,6,0,1,480,5,2010,152000,4
863,0,0,11,5,4,1,4,4,395,0,1,0,1,6,0,1,672,7,2009,132500,3
864,0,0,5,7,0,1,4,2,8,1372,2,0,0,6,0,2,529,5,2008,250580,6
865,1,0,11,5,1,4,4,4,615,174,1,0,1,5,0,1,902,8,2009,148500,3
866,1,0,16,8,0,2,3,2,8,1638,2,0,0,6,1,3,870,11,2007,248900,5
867,0,2,9,4,0,1,4,1,448,108,1,1,3,5,0,3,544,5,2007,129000,3
868,2,2,17,5,7,1,4,5,8,0,2,0,1,7,1,1,672,5,2006,169000,4
869,0,0,12,7,1,4,4,5,449,300,2,1,0,8,1,2,574,6,2010,236000,5
870,0,0,11,5,1,1,4,2,8,894,1,0,1,5,0,1,308,8,2009,109500,3
871,0,0,0,6,0,4,4,5,447,299,2,1,0,7,0,3,523,6,2010,200500,5
872,0,2,11,5,5,1,3,2,8,105,1,0,0,5,0,1,414,10,2008,116000,3
873,0,0,11,5,3,1,4,3,483,457,1,0,1,6,1,1,288,9,2009,133000,3
874,0,0,7,5,2,1,4,2,8,676,1,1,1,5,0,1,200,8,2009,66500,2
875,0,0,5,8,6,1,3,5,450,1120,2,1,2,11,1,2,550,8,2007,303477,7
876,0,0,4,4,3,1,1,1,451,431,1,0,1,5,0,1,648,1,2007,132250,3
877,0,0,10,9,0,2,4,5,452,292,2,1,2,10,1,2,738,6,2009,350000,8
878,1,0,9,5,3,1,3,1,453,210,1,0,0,6,0,1,576,6,2010,148000,3
879,1,3,0,5,0,4,4,1,15,218,1,0,1,6,0,1,336,7,2009,136500,3
880,0,0,15,5,0,1,4,1,389,110,1,1,1,5,0,2,450,6,2007,157000,4
881,1,3,16,7,3,4,2,6,454,254,2,1,0,7,1,3,400,4,2007,187500,4
882,1,2,17,6,0,1,4,2,8,808,2,1,1,7,1,3,389,12,2009,178000,4
883,0,0,23,4,2,1,4,2,8,795,1,0,1,10,0,1,440,3,2006,118500,3
884,0,0,11,5,3,4,4,4,90,460,1,0,1,5,0,3,288,7,2009,100000,3
885,1,3,5,9,1,4,3,5,455,460,2,0,0,5,1,2,506,1,2008,328900,7
886,0,2,11,5,1,4,4,6,456,1098,2,0,1,8,0,2,588,6,2006,145000,3
887,1,0,15,5,1,1,4,2,8,816,1,1,1,8,0,1,300,4,2008,135500,3
888,1,0,11,8,2,1,1,1,106,1043,2,0,0,8,1,1,621,10,2007,268000,6
889,0,0,11,6,2,4,4,4,457,481,1,0,1,6,1,3,505,2,2009,149500,3
890,0,2,11,5,1,1,2,2,8,672,1,0,1,6,1,1,576,7,2007,122900,3
891,0,0,9,6,3,4,4,6,593,192,2,1,1,7,1,3,440,7,2009,172500,4
892,0,0,9,6,3,1,4,5,428,396,1,0,1,6,0,3,264,2,2006,154500,4
893,0,0,9,5,2,1,2,4,458,319,1,0,1,6,1,1,354,6,2008,165000,4
894,0,0,12,5,7,1,4,5,8,0,2,0,1,8,0,1,400,6,2009,118858,3
895,0,0,11,6,3,4,4,4,291,380,1,1,1,8,1,3,483,10,2008,140000,3
896,0,0,13,4,2,1,4,1,459,666,1,0,1,6,0,1,327,4,2006,106500,3
897,0,0,12,5,7,1,4,5,8,0,2,0,1,12,0,1,528,6,2009,142953,3
898,1,0,10,9,0,2,1,5,460,142,2,1,2,11,2,2,820,3,2010,611657,13
899,0,0,9,5,3,1,4,4,461,447,1,0,1,6,1,1,288,6,2006,135000,3
900,1,0,11,4,3,1,4,1,462,536,1,0,1,4,0,1,684,6,2007,110000,3
901,1,0,11,5,1,1,2,4,463,132,1,0,1,5,0,1,756,5,2009,153000,4
902,0,0,17,7,0,1,4,2,8,783,2,1,0,8,1,2,393,7,2006,180000,4
903,1,3,17,7,0,4,4,2,8,1670,2,0,0,7,1,3,690,8,2006,240000,5
904,1,0,9,5,3,4,4,5,477,277,1,0,1,6,0,1,288,8,2007,125500,3
905,0,0,11,5,3,2,4,3,465,412,1,0,1,6,0,3,280,2,2010,128000,3
906,1,2,5,8,0,2,4,5,466,1560,2,0,0,8,1,3,865,6,2007,255000,6
907,1,0,2,7,4,1,4,3,467,794,1,1,0,6,1,2,180,6,2006,250000,6
908,1,0,4,5,3,1,3,4,468,239,1,0,1,5,0,1,484,6,2006,131000,3
909,2,0,17,6,0,1,4,2,8,742,2,1,0,8,1,2,390,6,2009,174000,4
910,0,2,11,5,1,4,4,3,469,662,2,0,1,12,0,1,480,1,2010,154300,4
911,1,3,0,5,3,1,3,1,435,1072,1,1,0,5,0,1,252,10,2009,143500,3
912,0,0,8,5,1,1,4,3,470,279,1,0,1,6,0,1,450,7,2006,88000,2
913,0,0,2,5,1,1,4,4,471,717,2,0,1,8,0,1,871,8,2007,145000,3
914,0,0,5,6,0,2,3,5,472,318,2,1,0,4,0,3,528,6,2009,173733,4
915,0,0,14,4,6,4,4,2,8,546,1,1,1,6,0,1,286,1,2007,75000,2
916,0,0,13,2,8,1,3,4,245,430,0,0,1,4,0,1,308,10,2006,35311,1
917,0,0,15,4,0,1,4,1,516,75,1,0,1,6,0,3,284,4,2009,135000,3
918,1,2,12,7,3,1,2,4,540,422,2,1,0,8,1,3,833,11,2007,238000,5
919,1,2,11,6,1,1,4,1,456,245,1,0,1,6,1,1,601,5,2008,176500,4
920,1,0,12,6,3,4,4,5,473,114,2,1,0,7,0,3,471,7,2007,201000,5
921,0,0,15,5,1,1,4,1,392,188,2,2,1,9,0,3,0,9,2008,145900,3
922,0,0,17,6,0,1,4,5,435,1288,2,0,0,6,1,2,397,10,2006,169990,4
923,0,0,12,6,7,1,4,6,474,598,2,0,0,5,1,3,533,7,2008,193000,4
924,0,0,6,6,7,4,4,4,148,0,2,0,1,7,1,1,612,5,2006,207500,5
925,1,2,6,5,0,1,3,1,376,266,2,0,2,6,0,3,540,3,2008,175000,4
926,0,0,10,8,0,4,4,2,8,1181,2,1,2,10,1,2,656,5,2007,285000,6
927,0,0,6,7,1,4,4,4,475,280,2,1,1,9,1,3,486,4,2008,176000,4
928,0,0,0,8,0,1,3,2,8,1753,2,0,2,7,1,3,522,6,2009,236500,5
929,1,2,17,7,3,4,4,2,8,964,2,1,0,8,1,2,642,11,2006,222000,5
930,1,0,16,8,0,1,3,5,297,1450,2,0,0,7,0,2,610,7,2009,201000,5
931,0,0,11,5,0,1,4,4,437,121,1,0,1,5,0,1,429,7,2009,117500,3
932,1,2,5,9,0,2,4,2,8,1905,2,0,2,8,1,2,788,3,2007,320000,7
933,0,1,0,7,0,4,3,5,386,1480,2,0,0,6,0,3,570,8,2009,190000,4
934,2,0,11,7,2,1,1,5,585,160,2,0,0,9,1,3,505,11,2008,242000,5
935,1,0,8,4,1,4,2,2,8,600,1,0,1,5,0,1,528,6,2006,79900,2
936,0,0,12,7,0,4,4,5,476,343,2,0,0,5,0,3,555,8,2009,184900,4
937,0,0,5,7,0,1,2,5,140,772,2,1,0,8,1,3,689,2,2009,253000,6
938,0,0,0,7,0,1,2,5,477,927,2,1,0,7,0,3,868,8,2006,239799,5
939,0,0,19,7,1,1,2,2,8,1032,2,0,1,10,2,1,349,6,2010,244400,5
940,1,0,4,6,7,1,1,3,478,396,2,0,1,8,0,1,574,7,2006,150900,4
941,1,1,17,7,0,4,4,1,479,220,2,1,0,8,1,3,390,6,2009,214000,5
942,1,0,15,4,1,1,1,5,480,0,2,0,1,8,0,3,0,8,2007,150000,4
943,0,0,4,5,3,1,3,2,8,1632,2,0,1,8,0,1,576,6,2007,143000,3
944,1,3,16,6,3,4,4,5,289,354,1,0,0,7,1,3,525,1,2009,137500,3
945,0,2,7,5,0,1,4,6,128,0,1,0,1,7,0,1,456,9,2009,124900,3
946,0,0,11,5,3,4,3,1,481,102,1,0,1,6,1,3,796,3,2006,143000,3
947,0,0,16,8,0,4,3,5,91,316,2,0,0,9,1,2,808,11,2007,270000,6
948,1,0,0,7,0,4,4,2,8,936,2,1,0,7,1,3,474,2,2006,192500,4
949,0,0,6,6,7,1,4,1,601,179,1,1,0,5,1,3,676,3,2010,197500,4
950,0,0,11,5,0,1,4,1,483,317,1,0,0,5,0,3,720,7,2007,129000,3
951,0,2,12,5,0,1,4,4,208,187,1,0,1,6,0,1,300,7,2006,119900,3
952,0,0,0,5,5,1,3,5,103,108,1,0,1,5,0,2,396,4,2009,133900,3
953,1,0,4,5,3,4,3,1,568,29,2,1,1,7,1,3,530,9,2008,172000,4
954,1,3,15,6,5,4,1,5,385,0,2,0,1,4,0,3,0,10,2006,127500,3
955,1,0,2,6,1,4,4,3,568,495,2,0,1,8,0,1,492,8,2007,145000,3
956,0,0,24,6,1,1,4,1,459,276,1,1,1,5,1,2,462,5,2009,124000,3
957,0,0,9,5,1,1,4,3,486,640,1,0,1,6,0,2,576,4,2007,132000,3
958,0,0,0,7,0,1,2,5,487,638,2,0,0,6,0,3,531,10,2007,185000,4
959,0,1,5,7,1,1,4,1,504,92,2,1,0,6,0,1,484,5,2010,155000,4
960,1,0,8,5,2,1,1,4,488,162,1,0,1,4,0,3,0,2,2010,116500,3
961,1,2,6,6,3,4,4,1,489,434,2,1,1,11,1,2,619,7,2008,272000,6
962,0,2,20,6,7,1,4,1,490,248,2,1,0,7,1,1,440,7,2007,155000,4
963,1,2,0,9,0,1,4,2,8,1800,2,0,2,7,0,2,702,5,2009,239000,5
964,0,2,16,7,0,4,4,5,357,193,2,1,0,8,1,2,510,2,2010,214900,5
965,0,0,17,6,0,1,4,2,8,783,2,1,0,8,1,2,393,7,2007,178900,4
966,1,0,2,5,1,1,4,3,228,300,1,1,1,7,2,1,256,6,2009,160000,4
967,1,0,11,5,2,4,4,1,454,196,1,0,1,6,0,1,260,7,2008,135000,3
968,0,0,7,3,0,1,4,2,8,600,1,0,1,6,0,3,0,5,2009,37900,1
969,0,0,11,6,3,4,1,1,441,75,1,0,1,6,0,3,264,3,2006,140000,3
970,0,0,11,4,8,1,4,2,8,720,1,1,1,6,0,3,0,12,2006,135000,3
971,0,0,10,7,0,2,4,5,83,197,2,0,0,6,0,3,474,7,2009,173000,4
972,0,0,12,6,7,1,4,2,8,918,2,0,1,5,1,1,264,4,2010,99500,2
973,0,2,5,7,6,4,4,2,8,1428,2,0,0,6,0,2,480,12,2008,182000,4
974,1,2,8,7,3,1,4,2,8,728,1,0,0,8,0,1,532,10,2009,167500,4
975,0,1,5,7,1,1,4,5,208,32,2,1,0,6,0,1,490,4,2006,165000,4
976,1,0,8,4,2,1,4,2,8,440,1,0,3,4,0,3,0,8,2006,85500,2
977,1,0,5,7,0,4,4,5,491,135,1,1,0,4,0,2,569,11,2007,199900,4
978,0,0,15,4,1,1,4,6,475,342,1,0,1,5,0,1,400,5,2007,110000,3
979,0,2,9,5,0,1,4,3,554,470,1,0,1,5,0,1,480,6,2009,139000,3
980,1,2,11,7,6,2,3,1,493,77,1,0,2,6,0,3,588,7,2008,178400,4
981,1,2,3,8,0,4,4,5,494,371,2,1,0,8,1,2,676,7,2009,336000,7
982,0,0,21,7,0,4,3,2,8,1266,2,0,0,6,1,2,388,3,2008,159895,4
983,0,2,0,8,6,1,2,2,8,1128,2,1,0,9,1,1,779,5,2008,255900,6
984,0,0,4,5,7,1,4,5,8,0,2,0,0,8,0,1,539,8,2009,126000,3
985,0,0,15,5,1,1,4,1,433,124,1,0,1,5,0,1,240,8,2008,125000,3
986,0,2,7,6,0,1,4,2,8,485,1,0,0,5,0,1,255,6,2006,117000,3
987,1,0,10,9,0,2,3,5,495,284,2,1,2,8,1,2,606,4,2010,395192,8
988,1,0,6,6,7,4,4,6,439,692,2,1,0,8,1,2,551,6,2007,195000,4
989,0,0,5,7,0,1,4,2,8,770,2,1,0,6,0,3,614,8,2006,197000,4
990,0,0,3,8,0,4,4,5,496,322,2,1,0,7,1,2,870,6,2006,348000,7
991,0,2,7,8,2,1,4,4,3,700,1,1,0,8,1,1,424,11,2009,168000,4
992,0,0,11,6,2,4,1,4,497,169,2,1,0,7,1,3,440,7,2007,187000,4
993,0,0,0,6,0,1,4,2,8,750,2,1,0,6,0,3,564,8,2006,173900,4
994,0,1,10,10,6,2,1,5,498,528,2,0,2,7,1,2,786,7,2009,337500,7
995,1,0,8,4,1,1,4,1,38,363,1,1,1,5,0,1,305,8,2006,121600,3
996,1,0,11,5,2,1,4,3,499,135,1,0,1,6,0,1,368,1,2006,136500,3
997,1,0,6,6,3,4,4,2,8,1442,2,0,1,6,1,3,615,2,2009,185000,4
998,0,0,13,3,2,1,4,2,8,1007,1,0,1,6,1,1,210,5,2006,91000,2
999,0,0,0,7,0,2,3,5,421,501,2,0,0,6,0,3,632,2,2010,206000,5
1000,0,2,15,3,10,1,4,5,8,0,1,0,3,4,0,1,528,7,2009,82000,2
1001,0,2,7,5,2,1,4,2,8,691,1,0,2,4,0,1,216,1,2007,86000,2
1002,1,0,5,8,0,4,4,5,55,1550,2,0,0,7,1,3,824,7,2008,232000,5
1003,1,2,6,5,0,4,4,2,8,1680,2,0,1,8,0,1,528,6,2007,136905,3
1004,0,0,21,7,0,4,4,5,297,1330,2,0,0,7,1,2,457,5,2009,181000,4
1005,0,0,0,5,3,4,3,5,500,390,2,0,1,6,0,1,328,11,2008,149900,3
1006,3,0,11,6,7,1,4,6,501,420,2,0,1,7,1,1,484,3,2007,163500,4
1007,0,0,14,4,6,1,4,4,502,0,1,1,1,6,0,3,286,8,2009,88000,2
1008,1,3,4,7,0,2,2,2,8,1710,2,0,0,7,1,2,550,4,2009,240000,5
1009,0,0,23,5,2,1,4,2,8,1008,2,0,1,7,0,3,0,6,2006,102000,3
1010,0,0,9,5,2,1,4,2,8,720,2,0,1,7,1,1,312,8,2008,135000,3
1011,0,0,15,5,11,1,4,5,8,0,2,0,1,8,0,3,0,5,2010,100000,3
1012,0,0,2,6,2,1,4,2,8,602,1,1,0,7,2,1,180,8,2007,165000,4
1013,0,0,7,5,1,1,4,1,261,310,1,0,1,4,0,1,280,6,2009,85000,2
1014,0,0,11,6,1,4,4,4,52,746,1,0,1,5,1,1,240,11,2007,119200,3
1015,0,0,6,8,0,1,4,5,26,167,2,1,0,6,0,2,528,11,2009,227000,5
1016,0,0,0,7,0,4,1,5,237,814,2,0,0,6,1,2,478,6,2009,203000,5
1017,1,3,18,8,3,1,3,5,127,184,1,0,0,4,1,3,565,8,2009,187500,4
1018,1,1,17,7,3,4,4,2,8,384,2,1,0,7,1,3,402,5,2007,160000,4
1019,0,0,21,7,0,4,1,5,297,1346,2,0,0,6,1,2,440,4,2006,213490,5
1020,0,0,15,4,0,1,4,5,457,108,1,1,0,5,0,2,451,6,2008,176000,4
1021,0,0,0,7,0,2,3,5,503,515,2,0,0,6,0,3,632,7,2006,194000,4
1022,0,0,7,5,2,1,4,6,504,588,1,0,1,6,0,1,160,3,2007,87000,2
1023,0,0,21,7,0,4,4,5,297,1330,2,0,0,7,1,2,437,5,2008,191000,4
1024,1,2,16,8,12,1,3,1,505,0,2,0,0,10,1,2,665,5,2008,287000,6
1025,0,2,0,5,0,1,4,6,506,276,1,0,1,5,0,1,461,3,2007,112500,3
1026,0,0,11,5,1,4,4,3,155,571,1,0,1,6,2,1,461,4,2010,167500,4
1027,1,0,16,8,0,2,1,5,507,125,2,0,0,7,1,3,800,4,2008,293077,6
1028,0,0,11,5,5,1,4,3,502,359,1,0,1,6,1,1,240,4,2007,105000,3
1029,0,0,22,6,3,4,4,4,508,355,1,1,1,7,0,1,264,5,2006,118000,3
1030,0,0,23,5,0,1,2,2,8,686,2,0,1,10,0,3,0,7,2006,160000,4
1031,0,2,23,7,2,1,4,5,414,301,2,1,1,12,2,2,672,8,2009,197000,4
1032,1,2,3,8,1,1,4,5,511,326,2,1,0,10,1,3,796,11,2006,310000,7
1033,0,0,0,7,0,2,4,5,250,668,2,0,0,6,0,1,900,2,2006,230000,5
1034,0,0,2,5,1,1,4,2,8,920,1,0,3,5,1,1,240,6,2007,119750,3
1035,1,3,15,4,2,1,4,5,8,0,1,0,1,5,0,1,290,1,2009,84000,2
1036,1,0,16,9,0,2,1,5,529,598,2,0,2,6,1,2,912,9,2009,315500,7
1037,0,0,0,8,0,4,4,2,8,1055,2,1,0,7,1,2,905,9,2008,287000,6
1038,0,0,14,4,6,1,4,2,8,546,1,1,1,6,1,3,0,5,2009,97000,2
1039,0,0,14,4,6,1,3,5,511,121,1,0,1,3,0,1,286,4,2009,80000,2
1040,0,2,9,5,2,3,4,3,279,284,2,0,1,8,1,3,484,1,2006,155000,4
1041,0,0,6,6,3,4,4,5,291,336,1,1,0,7,0,1,484,7,2008,173000,4
1042,1,0,10,6,0,2,3,1,512,406,2,0,0,5,1,3,624,8,2009,196000,4
1043,0,0,12,7,3,4,4,5,513,390,2,1,0,10,1,1,514,5,2008,262280,6
1044,0,0,6,8,4,1,4,1,514,1420,2,1,0,9,1,2,542,7,2009,278000,6
1045,1,3,15,3,4,1,4,5,8,0,2,0,1,8,1,1,452,6,2009,139600,3
1046,1,0,18,9,6,2,3,5,515,1752,3,1,2,11,1,2,716,7,2006,556581,12
1047,2,0,0,5,0,1,4,5,421,304,1,0,1,5,0,1,672,2,2008,145000,3
1048,0,0,4,5,3,4,4,5,8,0,1,0,1,9,1,1,336,11,2009,115000,3
1049,0,0,15,4,1,1,4,5,8,0,1,0,0,6,0,1,308,4,2010,84900,2
1050,1,0,17,7,0,1,3,2,8,1302,2,0,0,6,0,2,436,8,2007,176485,4
1051,1,2,0,7,0,1,3,2,8,1316,2,0,0,6,1,2,440,10,2007,200141,5
1052,0,2,11,6,0,3,4,3,335,374,1,1,1,9,1,3,540,6,2007,165000,4
1053,0,0,15,5,3,2,3,3,516,833,1,0,1,7,1,1,364,5,2010,144500,3
1054,0,2,0,8,0,4,2,5,448,133,2,1,0,7,1,2,586,11,2006,255000,6
1055,0,0,6,6,7,4,4,1,517,549,2,0,1,7,1,2,478,5,2008,180000,4
1056,1,0,10,7,0,2,3,5,469,705,2,0,0,6,1,3,484,6,2006,185850,4
1057,2,1,3,7,3,1,4,5,500,378,2,1,0,7,1,2,467,1,2009,248000,5
1058,1,0,10,9,0,2,3,5,478,168,2,1,2,10,1,2,836,7,2009,335000,7
1059,1,2,2,6,1,4,2,3,121,0,1,1,1,7,1,1,432,3,2007,220000,5
1060,0,0,18,8,6,1,2,5,420,722,2,0,0,6,0,2,582,4,2010,213500,5
1061,0,0,13,3,1,1,4,2,8,894,1,0,1,6,0,3,1248,8,2008,81000,2
1062,0,0,7,5,2,1,4,2,8,662,2,0,1,10,0,1,560,9,2007,90000,2
1063,0,0,7,6,1,1,4,4,518,706,1,0,0,5,1,1,440,7,2006,110500,3
1064,1,3,11,5,7,4,2,4,519,184,1,1,1,6,1,3,480,11,2009,154000,4
1065,0,0,19,7,2,1,1,5,54,105,2,1,0,7,0,3,533,4,2010,328000,7
1066,1,0,17,6,0,1,4,2,8,799,2,1,1,7,1,3,380,5,2009,178000,4
1067,0,0,11,6,3,4,1,5,356,0,1,1,1,7,0,3,442,6,2008,167900,4
1068,0,0,14,6,6,1,4,1,520,105,2,1,1,10,1,2,576,6,2006,151400,4
1069,0,0,11,5,1,1,4,1,521,625,1,0,0,4,0,1,576,5,2007,135000,3
1070,0,0,11,5,1,4,4,4,557,462,1,0,1,6,0,1,286,6,2007,135000,3
1071,0,0,6,6,1,1,4,3,230,429,1,1,1,8,0,1,441,5,2009,154000,4
1072,0,0,15,5,1,1,2,2,8,810,1,0,1,7,1,1,280,8,2006,91500,2
1073,1,2,15,6,3,4,4,4,523,155,1,1,1,6,0,2,440,7,2009,159500,4
1074,0,0,0,7,0,1,3,2,8,1240,2,0,0,5,0,3,826,5,2007,194000,4
1075,0,0,2,7,2,1,4,4,524,390,1,1,1,6,2,1,240,7,2007,219500,5
1076,0,0,7,5,2,1,4,1,122,170,2,0,0,7,1,1,566,4,2006,170000,4
1077,1,2,11,5,0,1,2,4,525,230,1,0,1,6,0,2,299,3,2006,138800,3
1078,0,0,0,6,0,4,2,5,365,186,1,0,0,3,1,3,420,5,2006,155900,4
1079,0,0,0,5,0,1,4,5,289,495,1,0,1,5,0,1,299,4,2007,126000,3
1080,0,0,6,6,0,4,4,1,422,602,2,0,0,5,0,3,528,10,2008,145000,3
1081,0,2,9,5,3,1,4,1,526,216,1,1,1,5,0,2,308,6,2010,133000,3
1082,0,0,0,7,0,4,4,2,8,1459,2,0,0,6,1,3,527,9,2007,192000,4
1083,0,0,11,6,3,4,4,4,268,698,1,0,1,6,2,3,461,3,2006,160000,4
1084,2,2,17,6,3,1,4,1,527,99,2,1,1,6,1,2,409,7,2006,187500,4
1085,0,0,12,6,3,1,3,5,435,189,1,0,0,5,0,1,564,4,2010,147000,3
1086,0,0,14,4,6,1,4,4,216,212,1,1,1,6,0,3,286,5,2010,83500,2
1087,0,0,5,8,0,1,2,2,8,1082,2,1,0,9,1,3,1043,5,2009,252000,6
1088,0,0,15,7,0,2,4,2,8,970,2,0,0,7,0,1,380,4,2006,137500,3
1089,1,0,5,8,1,1,4,5,528,208,1,1,0,4,1,2,550,4,2006,197000,4
1090,0,2,11,3,4,1,4,5,8,0,2,0,1,6,0,1,400,6,2009,92900,2
1091,0,0,5,7,1,4,4,4,529,90,2,1,0,4,0,1,462,3,2008,160000,4
1092,0,0,23,6,1,1,4,3,530,758,2,0,1,7,1,1,576,6,2008,136500,3
1093,0,2,11,5,1,4,2,5,531,203,1,1,0,6,0,1,884,10,2006,146000,3
1094,0,0,11,5,1,1,4,4,589,448,1,0,1,4,0,2,308,5,2010,129000,3
1095,1,0,0,6,0,1,4,5,55,1290,2,0,0,6,1,3,440,3,2007,176432,4
1096,0,0,13,6,2,1,4,2,8,684,1,1,0,7,0,3,0,3,2007,127000,3
1097,0,0,18,8,3,1,4,2,8,1074,1,1,0,5,0,3,461,10,2007,170000,4
1098,0,0,8,4,1,1,4,4,221,0,1,0,1,6,0,1,240,7,2009,128000,3
1099,1,0,6,7,7,4,4,1,533,567,2,0,1,7,1,3,478,4,2009,157000,4
1100,0,0,23,2,2,1,4,3,327,0,1,0,3,3,0,1,246,1,2009,60000,2
1101,1,0,11,5,3,1,4,4,581,251,1,0,1,5,0,1,280,7,2007,119500,3
1102,0,0,11,5,2,4,4,3,313,422,1,0,1,6,0,3,254,4,2007,135000,3
1103,0,2,11,6,4,1,2,1,4,0,1,0,1,6,1,2,539,7,2006,159500,4
1104,0,0,22,5,3,4,4,2,8,630,2,1,1,6,0,1,440,4,2007,106000,3
1105,1,2,3,8,3,4,3,5,535,431,2,1,0,9,2,3,712,4,2010,325000,7
1106,1,2,12,7,3,1,2,5,360,172,2,0,0,6,1,2,719,5,2007,179900,4
1107,3,3,17,7,0,1,4,2,8,868,2,1,0,9,1,3,422,9,2006,274725,6
1108,0,0,17,6,0,1,4,2,8,924,2,1,1,7,1,3,463,11,2007,181000,4
1109,1,0,10,8,1,2,2,5,528,797,2,0,0,7,1,2,862,3,2009,280000,6
1110,0,0,17,6,3,1,4,5,536,554,2,1,1,8,1,2,431,6,2008,188000,4
1111,0,0,6,7,7,4,4,1,474,400,2,1,1,8,1,3,483,9,2008,205000,5
1112,1,2,11,5,5,1,4,5,537,108,1,0,1,5,0,1,308,7,2006,129900,3
1113,0,0,11,5,2,1,4,4,26,365,1,0,0,6,0,1,240,5,2007,134500,3
1114,0,0,7,5,1,1,4,3,552,418,1,0,0,4,0,1,326,8,2006,117000,3
1115,0,0,10,8,0,2,4,5,539,730,2,0,2,7,1,3,928,11,2007,318000,7
1116,0,0,17,8,0,1,4,5,540,55,2,1,0,7,1,2,527,3,2009,184100,4
1117,1,1,9,5,0,1,4,4,541,192,1,0,0,5,0,3,450,5,2008,130000,3
1118,0,0,9,5,1,1,4,2,8,533,1,0,1,6,0,3,300,12,2008,140000,3
1119,0,0,11,5,4,1,4,6,542,671,1,0,1,6,0,3,286,7,2006,133700,3
1120,0,0,13,6,4,1,4,2,8,1012,1,0,1,6,1,1,308,5,2007,118400,3
1121,0,0,0,7,0,4,3,5,55,1528,2,0,0,7,0,3,782,7,2006,212900,5
1122,1,2,15,4,8,1,4,2,8,672,1,0,1,5,0,1,288,10,2009,112000,3
1123,0,0,15,5,0,1,4,2,8,698,1,0,1,4,0,3,0,6,2009,118000,3
1124,1,0,17,7,3,4,4,2,8,384,2,1,0,7,1,2,392,7,2007,163900,4
1125,0,0,11,4,7,1,4,2,8,1005,1,0,3,5,1,1,672,11,2009,115000,3
1126,0,0,21,7,0,4,4,2,8,1373,2,0,0,7,1,2,660,6,2009,174000,4
1127,3,2,17,7,0,1,3,5,91,230,2,0,0,7,1,2,630,11,2007,259000,6
1128,1,0,17,7,0,1,3,2,8,847,2,1,0,8,1,2,434,7,2007,215000,5
1129,0,0,7,5,1,4,1,5,478,0,1,0,1,4,0,1,672,8,2007,140000,3
1130,0,0,23,4,5,1,4,4,543,500,2,0,0,7,2,1,576,12,2009,135000,3
1131,0,0,4,5,3,1,2,4,544,762,1,0,1,5,0,3,0,9,2007,93500,2
1132,0,0,7,6,2,1,2,2,8,1008,2,0,3,8,0,1,205,5,2007,117500,3
1133,1,0,12,8,0,1,4,5,314,544,2,1,0,8,1,3,466,6,2009,239500,5
1134,1,0,17,6,0,1,3,2,8,916,2,1,1,7,1,2,460,8,2007,169000,4
1135,0,2,8,6,2,1,4,2,8,960,1,0,1,5,1,1,180,5,2007,102000,3
1136,0,0,11,6,0,1,4,4,29,752,1,0,1,6,0,1,288,4,2008,119000,3
1137,0,0,9,5,0,1,4,2,8,780,1,0,1,6,0,3,0,5,2010,94000,2
1138,1,0,4,6,7,1,1,1,281,0,2,0,0,5,2,3,714,5,2009,196000,4
1139,1,0,8,5,9,1,4,4,545,270,1,0,1,6,1,1,495,5,2007,144000,3
1140,0,2,11,5,3,1,2,1,546,100,1,0,1,4,0,1,840,6,2008,139000,3
1141,1,3,6,5,7,4,4,1,613,399,2,1,0,9,1,1,484,10,2009,197500,4
1142,0,0,0,8,0,2,1,5,566,316,3,0,0,11,1,3,1052,4,2007,424870,9
1143,0,0,9,5,2,1,4,5,112,718,1,0,1,5,0,3,0,7,2008,80000,2
1144,0,0,15,4,1,1,4,4,446,324,1,0,3,5,0,1,280,7,2010,80000,2
1145,0,0,8,5,1,1,4,2,8,1042,1,0,1,8,1,1,225,8,2006,149000,3
1146,0,0,12,6,2,4,4,5,610,40,2,0,0,5,1,1,403,5,2006,180000,4
1147,0,0,2,7,1,1,4,3,549,429,1,1,3,7,1,1,234,7,2009,174500,4
1148,0,0,7,7,2,1,4,2,8,572,1,0,1,5,1,1,288,8,2008,116900,3
1149,0,0,7,7,0,1,4,1,357,26,1,0,1,7,0,1,324,7,2009,143000,3
1150,1,0,11,6,4,1,4,2,8,932,1,0,0,4,1,1,306,11,2007,124000,3
1151,0,0,15,5,3,4,4,4,550,1290,1,1,3,6,2,2,528,11,2006,149900,3
1152,1,0,2,6,12,1,4,1,551,230,1,0,2,6,1,2,470,7,2006,230000,5
1153,0,2,13,6,2,1,3,1,552,278,1,0,1,5,0,1,432,6,2008,120500,3
1154,1,0,11,7,0,2,1,1,346,410,1,2,0,8,2,1,492,5,2008,201800,5
1155,1,2,1,5,7,1,1,1,553,280,2,0,0,6,1,3,528,7,2007,218000,5
1156,0,0,11,5,4,1,1,1,451,586,2,0,0,6,1,3,502,10,2008,179900,4
1157,1,0,10,7,0,2,4,5,173,410,2,0,0,6,1,3,626,7,2009,230000,5
1158,0,1,5,8,0,2,4,2,8,1580,2,0,0,7,0,3,830,6,2008,235128,5
1159,0,0,6,6,3,4,4,1,335,459,2,1,0,8,1,3,540,7,2008,185000,4
1160,0,0,20,6,7,1,4,1,379,544,2,1,1,7,1,1,440,7,2010,146000,3
1161,1,3,2,6,3,4,4,4,336,568,1,0,0,7,1,1,924,11,2008,224000,5
1162,0,0,9,5,0,1,4,4,554,402,1,0,1,5,1,2,450,5,2007,129000,3
1163,0,0,9,4,7,1,3,5,555,0,0,2,1,6,0,1,400,1,2008,108959,3
1164,1,1,1,5,7,1,1,1,96,289,1,1,0,5,1,1,588,6,2007,194000,4
1165,1,0,10,7,0,2,4,2,8,1502,2,0,0,7,0,3,644,9,2009,233170,5
1166,1,2,0,8,0,2,3,2,8,1694,2,0,0,7,0,3,776,2,2010,245350,5
1167,1,0,17,6,0,1,4,5,241,173,2,1,1,7,1,2,472,2,2006,173000,4
1168,0,2,15,6,9,1,4,3,122,501,2,0,0,7,2,1,540,7,2008,235000,5
1169,1,3,3,10,3,4,1,5,556,543,3,1,0,10,1,2,807,7,2006,625000,13
1170,0,0,4,6,7,1,3,1,557,574,1,0,1,6,1,2,358,7,2008,171000,4
1171,0,0,11,6,1,1,4,1,365,599,1,0,1,6,1,3,433,11,2008,163000,4
1172,1,0,5,7,1,1,4,2,8,625,2,1,0,5,0,2,625,3,2008,171900,4
1173,1,0,19,5,1,1,4,3,401,977,3,0,2,12,1,3,0,3,2007,200500,5
1174,1,0,2,6,2,1,4,3,159,449,2,1,1,9,1,1,360,7,2006,239000,5
1175,0,0,3,8,3,4,4,5,371,983,2,1,0,9,1,2,541,4,2007,285000,6
1176,1,3,4,5,3,1,4,1,558,218,1,0,1,5,0,1,264,10,2008,119500,3
1177,0,0,7,6,1,1,4,3,135,350,1,0,1,5,0,1,210,12,2009,115000,3
1178,1,1,2,5,2,1,4,2,8,731,1,1,1,7,1,1,186,7,2009,154900,4
1179,0,2,15,5,2,1,4,5,8,0,1,0,1,5,1,3,0,4,2006,93000,2
1180,2,2,16,7,1,1,4,6,559,0,2,1,1,8,0,2,693,4,2006,250000,6
1181,1,0,2,8,6,2,1,5,560,120,2,0,0,5,1,2,482,11,2008,392500,8
1182,1,2,3,10,2,1,3,5,561,300,3,1,2,10,2,2,813,7,2007,745000,15
1183,0,0,7,5,9,1,4,3,89,299,1,0,1,5,1,1,720,6,2006,120000,3
1184,0,0,16,5,1,4,1,3,562,413,1,1,1,5,2,3,995,5,2007,186700,4
1185,0,0,15,5,8,1,4,4,170,392,1,0,1,7,0,1,392,3,2006,104900,3
1186,1,2,7,3,3,1,2,4,563,538,2,0,1,7,0,1,420,8,2009,95000,2
1187,0,2,3,8,13,1,4,5,564,168,2,0,0,5,1,3,757,7,2006,262000,6
1188,1,0,0,7,0,4,4,2,8,831,2,1,0,7,0,3,493,7,2009,195000,4
1189,0,0,17,7,0,1,4,2,8,994,2,1,0,7,1,2,442,6,2010,189000,4
1190,0,0,4,4,1,2,3,4,562,90,1,0,1,7,1,2,1356,3,2007,168000,4
1191,0,0,5,8,1,4,4,2,8,776,2,1,0,5,0,1,492,11,2007,174000,4
1192,0,0,7,5,0,1,2,2,8,702,1,0,0,6,0,1,250,7,2007,125000,3
1193,0,1,4,6,0,4,4,5,565,341,2,0,1,5,0,2,402,6,2009,165000,4
1194,0,2,9,6,3,2,4,1,224,292,1,1,1,7,0,2,299,3,2010,158000,4
1195,1,0,17,6,0,1,4,2,8,728,2,1,0,8,0,2,400,7,2008,176000,4
1196,1,0,17,7,0,1,3,2,8,879,2,1,0,9,1,2,660,11,2006,219210,5
1197,1,2,7,7,1,1,4,2,8,815,1,0,1,7,1,1,225,7,2006,144000,3
1198,0,0,0,7,0,1,4,2,8,1212,2,0,0,6,0,3,573,6,2009,178000,4
1199,0,0,9,4,3,4,4,3,566,504,1,1,1,6,1,1,459,10,2006,148000,3
1200,0,0,11,4,1,1,4,2,8,864,1,0,1,5,0,1,280,7,2006,116050,3
1201,0,2,0,7,0,1,3,2,8,866,2,1,0,6,0,3,546,3,2009,197900,4
1202,0,2,8,5,2,1,4,2,8,884,1,0,1,5,1,1,216,5,2009,117000,3
1203,0,0,0,7,0,4,4,2,8,1630,2,0,0,6,1,1,451,10,2009,213000,5
1204,0,0,6,5,3,1,4,1,567,268,1,1,1,6,0,3,495,7,2006,153500,4
1205,1,3,12,7,3,4,2,1,568,1496,2,0,0,7,1,3,701,6,2009,271900,6
1206,0,0,12,4,3,1,4,3,244,0,1,0,1,5,0,1,384,11,2006,107000,3
1207,0,0,0,6,0,4,3,5,569,1342,2,0,0,7,0,3,544,5,2006,200000,5
1208,0,0,11,5,1,1,4,3,297,319,1,0,1,6,0,1,506,10,2008,140000,3
1209,1,3,5,8,0,2,2,5,570,440,2,0,0,8,1,3,500,5,2006,290000,6
1210,0,0,12,6,2,1,4,2,8,1055,2,1,0,8,1,3,462,5,2010,189000,4
1211,1,0,17,8,2,1,3,5,571,132,2,0,1,8,0,3,492,6,2010,164000,4
1212,0,0,15,4,1,1,4,3,572,328,1,0,1,4,0,1,234,8,2009,113000,3
1213,1,3,9,4,0,1,3,5,60,0,0,0,1,3,0,1,364,5,2006,145000,3
1214,1,0,11,5,1,1,3,4,431,141,1,0,1,6,0,1,300,5,2006,134500,3
1215,1,0,9,5,0,1,4,3,318,340,1,0,1,5,0,3,384,5,2007,125000,3
1216,0,0,9,6,0,1,4,5,8,0,2,0,1,8,0,1,539,4,2010,112000,3
1217,0,0,5,8,6,2,2,5,478,364,2,0,0,6,0,3,552,9,2009,229456,5
1218,0,0,8,4,8,1,4,5,8,0,1,0,1,3,0,3,0,7,2006,80500,2
1219,0,0,22,6,6,4,4,2,8,672,1,1,1,7,0,3,0,4,2006,91500,2
1220,1,0,11,5,2,1,4,3,132,0,1,0,1,5,0,1,288,11,2006,115000,3
1221,0,0,9,5,3,1,4,4,70,210,1,0,1,5,1,1,322,8,2008,134000,3
1222,0,0,11,6,2,4,2,3,435,844,2,0,1,7,1,1,315,1,2007,143000,3
1223,0,0,11,5,2,4,4,6,573,1380,2,0,1,7,0,1,528,10,2006,137900,3
1224,1,0,17,7,0,1,3,5,400,64,2,1,0,8,1,2,388,2,2008,184000,4
1225,0,0,11,6,0,4,3,5,92,81,1,0,1,6,0,3,264,6,2007,145000,3
1226,1,3,5,6,0,2,2,2,8,894,2,1,0,9,1,2,668,1,2008,214000,5
1227,0,2,11,5,0,4,4,1,500,317,1,0,0,5,0,1,576,12,2008,147000,3
1228,0,2,10,9,1,4,4,5,574,162,1,1,2,7,1,2,1052,10,2008,367294,8
1229,0,0,11,5,4,1,4,1,575,409,2,0,1,7,0,1,404,8,2008,127000,3
1230,1,0,9,5,7,1,4,5,209,652,2,2,1,12,1,3,600,8,2007,190000,4
1231,0,0,11,5,2,4,3,1,576,303,1,0,1,6,0,1,540,5,2006,132500,3
1232,0,1,11,4,3,1,4,5,8,0,2,0,1,6,0,1,462,3,2007,101800,3
1233,1,0,11,5,7,4,4,3,577,188,1,0,1,6,0,3,531,5,2010,142000,3
1234,0,0,23,5,1,1,3,2,8,940,1,1,1,7,0,3,0,11,2008,130000,3
1235,0,0,2,5,2,1,2,2,8,747,1,1,1,9,0,1,180,7,2006,138887,3
1236,0,0,10,7,0,2,4,2,8,764,2,1,0,6,0,3,474,6,2010,175500,4
1237,2,1,0,7,0,1,4,2,8,847,2,1,0,8,1,2,434,9,2006,195000,4
1238,0,0,12,6,0,1,4,2,8,1141,1,1,1,6,0,1,484,3,2006,142500,3
1239,1,0,16,8,0,4,3,5,228,1048,2,0,2,6,1,3,472,12,2007,265900,6
1240,0,0,0,7,0,4,4,5,142,334,2,1,0,8,0,3,543,7,2008,224900,5
1241,0,0,5,7,0,2,3,2,8,1689,2,0,0,7,0,3,954,6,2007,248328,5
1242,0,0,6,7,7,4,1,5,578,0,2,0,0,6,2,3,528,1,2010,170000,4
1243,0,0,10,10,0,4,1,5,579,690,2,1,2,7,1,2,850,9,2006,465000,10
1244,1,2,2,8,4,1,4,2,8,792,1,0,0,7,2,1,400,6,2006,230000,5
1245,0,0,6,6,0,4,4,2,8,585,3,1,1,7,1,2,477,1,2007,178000,4
1246,0,0,5,7,0,1,4,2,8,756,2,1,0,6,0,3,615,3,2006,186500,4
1247,1,0,4,6,3,4,3,5,424,473,1,0,1,6,0,1,888,5,2010,169900,4
1248,0,0,7,6,8,1,4,3,630,416,1,1,1,8,1,1,396,4,2008,129500,3
1249,0,0,11,5,1,1,4,4,581,246,1,0,1,6,0,1,276,5,2007,119000,3
1250,0,2,11,7,4,1,4,1,606,1045,2,1,2,8,2,2,522,4,2010,244000,5
1251,1,2,10,7,0,2,4,2,8,1405,2,0,0,6,1,3,478,3,2006,171750,4
1252,0,0,4,5,3,1,4,4,529,354,1,0,1,5,0,3,288,11,2009,130000,3
1253,1,0,1,7,2,1,1,6,582,36,2,1,0,9,2,3,518,7,2007,294000,6
1254,0,0,15,7,0,2,4,2,8,746,2,1,0,7,1,2,397,7,2008,165400,4
1255,0,0,8,6,2,1,4,6,585,459,1,0,1,6,1,1,560,11,2007,127500,3
1256,1,2,3,8,3,4,1,5,583,672,2,0,0,7,1,2,691,8,2008,301500,7
1257,0,2,15,5,2,1,4,2,8,864,1,0,1,4,0,3,0,7,2009,99900,2
1258,1,0,17,7,0,2,1,5,4,201,2,0,0,5,0,2,400,7,2008,190000,4
1259,0,1,11,6,3,1,4,1,584,14,1,1,1,6,0,1,460,7,2008,151000,4
1260,3,3,17,6,0,1,4,2,8,841,2,1,1,7,1,2,502,6,2009,181000,4
1261,0,0,11,5,1,1,4,3,297,546,1,0,1,5,0,1,338,6,2009,128900,3
1262,0,0,19,4,2,1,3,2,8,1104,1,0,1,8,2,1,304,11,2009,161500,4
1263,0,0,8,6,2,1,4,2,8,764,1,0,1,8,1,1,520,7,2007,180500,4
1264,0,0,11,6,1,1,4,5,238,1139,2,0,0,5,0,2,511,8,2008,181000,4
1265,0,4,5,7,1,4,4,5,550,241,2,1,0,6,0,1,506,3,2006,183900,4
1266,1,0,7,7,2,1,4,2,8,925,1,1,1,9,1,1,308,1,2007,122000,3
1267,1,0,16,9,9,1,1,2,8,2002,2,0,2,10,1,2,746,5,2010,378500,8
1268,1,0,2,8,9,4,2,3,585,536,3,1,0,11,2,1,1014,5,2008,381000,8
1269,0,0,11,5,1,4,4,4,442,414,1,1,1,7,0,1,315,7,2007,144000,3
1270,0,0,19,7,7,1,1,5,610,74,0,1,0,4,1,2,586,4,2010,260000,6
1271,1,0,6,6,4,1,4,2,8,1489,2,0,0,7,1,3,462,8,2009,185750,4
1272,1,3,9,5,3,4,4,4,123,0,1,0,1,5,0,1,288,11,2006,137000,3
1273,1,2,15,6,7,4,3,1,303,300,1,0,2,5,1,3,312,5,2008,177000,4
1274,0,2,2,5,2,1,4,2,8,661,2,0,1,8,1,1,552,11,2007,139000,3
1275,0,2,11,5,8,2,4,3,521,708,2,0,1,10,0,1,400,7,2007,137000,3
1276,1,3,6,6,3,1,4,4,586,130,1,1,1,6,1,1,497,12,2009,162000,4
1277,1,3,6,6,3,4,3,1,456,1152,1,1,1,7,1,3,480,6,2009,197900,4
1278,0,0,0,8,0,4,4,5,587,324,2,1,0,7,1,3,577,3,2008,237000,5
1279,0,0,13,4,1,1,4,2,8,698,1,0,1,6,0,3,528,4,2010,68400,2
1280,1,0,0,7,0,4,4,5,567,785,2,0,0,6,0,3,544,3,2009,227000,5
1281,1,3,16,7,3,4,4,1,588,256,2,0,1,6,1,2,484,7,2006,180000,4
1282,1,0,0,5,3,1,2,6,589,364,2,0,0,5,0,1,484,9,2009,150500,4
1283,0,2,4,6,1,1,3,2,8,912,2,2,1,8,0,3,0,4,2010,139000,3
1284,0,0,23,6,2,1,4,2,8,804,2,0,0,10,1,1,336,3,2010,169000,4
1285,0,0,8,6,1,1,4,2,8,780,1,0,1,6,1,1,280,5,2009,132500,3
1286,0,0,6,6,3,4,4,1,65,678,1,1,1,6,2,1,528,6,2010,143000,3
1287,1,0,19,5,2,3,3,3,515,812,2,0,1,7,0,1,390,6,2006,190000,4
1288,1,0,18,8,6,1,4,5,590,343,2,0,2,5,1,2,499,10,2009,278000,6
1289,1,0,10,8,0,2,2,2,8,1085,2,1,2,8,1,2,753,10,2006,281000,6
1290,1,2,11,5,2,4,3,5,591,138,1,0,1,6,1,3,484,4,2010,180500,4
1291,0,0,22,5,6,4,4,1,332,399,2,1,1,6,0,1,264,2,2009,119500,3
1292,0,2,7,5,2,1,4,2,8,994,2,0,1,11,0,3,432,12,2009,107500,3
1293,0,0,6,7,3,1,4,5,592,638,2,1,1,8,1,3,528,3,2006,162900,4
1294,0,0,15,5,5,1,4,3,593,697,1,0,1,5,0,1,572,4,2006,115000,3
1295,0,0,11,5,3,4,3,4,104,36,1,1,1,5,0,3,288,11,2006,138500,3
1296,0,0,11,5,1,4,2,1,594,344,2,0,1,6,0,3,525,12,2008,155000,4
1297,0,0,15,6,0,4,1,5,566,0,2,0,1,5,0,2,525,6,2006,140000,3
1298,3,2,15,10,9,2,1,5,595,466,2,1,2,12,3,2,1418,1,2008,160000,4
1299,0,0,11,5,4,1,4,6,569,0,1,1,0,6,0,3,305,5,2010,154000,4
1300,1,3,17,7,0,1,4,5,596,284,2,1,0,9,1,2,490,5,2009,225000,5
1301,1,0,2,6,2,1,4,4,566,224,1,0,0,7,2,1,213,11,2009,177500,4
1302,0,0,3,8,0,4,4,5,519,425,2,1,0,8,1,3,844,12,2006,290000,6
1303,0,0,5,7,0,4,3,2,8,1616,2,0,0,7,0,3,834,4,2006,232000,5
1304,0,0,15,7,0,2,4,2,8,976,2,0,0,7,0,1,380,4,2006,130000,3
1305,1,2,10,9,0,2,4,5,597,80,2,0,2,6,2,2,840,11,2009,325000,7
1306,1,0,10,7,0,2,4,2,8,1368,2,0,0,6,1,3,474,9,2006,202500,5
1307,0,0,0,5,0,1,4,1,598,244,1,0,1,5,0,1,480,5,2009,138000,3
1308,0,0,7,5,1,1,4,5,313,172,1,0,0,6,0,1,528,5,2008,147000,3
1309,0,0,12,6,3,4,4,5,66,78,2,0,0,6,0,3,496,6,2008,179200,4
1310,0,0,2,7,4,1,3,5,599,496,2,0,2,7,2,2,567,5,2010,335000,7
1311,0,0,0,7,0,4,4,5,600,349,2,0,0,6,0,3,508,1,2007,203000,5
1312,1,0,3,8,2,4,4,5,601,971,2,1,0,9,1,3,750,6,2007,302000,7
1313,1,2,3,9,0,4,4,2,8,1393,2,1,0,10,1,2,779,5,2010,333168,7
1314,0,0,15,4,2,1,4,3,5,216,1,0,1,5,1,1,280,10,2007,119000,3
1315,0,0,11,6,3,1,2,1,444,176,2,1,1,9,2,1,576,6,2008,206900,5
1316,1,0,0,8,0,2,1,2,8,1622,2,0,2,8,1,3,860,1,2009,295493,6
1317,0,2,5,7,0,1,4,2,8,1352,2,0,0,5,1,3,466,4,2007,208900,5
1318,2,3,0,8,0,4,1,2,8,1753,2,0,0,7,1,3,748,8,2006,275000,6
1319,0,0,15,4,2,4,4,1,554,372,1,0,1,5,0,1,248,2,2007,111000,3
1320,0,0,11,6,4,1,4,1,602,628,1,1,1,6,2,3,442,6,2009,156500,4
1321,1,2,8,3,0,1,4,5,8,0,1,0,1,4,0,1,287,7,2008,72500,2
1322,1,0,3,7,3,1,4,5,356,76,2,1,0,8,1,3,564,6,2010,190000,4
1323,0,0,8,4,0,1,4,6,29,140,1,0,3,5,0,3,0,12,2009,82500,2
1324,0,0,5,8,0,4,3,2,8,1795,2,0,0,7,1,3,895,2,2007,147000,3
1325,0,0,13,4,8,1,4,2,8,796,1,0,1,5,0,3,0,1,2008,55000,2
1326,0,0,15,3,1,1,4,3,267,0,1,0,0,6,0,3,0,5,2007,79000,2
1327,0,0,4,5,0,1,4,1,208,175,1,0,0,5,1,1,264,10,2008,130500,3
1328,0,2,7,6,4,1,4,6,361,1017,2,0,1,8,2,1,520,6,2008,256000,6
1329,1,0,17,7,0,1,4,2,8,935,2,1,1,8,1,2,462,6,2006,176500,4
1330,0,0,5,8,0,2,3,2,8,1588,2,0,0,7,1,3,825,12,2007,227000,5
1331,1,0,0,5,1,1,3,1,434,428,1,0,1,6,0,1,576,7,2006,132500,3
1332,0,0,15,4,1,1,2,1,237,126,1,0,1,3,1,1,288,5,2009,100000,3
1333,0,2,13,5,2,1,4,2,8,803,1,1,0,6,0,1,297,7,2006,125500,3
1334,0,0,22,5,3,1,4,6,603,0,1,1,1,7,0,1,440,5,2009,125000,3
1335,0,0,6,6,7,4,4,1,421,664,2,0,1,6,1,3,630,4,2009,167900,4
1336,1,0,6,5,7,4,4,2,8,1656,2,0,1,8,0,1,506,11,2008,135000,3
1337,1,2,7,4,2,1,4,2,8,693,1,0,3,4,0,3,0,3,2006,52500,2
1338,1,2,0,7,0,1,4,5,371,216,2,1,0,8,0,3,492,6,2006,200000,5
1339,1,2,0,5,1,1,2,3,109,504,1,0,1,5,0,3,288,6,2006,128500,3
1340,0,0,11,4,1,1,4,2,8,858,1,0,1,5,0,1,480,6,2007,123000,3
1341,0,0,12,6,0,1,4,5,473,300,1,0,0,6,0,1,576,7,2008,155000,4
1342,0,0,0,8,0,4,4,2,8,1284,2,1,0,7,1,3,647,8,2007,228500,5
1343,0,0,2,6,4,1,4,2,8,896,1,1,1,9,1,1,342,3,2009,177000,4
1344,1,2,0,7,0,1,4,2,8,728,2,1,0,8,1,2,440,7,2007,155835,4
1345,0,0,7,4,1,1,4,1,70,710,1,0,3,5,0,1,308,7,2007,108500,3
1346,2,3,6,7,4,1,4,4,121,1203,2,0,1,9,1,3,508,6,2006,262500,6
1347,1,2,16,8,0,2,1,5,604,1652,2,0,0,7,1,2,712,5,2007,283463,6
1348,3,0,12,7,0,1,1,5,605,39,2,0,0,5,1,3,514,8,2007,215000,5
1349,0,0,7,8,1,1,4,6,606,425,2,0,1,8,0,3,0,12,2008,122000,3
1350,0,0,11,5,1,4,4,6,444,748,2,2,1,12,0,1,968,8,2009,200000,5
1351,1,0,11,6,3,4,4,3,630,539,1,1,1,8,1,2,490,3,2008,171000,4
1352,0,0,8,6,1,1,4,2,8,698,1,0,1,4,0,1,624,7,2009,134900,3
1353,1,3,3,8,0,4,3,5,437,1217,2,1,0,9,1,2,666,3,2010,410000,9
1354,1,0,0,7,0,1,4,5,607,257,2,1,0,7,1,3,839,6,2008,235000,5
1355,1,0,6,7,1,4,4,2,8,570,3,0,0,8,1,3,487,9,2006,170000,4
1356,0,2,11,5,3,4,4,3,569,524,1,0,1,5,0,3,264,10,2008,110000,3
1357,1,3,11,5,0,1,4,5,608,344,1,1,1,6,1,2,500,4,2010,149900,3
1358,0,0,5,6,1,4,4,5,506,378,2,1,0,5,0,1,440,6,2010,177500,4
1359,0,4,10,9,0,4,3,5,609,533,2,0,2,8,1,2,770,9,2006,315000,7
1360,0,0,23,5,1,1,4,2,8,612,3,1,1,8,0,3,621,5,2008,189000,4
1361,1,0,18,7,0,2,3,1,602,256,2,0,0,7,1,2,430,6,2009,260000,6
1362,1,1,11,4,0,1,4,2,8,715,2,0,1,7,1,1,368,6,2009,104900,3
1363,1,0,17,6,0,1,4,2,8,616,2,1,0,6,1,2,432,3,2007,156932,4
1364,0,0,5,7,1,1,4,2,8,600,2,1,0,4,0,3,480,4,2006,144152,3
1365,0,0,5,7,0,1,4,5,391,281,2,1,0,7,0,3,663,1,2010,216000,5
1366,1,0,0,7,0,4,4,5,451,240,2,1,0,7,0,3,588,6,2008,193000,4
1367,0,0,14,5,6,1,4,1,610,36,2,0,1,6,1,3,336,7,2006,127000,3
1368,0,0,0,6,0,4,3,5,342,163,1,0,0,4,0,2,420,6,2009,144000,3
1369,2,1,0,8,0,4,3,4,105,315,2,0,0,8,1,2,502,5,2010,232000,5
1370,0,2,7,4,14,1,4,1,611,420,1,0,1,6,0,2,338,10,2009,105000,3
1371,0,0,11,6,8,1,3,4,115,161,1,0,0,8,1,3,377,10,2008,165500,4
1372,0,2,0,7,0,1,3,5,418,133,2,1,0,8,1,3,583,6,2006,274300,6
1373,0,0,3,10,0,4,1,5,612,1351,2,1,2,8,2,3,804,3,2007,466500,10
1374,0,0,5,7,6,1,4,2,8,1026,2,1,0,9,1,2,936,7,2008,250000,6
1375,1,0,16,8,0,4,1,2,8,1571,2,0,0,7,1,2,722,12,2007,239000,5
1376,0,0,23,6,2,1,2,3,38,384,1,0,1,4,0,1,160,4,2008,91000,2
1377,0,0,15,5,2,1,4,6,613,156,2,0,1,6,0,1,660,7,2009,117000,3
1378,0,0,22,6,3,4,4,4,614,174,1,1,1,5,0,1,264,6,2006,83000,2
1379,0,0,16,5,0,1,4,2,8,384,2,1,0,7,0,2,400,5,2008,167500,4
1380,0,0,15,3,9,1,4,3,615,661,1,0,1,5,0,1,200,6,2010,58500,2
1381,1,2,11,6,4,1,2,4,616,340,2,1,1,7,2,2,550,5,2008,237500,5
1382,0,2,7,7,2,1,4,2,8,596,1,1,0,8,0,1,576,10,2006,157000,4
1383,0,0,9,5,2,1,4,2,8,816,2,0,0,7,0,1,576,8,2007,112000,3
1384,0,0,15,6,5,1,2,3,617,356,1,0,1,6,0,1,280,10,2009,105000,3
1385,0,0,13,4,0,1,4,4,607,61,1,0,0,7,0,1,240,5,2010,125500,3
1386,1,0,6,7,7,4,4,4,618,133,3,1,0,12,2,3,564,7,2006,250000,6
1387,0,0,7,6,9,1,4,3,279,0,2,0,0,10,1,1,216,8,2007,136000,3
1388,1,3,17,9,0,2,1,5,619,426,2,0,2,7,2,2,758,10,2009,377500,8
1389,0,0,8,6,2,1,4,1,483,360,1,0,1,6,1,1,440,3,2007,131000,3
1390,0,0,0,7,0,4,3,5,98,125,2,0,0,6,0,3,541,9,2006,235000,5
1391,0,0,11,5,7,1,4,2,8,1584,2,0,1,8,0,1,792,4,2009,124000,3
1392,0,0,11,5,3,1,3,1,620,95,1,0,1,6,1,3,288,12,2006,123000,3
1393,0,0,7,6,2,1,4,2,8,482,2,0,1,7,1,1,672,4,2008,163000,4
1394,0,0,21,7,0,4,3,5,621,286,2,0,0,6,1,2,648,10,2006,246578,5
1395,1,0,16,8,0,4,1,2,8,1094,2,1,0,9,1,2,642,2,2007,281213,6
1396,1,0,16,5,2,1,3,4,540,60,1,0,1,7,2,1,572,6,2010,160000,4
1397,0,0,8,5,1,1,2,2,8,939,1,1,1,8,0,1,180,5,2007,137500,3
1398,0,0,11,5,0,1,4,3,318,676,1,1,1,7,0,1,240,5,2009,138000,3
1399,0,0,23,6,5,1,4,4,622,712,2,1,0,7,1,1,216,10,2009,137450,3
1400,0,2,8,6,5,1,4,2,8,862,1,0,1,5,1,3,208,7,2008,120000,3
1401,1,0,17,6,0,1,4,5,623,80,2,1,1,8,1,2,398,4,2008,193000,4
1402,0,0,0,7,0,1,3,2,8,1286,2,0,0,6,1,3,662,7,2006,193879,4
1403,1,3,5,8,0,2,1,5,154,556,2,0,0,6,0,1,754,8,2007,282922,6
1404,0,2,7,3,2,1,4,2,8,672,1,0,1,6,0,1,936,1,2006,105000,3
1405,1,0,2,8,6,2,1,5,624,221,2,0,0,5,1,2,482,1,2008,275000,6
1406,0,2,0,5,3,1,3,5,422,112,1,0,1,5,0,1,396,3,2009,133000,3
1407,1,2,4,5,3,1,4,1,148,208,1,0,1,5,0,3,0,3,2009,112000,3
1408,0,0,7,4,0,1,4,2,8,622,1,0,1,6,0,1,528,6,2010,125500,3
1409,1,3,6,7,7,4,4,2,8,791,2,1,1,7,1,2,542,11,2008,215000,5
1410,0,0,0,7,0,1,4,5,575,278,2,1,0,6,0,3,622,6,2009,230000,5
1411,0,0,11,6,0,1,4,4,604,736,1,1,1,6,0,1,271,9,2009,140000,3
1412,0,0,11,4,4,1,4,5,8,0,2,0,1,6,0,1,420,6,2009,90000,2
1413,1,2,12,8,0,2,4,5,625,868,2,0,0,7,1,2,620,9,2009,257000,6
1414,0,0,8,6,2,1,4,2,8,833,1,1,0,8,1,1,370,6,2008,207000,5
1415,0,0,21,7,0,4,4,1,373,398,2,0,0,7,1,3,660,5,2009,175900,4
1416,0,0,7,4,0,1,4,2,8,777,2,0,1,11,0,1,560,4,2010,122500,3
1417,1,0,3,8,0,4,2,5,626,503,2,1,0,7,1,2,1069,5,2009,340000,7
1418,0,0,11,5,3,1,4,4,627,247,1,1,1,6,0,1,336,8,2008,124000,3
1419,1,0,2,6,7,4,3,3,628,734,2,0,0,7,1,3,540,12,2006,223000,5
1420,0,2,6,6,3,4,4,1,629,304,2,1,1,7,1,3,776,5,2006,179900,4
1421,0,0,20,6,7,1,4,1,109,709,2,0,1,4,1,3,440,7,2010,127500,3
1422,0,0,0,6,0,4,3,5,421,162,1,0,0,3,0,2,420,3,2008,136500,3
1423,1,3,15,6,7,1,3,2,8,697,2,0,0,8,1,1,432,8,2006,274970,6
1424,0,0,11,5,3,1,4,1,352,193,1,0,1,6,1,1,484,6,2007,144000,3
1425,1,0,11,6,3,2,4,2,8,1252,1,0,0,7,0,1,528,10,2008,142000,3
1426,1,0,3,7,0,4,4,5,577,223,2,1,0,5,2,3,525,8,2008,271000,6
1427,0,0,11,5,1,1,4,4,630,333,1,1,1,6,1,1,288,4,2008,140000,3
1428,0,2,7,5,1,2,4,4,529,278,1,0,0,4,2,1,240,2,2010,119000,3
1429,1,2,6,6,1,4,4,4,631,762,2,0,0,7,1,2,467,4,2007,182900,4
1430,3,0,17,5,0,1,3,2,8,732,2,1,1,7,1,2,372,7,2006,192140,4
1431,1,0,20,6,7,1,4,6,632,0,2,0,1,5,0,3,440,10,2009,143750,3
1432,0,0,7,4,2,1,4,2,8,656,2,0,1,5,0,1,216,8,2007,64500,2
1433,1,0,17,6,0,4,4,2,8,936,2,1,1,8,1,2,451,5,2008,186500,4
1434,0,0,4,5,4,1,4,1,478,190,2,0,1,5,1,3,484,5,2006,160000,4
1435,0,0,11,6,2,4,4,2,8,1319,1,1,0,7,1,3,462,7,2008,174000,4
1436,0,1,11,4,3,1,4,1,420,248,1,0,1,5,0,1,528,5,2007,120500,3
1437,0,1,10,8,0,2,3,5,633,596,2,0,2,7,1,2,774,11,2008,394617,8
1438,0,0,7,6,1,1,4,5,102,312,1,0,1,6,0,1,923,4,2010,149700,3
1439,0,0,6,7,3,4,4,5,611,114,2,1,1,6,1,3,550,11,2007,197000,4
1440,1,0,2,6,1,1,4,2,8,588,2,0,1,11,1,2,672,9,2008,191000,4
1441,0,0,0,6,0,4,3,5,155,151,1,0,0,3,1,3,420,5,2008,149300,3
1442,0,0,5,10,0,2,3,5,603,252,2,1,2,10,1,2,812,4,2009,310000,7
1443,0,0,8,6,2,1,4,2,8,952,1,0,3,4,1,1,192,5,2009,121000,3
1444,0,1,0,7,0,4,3,2,8,1422,2,0,0,7,0,3,626,11,2007,179600,4
1445,0,0,9,6,0,1,1,6,371,0,1,0,1,6,0,1,240,5,2007,129000,3
1446,1,3,4,5,3,4,4,3,586,595,1,0,1,6,0,1,312,4,2010,157900,4
1447,0,0,0,8,0,4,4,5,634,141,2,1,0,8,1,3,556,12,2007,240000,5
1448,0,0,15,4,1,1,4,2,8,560,1,1,1,6,0,1,384,5,2007,112000,3
1449,0,0,14,5,6,1,3,5,268,77,1,0,2,3,0,3,0,8,2006,92000,2
1450,0,1,11,5,0,1,4,2,8,896,2,2,1,8,0,3,0,9,2009,136000,3
1451,0,0,5,8,6,2,4,2,8,1573,2,0,2,7,1,2,840,5,2009,287090,6
1452,0,0,15,5,0,4,1,5,566,0,1,0,1,5,0,2,525,5,2006,145000,3
1453,0,0,4,5,0,1,4,2,8,1140,1,0,1,6,0,3,0,7,2006,84500,2
1454,0,0,5,7,0,1,4,5,524,811,2,0,0,6,0,3,400,10,2009,185000,4
1455,0,0,17,6,0,1,4,2,8,953,2,1,1,7,1,3,460,8,2007,175000,4
1456,0,0,6,6,7,2,4,1,618,589,2,0,1,7,2,1,500,2,2010,210000,5
1457,0,0,2,7,6,1,4,5,549,877,2,0,0,9,2,3,252,5,2010,266500,6
1458,0,0,11,5,1,1,2,5,635,0,1,0,0,5,0,1,240,4,2010,142125,3
1459,0,0,15,5,3,1,4,4,636,136,1,1,1,6,0,2,276,6,2008,147500,3
