,LotFrontage,OverallQual,YearRemodAdd,BsmtFinSF1,BsmtUnfSF,1stFlrSF,BsmtFullBath,FullBath,HalfBath,BedroomAbvGr,TotRmsAbvGrd,Fireplaces,GarageCars,GarageArea,WoodDeckSF,OpenPorchSF,MoSold,YrSold,SalePrice
0,65,7,2003,8,150,856,1,2,1,3,8,0,2,548,0,61,2,2008,208500
1,80,6,1976,1,284,1262,0,2,0,3,6,1,2,460,298,0,5,2007,181500
2,68,7,2002,329,434,920,1,2,1,3,6,1,2,608,0,42,9,2008,223500
3,60,7,1970,3,540,961,1,1,0,3,7,1,3,642,0,35,2,2006,140000
4,84,8,2000,4,490,1145,1,2,1,4,9,1,3,836,192,84,12,2008,250000
5,85,5,1995,5,64,796,1,1,1,1,5,0,2,480,40,30,10,2009,143000
6,75,8,2005,6,317,1694,1,2,0,3,7,1,2,636,255,57,8,2007,307000
7,0,7,1973,7,216,1107,1,2,1,3,7,2,2,484,235,204,11,2009,200000
8,51,7,1950,8,952,1022,0,2,0,2,8,2,2,468,90,0,4,2008,129900
9,50,5,1950,9,140,1077,1,1,0,2,5,2,1,205,0,4,1,2008,118000
10,70,5,1965,10,134,1040,1,1,0,3,5,0,1,384,0,0,2,2008,129500
11,85,9,2006,11,177,1182,1,3,0,4,11,2,3,736,147,21,7,2006,345000
12,0,5,1962,12,175,912,1,1,0,2,4,0,1,352,140,0,9,2008,144000
13,91,7,2007,8,1494,1494,0,2,0,3,7,1,3,840,160,33,8,2007,279500
14,0,6,1960,13,520,1253,1,1,1,2,5,1,1,352,0,213,5,2008,157000
15,51,7,2001,8,832,854,0,1,0,2,5,0,2,576,48,112,7,2007,132000
16,0,6,1970,14,426,1004,1,1,0,2,5,1,2,480,0,0,3,2010,149000
17,72,4,1967,8,0,1296,0,2,0,2,6,0,2,516,0,0,10,2006,90000
18,66,5,2004,15,468,1114,1,1,1,3,6,0,2,576,0,102,6,2008,159000
19,70,5,1965,297,525,1339,0,1,0,3,6,0,1,294,0,0,5,2009,139000
20,101,8,2006,8,1158,1158,0,3,1,4,9,1,3,853,240,154,11,2006,325300
21,57,7,1950,8,637,1108,0,1,0,3,6,1,1,280,0,0,6,2007,139400
22,75,8,2002,8,1777,1795,0,2,0,3,7,1,2,534,171,159,9,2008,230000
23,44,5,1976,17,200,1060,1,1,0,3,6,1,2,572,100,110,6,2007,129900
24,0,5,2001,18,204,1060,1,1,0,3,6,1,1,270,406,90,5,2010,154000
25,110,8,2007,8,1566,1600,0,2,0,3,7,1,3,890,0,56,7,2009,256300
26,60,5,2000,19,180,900,0,1,0,3,5,0,2,576,222,32,5,2010,134800
27,98,8,2008,386,486,1704,1,2,0,3,7,1,3,772,0,50,5,2010,306000
28,47,5,1997,21,207,1600,1,1,0,2,6,2,1,319,288,258,12,2006,207500
29,60,4,1950,8,520,520,0,1,0,1,4,0,1,240,49,0,5,2008,68500
30,50,4,1950,8,649,649,0,1,0,3,6,0,1,250,0,54,7,2008,40000
31,0,5,2006,8,1228,1228,0,1,1,3,6,0,1,271,0,65,6,2008,149350
32,85,8,2007,8,1234,1234,0,2,0,3,7,0,2,484,0,30,1,2008,179900
33,70,5,1959,22,380,1700,0,1,1,4,6,1,2,447,0,38,4,2010,165500
34,60,9,2005,23,408,1561,1,2,0,2,6,1,2,556,203,47,8,2007,277500
35,108,8,2005,8,1117,1132,0,3,1,4,9,1,3,691,113,32,9,2006,309000
36,112,5,1995,8,1097,1097,0,1,1,3,6,0,2,672,392,64,6,2009,145000
37,74,5,1990,55,84,1297,0,1,0,3,5,1,2,498,0,0,10,2009,153000
38,68,5,2007,627,326,1057,1,1,0,3,5,0,1,246,0,52,1,2010,109000
39,65,4,1955,8,0,1152,0,2,0,2,6,0,0,0,0,0,6,2008,82000
40,84,6,1965,26,445,1324,0,2,0,3,6,1,2,440,0,138,12,2006,160000
41,115,5,1959,551,383,1328,0,1,1,2,5,2,1,308,0,104,7,2007,170000
42,0,5,1983,435,0,884,1,1,0,2,5,0,2,504,240,0,12,2007,144000
43,0,5,1980,29,167,938,1,1,0,3,5,0,1,308,145,0,7,2008,130250
44,70,5,1959,30,465,1150,1,1,0,3,6,0,1,300,0,0,5,2006,141000
45,61,9,2005,31,1296,1752,1,2,0,2,6,1,2,576,196,82,2,2010,319900
46,48,7,2003,32,83,1518,1,1,1,1,6,1,2,670,168,43,8,2009,239686
47,84,8,2006,55,1632,1656,0,2,0,3,7,0,3,826,0,146,7,2007,249700
48,33,4,2008,8,736,736,0,2,0,2,8,0,0,0,0,0,6,2009,113000
49,66,5,1966,34,192,955,1,1,0,3,6,0,1,386,0,0,1,2007,127000
50,0,6,1997,226,612,794,0,2,0,3,6,0,2,388,0,75,7,2007,177000
51,52,6,1950,8,816,816,0,1,0,3,6,1,2,528,112,0,9,2006,114500
52,110,5,1963,136,0,816,1,1,0,2,5,0,2,516,106,0,5,2010,110000
53,68,9,1987,37,32,1842,2,0,1,0,5,1,3,894,857,72,11,2006,385000
54,60,5,1955,38,0,1360,0,1,0,3,6,1,2,572,0,50,2,2007,130000
55,100,6,1964,39,935,1425,0,2,0,3,7,1,2,576,0,0,7,2008,180500
56,24,8,2000,199,321,983,1,2,1,3,7,0,2,480,115,0,8,2009,172500
57,89,7,2004,8,860,860,0,2,1,3,7,0,2,565,0,70,8,2006,196500
58,66,10,2006,8,1410,1426,0,3,1,3,10,1,3,641,192,0,10,2006,438780
59,60,5,1972,355,148,780,0,1,0,2,4,0,1,352,196,0,1,2008,124900
60,63,6,2004,42,217,1158,1,1,1,3,5,0,2,576,0,50,5,2006,158000
61,60,5,1996,8,530,581,0,1,0,3,6,0,1,288,0,0,3,2007,101000
62,44,8,2006,55,1346,1370,0,2,0,2,6,1,2,484,120,49,10,2007,202500
63,50,7,1950,8,576,902,0,2,0,3,9,0,2,480,12,11,4,2010,140000
64,0,7,1998,43,318,1057,1,2,1,3,8,0,2,645,576,36,2,2009,219500
65,76,8,2005,8,1143,1143,0,2,1,4,9,1,3,852,192,151,10,2007,317000
66,0,7,1989,44,1035,2207,1,2,0,3,7,1,2,576,301,0,7,2010,180000
67,72,7,2003,45,440,1479,1,2,0,3,7,0,2,558,144,29,6,2007,226000
68,47,4,1950,8,747,747,0,1,0,2,4,0,1,220,0,0,6,2010,80000
69,81,7,1953,46,701,1304,0,2,0,3,7,1,2,667,0,21,7,2006,225000
70,95,7,1973,47,343,2223,1,2,0,3,8,2,2,516,300,0,2,2007,244000
71,69,4,2006,540,280,845,1,1,0,2,4,0,2,360,0,0,6,2007,129500
72,74,7,1998,8,832,885,0,2,1,3,7,1,2,427,0,94,12,2009,185000
73,85,5,2003,635,404,1086,1,1,0,3,6,0,2,490,0,0,5,2010,144900
74,60,3,1950,8,840,840,0,2,0,3,8,0,1,379,0,0,5,2010,107400
75,21,4,1973,245,0,526,1,1,0,2,5,0,1,297,120,101,11,2009,91000
76,0,4,1956,51,724,952,0,1,0,2,4,0,1,283,0,0,4,2008,135750
77,50,5,2001,52,295,1072,1,1,0,2,6,0,1,240,0,0,1,2008,127000
78,72,4,1968,8,1768,1768,0,2,0,4,8,0,0,0,0,0,4,2010,136500
79,60,5,1981,8,440,682,0,1,1,2,5,0,2,440,74,0,5,2009,110000
80,100,6,1968,53,448,1182,0,2,1,4,8,1,1,509,0,72,6,2009,193500
81,32,6,1998,54,36,1337,1,2,0,2,5,0,2,405,0,199,3,2006,153500
82,78,8,2007,55,1530,1563,0,2,0,3,6,1,3,758,144,99,10,2008,245000
83,80,5,1960,8,1065,1065,0,1,1,3,6,0,2,461,74,0,7,2007,126500
84,0,7,1996,8,384,804,0,2,1,3,7,1,2,400,120,72,5,2009,168500
85,121,8,1992,8,1288,1301,0,2,1,4,9,1,2,462,127,82,4,2006,260000
86,122,6,2005,8,684,684,0,2,1,3,6,1,2,400,100,38,3,2009,174000
87,40,6,2009,8,612,612,0,2,1,2,4,0,2,528,0,234,6,2009,164500
88,105,3,1982,8,1013,1013,0,1,0,2,6,0,0,0,0,0,10,2009,85000
89,60,4,1995,313,402,990,1,1,0,3,5,0,0,0,0,0,8,2007,123600
90,60,4,1950,8,0,1040,0,1,0,2,4,0,2,420,0,29,7,2006,109900
91,85,5,1961,102,635,1235,0,1,0,2,6,0,2,480,0,0,12,2006,98600
92,80,5,2006,58,163,964,1,1,0,2,5,0,2,432,0,0,8,2009,163500
93,60,6,1998,59,168,1260,0,2,0,4,9,1,2,506,0,0,11,2007,133900
94,69,6,1997,60,176,905,1,2,1,3,7,0,2,684,0,162,5,2007,204750
95,0,6,1993,61,370,680,0,2,1,3,6,1,2,420,232,63,4,2009,185000
96,78,7,1999,62,426,1588,0,2,0,3,6,0,2,472,158,29,8,2006,214000
97,73,4,1965,466,440,960,1,1,0,3,6,0,1,432,120,0,5,2007,94750
98,85,5,1950,450,350,835,0,1,0,2,5,0,1,366,0,0,5,2010,83000
99,77,4,1959,65,381,1225,1,1,1,3,6,0,0,0,352,0,1,2010,128950
100,0,6,2001,66,410,1610,1,2,0,3,6,2,2,480,168,68,2,2010,205000
101,77,6,1985,8,741,977,0,2,1,3,7,1,2,476,192,46,6,2010,178000
102,64,5,1979,8,0,1535,0,2,0,4,8,0,2,410,0,0,6,2009,118964
103,94,7,2009,8,1226,1226,0,2,0,3,6,0,3,740,0,36,5,2010,198900
104,0,7,1950,67,816,1226,0,1,1,4,7,2,1,240,0,0,6,2007,169500
105,75,8,2004,8,1053,1053,0,2,1,3,9,1,2,648,140,45,8,2008,250000
106,60,4,1995,8,641,1047,0,1,0,2,6,0,1,273,0,0,8,2007,100000
107,50,5,1950,136,516,789,0,1,0,2,5,0,1,250,0,0,4,2008,115000
108,85,5,2005,8,793,997,0,2,0,3,7,0,0,0,0,0,8,2007,115000
109,105,6,1977,68,1139,1844,0,2,0,3,7,1,2,546,0,122,1,2010,190000
110,75,6,1972,69,550,1216,0,2,0,4,7,0,1,325,182,0,10,2006,136900
111,0,7,2000,70,134,774,0,2,1,3,7,1,2,400,180,0,4,2010,180000
112,77,7,2007,71,280,1282,1,2,1,4,10,1,3,792,120,184,10,2007,383970
113,0,6,1953,226,905,2259,1,2,0,3,7,2,2,450,166,120,10,2007,217000
114,61,6,2002,73,104,1436,1,2,1,3,9,1,1,180,224,0,7,2007,259500
115,34,6,1999,74,310,729,0,2,1,2,5,1,2,440,0,32,6,2007,176000
116,0,5,1962,525,252,1092,0,1,0,3,6,1,1,288,0,20,9,2009,139000
117,74,5,2007,8,1125,1125,0,1,1,2,5,0,2,430,80,64,4,2007,155000
118,90,7,1990,76,203,1699,1,3,0,5,11,2,3,594,367,0,5,2010,320000
119,65,6,2006,8,728,728,0,2,1,3,8,1,2,390,0,24,7,2006,163990
120,0,6,1969,77,0,988,1,1,0,1,4,2,2,540,0,130,10,2006,180000
121,50,4,1950,8,732,772,0,1,0,3,4,0,1,264,0,0,6,2007,100000
122,75,6,1958,78,510,1080,0,1,0,3,5,0,1,288,0,0,6,2008,136000
123,55,6,1993,79,899,1199,0,2,0,2,5,0,2,530,0,63,3,2008,153900
124,48,6,1998,8,1362,1586,0,2,0,3,7,1,2,435,192,0,1,2009,181000
125,60,6,1982,39,30,520,1,1,0,2,5,0,0,0,53,0,6,2006,84500
126,0,6,1976,604,958,958,0,2,0,2,5,1,2,440,0,205,2,2007,128000
127,55,5,1950,345,556,840,0,1,0,3,5,1,0,0,0,0,6,2007,87000
128,69,6,1966,82,148,660,0,1,1,3,6,1,2,453,188,108,7,2006,155000
129,69,5,1991,83,413,1053,0,1,1,3,6,0,2,750,0,80,7,2006,150000
130,88,7,1966,84,479,1216,0,2,1,4,8,2,2,487,105,66,5,2006,226000
131,0,6,2000,85,297,1022,1,2,1,3,7,1,2,390,24,48,7,2009,244000
132,75,5,2002,86,658,1327,1,1,0,3,7,0,2,624,0,0,7,2007,150750
133,0,8,2002,87,262,1296,1,2,0,2,6,0,2,471,192,25,6,2009,220000
134,78,5,1993,78,891,1721,0,2,1,3,7,1,2,440,0,96,7,2006,180000
135,80,7,1970,8,1304,1682,0,2,0,3,7,1,2,530,98,0,5,2008,174000
136,0,5,1967,85,519,1214,0,2,0,3,5,1,1,318,0,111,7,2007,143000
137,82,7,1989,8,1907,1959,0,3,0,5,9,0,3,766,0,0,7,2006,171000
138,73,8,2000,88,336,1004,0,2,1,3,7,2,3,660,224,106,12,2008,230000
139,65,6,1997,89,107,928,1,2,1,3,7,0,2,470,276,99,8,2009,231500
140,70,4,1971,90,432,864,0,1,0,3,5,1,0,0,0,0,4,2010,115000
141,78,7,2005,91,434,1734,1,2,0,3,7,0,2,660,160,24,1,2006,260000
142,71,5,1952,92,403,910,0,2,0,4,6,0,2,720,0,0,6,2010,166000
143,78,7,1999,93,811,1501,1,2,0,3,6,0,2,577,144,29,6,2009,204000
144,70,5,1963,151,396,1728,1,2,0,6,10,0,2,504,0,0,11,2006,125000
145,24,6,2006,8,970,970,0,2,0,3,7,0,2,380,0,40,4,2006,130000
146,51,5,1993,95,506,875,1,1,0,2,5,0,1,180,48,0,11,2009,105000
147,0,7,2001,8,884,884,0,2,1,3,8,1,2,434,144,48,5,2010,222500
148,63,7,2005,96,400,1080,1,1,0,3,6,0,0,0,0,0,4,2008,141000
149,0,5,1950,8,896,896,0,1,0,3,7,0,1,240,200,114,4,2006,115000
150,120,5,1975,97,253,969,0,1,1,3,5,0,2,440,0,0,1,2007,122000
151,107,8,2008,98,310,1710,1,2,0,2,6,1,3,866,0,102,1,2008,372402
152,0,6,1971,99,409,1097,0,2,1,4,8,1,2,495,0,66,6,2006,190000
153,0,6,1975,100,93,1252,1,1,0,1,4,1,2,564,409,0,3,2008,235000
154,84,6,1950,8,1200,1200,0,1,0,4,7,0,1,312,0,0,3,2006,125000
155,60,6,1950,8,572,572,0,1,0,2,5,0,0,0,0,8,4,2008,79000
156,60,5,1950,8,0,1040,0,1,0,2,5,0,2,625,0,0,6,2006,109500
157,92,8,2010,8,774,774,0,2,1,4,8,1,3,680,0,75,5,2010,269500
158,100,7,2005,101,769,991,0,2,1,3,8,1,2,678,0,136,5,2010,254900
159,134,7,2006,102,1335,1392,1,2,1,4,9,1,2,576,239,132,3,2006,320000
160,0,6,1984,103,572,1232,0,2,0,3,6,0,2,516,0,0,6,2008,162500
161,110,9,2004,104,556,1572,1,2,1,3,10,2,3,726,400,0,3,2008,412500
162,95,7,2005,54,340,1541,0,2,0,3,7,1,2,532,0,70,5,2010,220000
163,55,4,1956,8,882,882,0,1,0,1,4,0,0,0,0,0,4,2007,103200
164,40,6,2004,105,779,1149,0,2,0,3,5,0,1,216,0,0,10,2007,152000
165,62,5,1999,106,112,808,1,2,0,4,6,0,0,0,140,0,9,2008,127500
166,0,5,1993,107,470,1867,1,1,0,2,7,3,1,303,476,0,11,2009,190000
167,86,8,2007,108,294,1610,1,1,1,3,8,1,3,789,178,120,11,2007,325624
168,62,7,2004,8,840,840,0,2,1,3,7,1,2,440,100,48,5,2007,183500
169,0,8,1981,8,1686,1707,0,2,1,2,6,1,2,511,574,64,1,2006,228000
170,0,5,1950,109,360,854,0,1,1,2,7,0,2,660,237,0,5,2007,128500
171,141,6,1960,110,441,1656,1,1,0,3,7,2,2,528,210,62,5,2010,215000
172,44,7,1987,289,354,1064,1,2,0,2,5,1,2,504,441,35,6,2006,239000
173,80,6,1961,112,700,1362,1,1,1,3,6,1,2,504,0,20,6,2008,163000
174,47,6,1986,113,0,1651,1,2,0,3,7,1,2,616,192,0,11,2008,184000
175,84,6,2001,114,725,2158,1,2,0,4,7,1,2,576,0,29,6,2007,243000
176,97,6,1989,115,320,1164,0,2,1,4,8,1,2,521,0,228,9,2007,211000
177,0,5,1958,102,554,1252,1,2,0,4,8,1,2,451,0,0,7,2006,172500
178,63,9,2009,116,312,2234,1,2,0,1,9,1,3,1166,0,60,7,2009,501837
179,60,5,2006,8,968,968,0,1,0,2,5,0,2,480,0,0,7,2007,100000
180,0,6,2000,117,320,769,0,2,1,3,5,1,2,440,0,0,6,2007,177000
181,54,7,1950,118,441,901,0,1,1,4,9,1,1,216,0,0,7,2006,200100
182,60,5,2006,8,0,1340,0,1,0,3,7,1,1,252,116,0,6,2007,120000
183,63,7,2003,8,1362,1362,0,2,1,3,6,0,2,484,280,238,6,2008,200000
184,92,5,1991,8,504,936,0,1,0,3,5,0,2,576,104,0,6,2006,127000
185,90,10,1993,8,1107,1518,0,2,1,4,12,2,3,840,0,260,6,2006,475000
186,0,7,1991,119,577,1217,1,2,0,3,6,0,2,497,168,27,6,2009,173000
187,60,5,1987,8,660,808,0,2,1,3,8,0,1,180,0,0,8,2009,135000
188,64,5,1979,120,0,1224,2,0,2,2,6,2,2,528,120,0,6,2009,153337
189,41,8,2002,23,440,1593,1,1,1,0,5,1,2,682,0,120,8,2008,286000
190,70,8,1994,121,556,1549,0,2,1,3,10,2,2,440,0,74,12,2007,315000
191,0,7,2004,122,99,725,1,1,1,4,7,0,2,484,0,32,6,2007,184000
192,68,7,1999,123,871,1431,1,2,0,3,6,0,2,666,0,35,9,2009,192000
193,24,7,2004,8,970,970,0,2,0,3,7,0,2,380,0,40,5,2006,130000
194,60,5,1972,124,474,864,0,1,0,3,5,0,1,352,0,0,5,2008,127000
195,24,6,1976,582,289,855,0,2,1,3,7,1,2,440,87,0,7,2009,148500
196,79,7,2007,126,600,1726,1,2,0,3,8,1,3,786,171,138,9,2007,311872
197,174,8,1990,127,140,1360,1,2,0,4,8,1,2,795,0,16,3,2006,235000
198,92,6,1950,8,755,929,0,1,0,5,8,0,0,0,0,198,7,2009,104000
199,76,8,2005,128,625,1713,1,2,0,3,7,1,3,856,0,26,1,2009,274900
200,80,4,2004,8,1121,1121,0,2,0,2,5,0,2,440,132,64,3,2010,140000
201,75,6,1977,208,276,1279,0,2,0,3,6,2,2,473,238,83,2,2008,171500
202,50,6,1950,130,0,865,0,2,0,2,6,0,1,398,0,0,5,2006,112000
203,0,6,2004,365,186,848,1,1,0,1,3,1,2,420,149,0,1,2008,149000
204,50,5,1950,132,408,720,0,1,1,2,5,0,1,240,0,35,4,2009,110000
205,99,7,1990,8,1424,1442,0,2,0,3,5,0,2,500,0,34,5,2009,180500
206,40,5,1962,8,1140,1696,0,1,1,3,8,1,1,349,0,30,3,2007,143900
207,0,4,1960,74,375,1100,1,1,0,3,6,1,1,312,355,0,4,2008,141000
208,0,7,1989,606,92,1180,1,2,1,3,7,1,2,454,60,55,4,2007,277000
209,75,6,1964,134,305,1092,1,1,0,3,6,0,2,504,0,0,7,2008,145000
210,67,5,1950,135,396,864,1,1,0,2,5,0,0,0,0,0,4,2008,98000
211,83,6,2009,136,1176,1212,0,2,0,3,6,0,2,460,100,22,3,2010,186000
212,72,7,2009,137,78,932,1,2,1,3,7,1,2,644,168,108,7,2009,252678
213,43,5,1995,97,274,990,0,1,0,3,5,0,2,576,224,0,7,2006,156000
214,0,6,1977,506,311,689,0,1,1,3,6,0,1,299,0,36,3,2010,161750
215,72,5,1996,109,710,1236,0,1,0,2,6,1,1,447,0,0,5,2006,134450
216,65,7,2004,139,490,1436,1,2,0,3,8,0,2,484,139,98,4,2008,210000
217,57,4,1950,8,686,810,0,1,0,3,8,0,1,210,0,172,9,2006,107000
218,0,7,2006,140,457,1137,0,1,1,3,8,2,2,431,0,119,5,2008,311500
219,43,7,2006,297,1232,1248,0,2,0,2,5,0,2,438,108,0,3,2006,167240
220,73,7,2006,8,1498,1498,0,2,0,2,5,0,2,675,351,33,4,2006,204900
221,0,6,2002,8,1010,1010,0,2,1,4,8,1,2,390,120,46,12,2009,200000
222,85,6,1975,142,163,811,1,2,1,3,6,1,2,434,209,208,2,2006,179900
223,70,4,1971,143,160,864,0,1,0,2,4,0,2,576,216,0,3,2009,97000
224,103,10,2003,313,2336,2392,0,2,0,3,8,1,3,968,248,105,6,2009,386250
225,21,5,1971,8,630,630,0,2,1,3,6,0,1,280,0,0,5,2009,112000
226,82,7,1995,540,638,1214,0,2,1,4,9,1,3,721,224,114,6,2007,290000
227,21,6,1970,145,162,483,0,1,1,2,5,0,1,280,0,0,9,2008,106000
228,70,5,1967,146,70,912,0,1,0,3,5,1,1,336,0,0,5,2010,125000
229,43,7,2006,297,1357,1555,0,2,0,2,7,1,2,430,143,20,5,2009,192500
230,73,6,1959,8,1194,1194,1,1,0,3,6,0,1,312,0,0,4,2010,148000
231,174,8,1996,147,773,1490,1,2,1,4,9,1,3,810,0,146,7,2009,403000
232,21,6,1972,8,483,483,0,1,1,2,5,1,1,288,0,0,6,2006,94500
233,75,5,1976,226,0,894,1,1,0,3,5,0,1,308,365,0,2,2010,128200
234,0,6,2002,148,235,860,1,2,1,4,8,2,2,440,288,48,5,2010,216500
235,21,6,1971,149,125,483,0,1,1,2,5,0,1,264,0,0,8,2008,89500
236,65,7,2004,55,1390,1414,0,2,0,3,6,0,2,494,132,105,5,2010,185500
237,0,7,2003,351,594,1014,0,2,1,3,7,0,2,457,370,70,2,2010,194500
238,93,8,2007,8,1694,1694,0,2,0,3,7,0,3,818,168,228,12,2007,318000
239,52,6,1950,151,641,798,0,1,1,3,7,1,1,220,0,140,4,2010,113000
240,75,8,2008,401,488,1566,1,2,0,3,7,0,2,750,144,168,4,2010,262500
241,40,5,1997,153,357,866,0,1,0,2,4,0,0,0,58,42,8,2007,110500
242,63,5,1950,8,540,889,0,1,0,3,6,0,1,352,0,0,4,2006,79000
243,75,6,1980,8,626,626,0,1,1,3,6,1,1,288,0,28,4,2009,120000
244,0,7,2002,85,253,1222,1,2,1,3,8,2,2,463,0,130,5,2010,205000
245,80,7,1988,154,916,1872,0,2,0,3,6,1,2,604,197,39,6,2006,241500
246,69,6,1950,8,1020,908,0,2,0,4,9,0,1,440,0,60,4,2006,137000
247,75,6,1954,8,1367,1375,0,1,0,2,5,1,2,451,0,30,6,2006,140000
248,72,7,2003,8,840,840,0,2,1,3,8,0,2,500,144,68,9,2007,180000
249,0,6,2006,155,747,1444,0,2,0,4,7,2,2,389,0,98,6,2007,277000
250,55,3,1966,8,728,1306,0,1,0,3,6,0,0,0,263,0,5,2010,76500
251,44,8,2007,439,0,1625,1,2,0,2,5,1,2,538,123,0,12,2007,235000
252,65,6,2004,8,798,798,0,2,1,3,6,0,2,520,138,45,12,2008,173000
253,85,6,1991,157,452,1302,0,2,0,3,7,0,1,309,333,0,10,2007,158000
254,70,5,1957,158,392,1314,1,1,0,3,5,0,1,294,250,0,6,2010,145000
255,66,7,1999,8,975,1005,0,2,1,4,8,1,2,429,192,0,2,2006,230000
256,64,6,2003,159,361,864,0,2,1,3,7,0,2,673,216,56,5,2008,207500
257,68,7,2006,160,270,1604,1,2,1,3,8,1,2,660,123,110,3,2009,220000
258,80,7,2001,161,602,963,0,2,1,3,7,1,2,564,0,96,5,2008,231500
259,70,5,1956,8,0,882,0,1,0,2,4,0,1,308,0,45,12,2008,97000
260,120,6,1962,221,0,1382,1,1,0,3,6,1,2,884,0,0,5,2009,176000
261,69,8,2007,8,1482,1482,0,2,1,3,10,1,3,868,0,148,11,2007,276000
262,88,6,1995,163,0,1212,1,1,0,3,6,1,2,492,292,12,7,2006,151000
263,50,5,2001,19,0,926,1,1,0,3,6,0,2,484,0,0,4,2010,130000
264,30,5,2004,8,680,764,0,1,0,2,4,0,2,504,0,0,6,2008,73000
265,78,6,1981,313,606,1422,0,2,0,3,7,1,2,576,276,0,6,2008,175500
266,70,6,1997,164,88,802,1,2,1,3,8,1,2,413,95,75,6,2006,185000
267,60,5,1997,506,342,1052,0,2,1,4,8,1,1,240,262,24,7,2008,179500
268,71,5,1955,474,212,778,0,1,0,2,4,1,1,924,0,25,2,2008,120500
269,0,6,1976,166,392,1113,1,1,1,3,6,1,1,504,370,30,5,2007,148000
270,84,8,2006,8,1095,1095,0,2,1,3,8,1,3,1053,192,51,8,2006,266000
271,73,7,2005,593,96,1363,1,1,0,2,5,2,2,439,81,0,4,2008,241500
272,92,8,2007,143,628,1164,0,2,1,4,9,1,3,671,132,57,4,2010,290000
273,80,6,1988,279,0,1632,1,2,0,3,6,1,1,338,289,0,4,2009,139000
274,76,5,1982,169,270,816,0,1,0,2,5,0,1,264,168,0,6,2007,124500
275,55,7,2007,8,952,952,0,2,1,3,5,0,2,672,74,0,10,2009,205000
276,129,7,2003,8,1560,1560,0,2,0,3,7,0,2,573,100,150,4,2010,201000
277,140,4,1951,604,744,864,0,1,0,2,4,0,2,400,0,0,6,2010,141000
278,107,9,2007,8,2121,2121,0,2,1,3,8,1,3,732,124,98,5,2007,415298
279,83,7,1977,170,768,1156,0,2,1,4,8,1,2,505,288,117,3,2008,192000
280,82,7,1989,171,386,1175,0,2,1,3,7,1,2,575,0,84,1,2007,228500
281,60,6,2006,172,357,1262,0,2,0,2,5,0,2,572,0,120,5,2006,185000
282,34,7,2008,173,410,1314,1,2,0,2,6,1,2,626,172,62,4,2009,207500
283,74,8,2009,8,1468,1468,0,2,0,3,6,1,3,898,210,150,12,2009,244600
284,50,6,1992,174,1145,1575,1,2,0,2,5,0,2,529,0,0,7,2007,179200
285,35,7,2007,8,625,625,0,2,1,2,5,0,2,528,0,54,6,2007,164700
286,77,6,1981,102,312,1085,0,1,1,3,7,1,2,440,0,0,6,2006,159000
287,0,4,1971,175,244,858,0,1,0,3,5,0,0,0,0,0,6,2006,88000
288,0,5,1967,550,432,900,0,1,0,3,5,0,1,280,0,0,2,2010,122000
289,60,6,2003,8,698,698,0,1,0,3,7,0,1,384,0,0,7,2007,153575
290,120,8,2006,8,1079,1079,0,2,1,3,8,1,2,685,0,51,7,2006,233230
291,55,5,2000,177,570,936,1,2,0,6,9,0,0,0,0,184,3,2008,135900
292,60,5,2008,178,476,1148,0,1,1,3,8,1,1,281,0,0,1,2009,131000
293,0,7,1994,179,0,1468,1,2,1,3,9,1,2,539,0,250,3,2006,235000
294,80,6,1953,318,131,1644,1,1,0,3,7,2,2,418,110,0,10,2009,167000
295,37,6,1984,181,184,1003,1,1,0,3,6,0,2,588,120,0,3,2006,142500
296,75,5,1950,182,490,910,0,1,1,4,6,0,1,282,289,0,6,2007,152000
297,66,7,1998,199,326,975,0,2,1,3,7,1,2,576,0,10,6,2007,239000
298,90,6,1968,38,143,1041,0,1,2,3,7,1,2,539,224,0,6,2007,175000
299,80,6,2004,8,1092,1152,0,1,0,3,6,1,1,300,0,36,8,2009,158500
300,90,5,1953,183,324,1336,1,1,0,2,5,2,1,375,0,0,6,2006,157000
301,66,8,1999,184,747,1210,0,2,1,4,9,1,2,683,208,50,5,2007,267000
302,118,7,2002,8,1541,1541,0,2,0,3,6,1,3,843,468,81,1,2006,205000
303,70,5,1972,266,0,894,1,1,0,3,5,0,2,552,256,0,7,2006,149900
304,87,7,2002,8,1470,1675,0,3,0,3,10,1,3,870,302,0,5,2008,295000
305,80,8,2005,186,536,2000,1,2,0,3,8,0,3,888,168,0,7,2007,305900
306,116,7,1991,371,0,1122,1,2,1,4,8,1,3,746,127,44,6,2007,225000
307,0,6,1950,8,319,1035,0,1,0,3,6,0,0,0,0,144,3,2008,89500
308,0,4,1950,188,599,861,0,1,0,1,4,0,2,539,158,0,3,2009,82500
309,90,9,2004,602,622,1944,1,2,0,3,8,3,3,708,208,175,11,2006,360000
310,0,6,1994,190,179,697,0,2,1,3,6,1,2,420,190,63,5,2006,165600
311,50,6,2002,96,292,972,1,1,0,2,5,1,1,240,0,0,5,2009,132000
312,65,5,1950,92,286,793,1,1,0,3,5,1,2,410,0,0,5,2006,119900
313,150,7,1965,396,80,2036,2,2,0,3,8,2,2,513,0,0,6,2009,375000
314,60,7,1990,297,712,832,0,1,1,3,6,1,2,546,0,0,8,2006,178000
315,71,7,2005,585,291,716,1,2,1,3,6,1,2,432,100,51,7,2009,188500
316,94,7,1980,374,153,1153,1,2,1,4,10,1,2,484,288,195,8,2009,260000
317,75,8,2006,8,1088,1088,0,2,1,3,8,1,3,1025,208,46,12,2007,270000
318,90,7,1993,592,360,1372,1,2,1,4,9,1,3,656,340,60,4,2009,260000
319,0,7,1980,127,336,1472,1,2,0,3,6,2,2,588,233,48,6,2009,187500
320,111,9,2006,8,1249,1249,0,3,1,4,9,0,3,840,240,154,9,2006,342643
321,99,8,2004,195,166,1136,1,2,1,4,10,1,3,872,184,154,6,2007,354000
322,86,7,1987,435,0,1553,1,2,1,4,8,1,2,576,201,96,8,2007,301000
323,49,3,2005,426,906,1163,1,1,0,3,6,0,1,220,142,98,7,2006,126175
324,96,7,2007,8,710,1898,0,2,1,5,11,1,2,564,240,0,6,2010,242000
325,50,5,1950,345,604,803,0,1,0,2,5,0,2,360,0,0,12,2007,87000
326,32,8,1993,198,100,1719,2,1,1,1,6,2,2,473,122,30,5,2008,324000
327,80,6,1960,540,818,1383,0,1,1,3,7,0,1,292,0,45,4,2006,145250
328,0,6,1994,8,844,1445,0,2,0,5,10,0,2,441,0,60,7,2009,214500
329,60,5,1950,8,596,596,0,1,0,3,6,0,1,189,0,0,7,2009,78000
330,0,5,1964,199,1424,1728,0,2,0,6,10,0,1,352,155,0,11,2007,119000
331,70,5,1992,200,210,1056,1,1,0,3,6,0,1,308,0,0,8,2007,139000
332,85,8,2004,201,1603,1629,1,2,0,3,7,1,3,880,0,0,10,2009,284000
333,59,7,2004,202,638,1358,1,2,0,2,6,1,2,484,192,30,7,2008,207000
334,59,6,1998,615,115,943,1,2,1,3,7,2,2,472,100,38,7,2008,192000
335,0,5,1965,617,103,1619,2,2,0,3,7,2,2,529,670,0,8,2008,228950
336,86,9,2006,617,673,1922,1,2,0,3,8,1,3,676,178,51,7,2007,377426
337,70,7,2003,205,726,1536,1,2,0,3,7,0,2,532,192,74,12,2008,214000
338,91,7,1998,350,995,1621,1,2,0,3,8,0,2,440,108,45,5,2006,202500
339,66,6,1998,207,630,1215,0,1,0,3,6,0,1,297,0,0,6,2009,155000
340,85,8,2002,8,967,993,0,2,1,4,9,0,2,431,135,0,4,2010,202900
341,60,4,1950,8,721,841,0,1,0,2,4,0,1,294,250,0,9,2009,82000
342,0,3,1950,8,0,1040,0,2,0,2,6,0,2,400,0,0,5,2006,87500
343,63,9,2005,435,1656,1684,0,2,0,2,6,1,2,564,495,72,7,2008,266000
344,36,5,1976,208,175,536,0,1,1,3,4,0,1,336,182,0,4,2010,85000
345,65,6,1950,8,972,972,0,1,0,3,6,1,1,312,0,0,10,2006,140200
346,0,6,1998,209,460,958,0,1,0,2,5,0,1,301,0,0,4,2007,151500
347,0,6,1960,210,208,1478,1,2,0,3,6,2,2,498,0,40,12,2009,157500
348,36,7,2004,211,191,764,1,2,1,2,6,0,2,474,0,27,10,2008,154000
349,56,9,2006,544,438,1848,1,2,1,4,10,2,3,706,0,0,4,2006,437154
350,68,9,2007,8,1869,1869,0,2,0,2,6,1,2,617,210,54,12,2007,318061
351,0,7,1986,213,371,1453,1,1,1,2,6,1,2,445,0,80,12,2006,190000
352,60,5,1950,214,0,616,0,1,0,3,5,0,1,200,48,0,3,2008,95000
353,60,6,2003,8,624,720,0,1,0,2,5,0,2,484,106,0,5,2010,105900
354,60,6,2000,215,552,1192,0,1,0,2,6,2,1,240,0,0,6,2006,140000
355,105,6,1995,216,322,1200,1,2,0,3,6,0,2,521,0,26,8,2007,177500
356,0,6,1992,123,598,1167,1,2,0,3,6,0,2,400,120,26,7,2009,173000
357,44,5,1976,217,268,1142,1,1,1,3,6,1,2,528,536,90,8,2007,134000
358,92,5,1958,79,468,1352,0,1,0,3,6,0,1,288,168,0,7,2006,130000
359,78,8,1998,232,130,1086,1,2,1,3,7,1,2,592,208,75,6,2006,280000
360,0,6,1978,536,115,912,1,1,0,2,5,1,2,470,0,0,6,2007,156000
361,0,5,1982,521,484,988,1,1,0,3,8,0,1,240,0,0,7,2008,145000
362,64,7,2003,8,0,495,0,3,0,4,7,1,2,672,0,0,7,2009,198500
363,21,6,2007,221,321,483,0,1,1,2,5,0,1,264,250,0,5,2009,118000
364,0,6,1976,222,84,790,1,2,1,3,6,1,2,566,306,111,7,2006,190000
365,59,5,1997,31,216,672,0,1,0,3,6,0,1,468,0,128,7,2009,147000
366,0,6,1963,467,785,1394,1,1,1,3,6,2,2,514,0,76,7,2009,159000
367,101,6,1962,224,728,1431,0,1,0,3,6,1,1,296,64,110,12,2008,165000
368,78,5,1954,225,728,1268,0,1,0,2,7,1,1,244,0,98,3,2010,132000
369,0,5,2006,226,733,1287,1,1,0,3,7,1,2,576,364,17,3,2010,162000
370,0,6,2000,8,953,953,0,2,1,3,7,1,2,460,100,40,1,2006,172400
371,80,4,1959,8,0,1120,0,2,0,4,7,1,2,680,0,59,7,2008,134432
372,50,6,1984,227,0,752,1,1,0,2,4,0,1,264,353,0,2,2010,125000
373,79,5,1953,228,0,1319,1,1,0,3,5,0,1,270,66,0,11,2009,123000
374,65,7,2004,8,847,847,0,2,1,4,8,1,2,434,100,48,7,2007,219500
375,0,1,1950,229,333,904,1,0,1,1,4,0,0,0,0,0,3,2009,61000
376,57,5,1996,230,572,914,0,1,0,2,5,0,2,576,0,0,7,2006,148000
377,102,8,2005,8,1580,1580,0,3,0,4,8,1,2,610,159,214,12,2007,340000
378,88,9,2010,332,411,1856,1,1,1,1,8,1,3,834,113,0,6,2010,394432
379,60,6,2000,8,982,1007,0,2,1,3,7,1,2,463,100,63,6,2009,179000
380,50,5,1950,232,808,1026,0,2,0,3,6,1,1,308,0,0,5,2010,127000
381,60,7,2006,8,1293,1301,1,2,0,2,5,1,2,572,216,121,8,2006,187750
382,79,7,2006,8,939,939,0,2,1,3,8,0,2,639,144,53,4,2007,213500
383,60,6,1950,8,784,784,0,1,0,2,5,0,2,360,0,0,10,2009,76000
384,0,6,1992,233,595,1079,1,2,1,3,9,2,2,501,216,231,6,2007,240000
385,43,8,2005,55,1232,1269,0,2,0,2,6,1,2,430,146,20,4,2010,192000
386,58,5,1996,8,658,658,0,1,0,5,8,0,0,0,0,151,5,2006,81000
387,72,6,1976,234,410,1125,1,1,0,3,6,1,1,352,296,0,10,2009,125000
388,93,7,2000,8,1468,1479,0,2,0,3,6,0,2,577,120,25,7,2008,191000
389,96,10,2008,235,402,1742,1,2,1,3,9,1,3,846,196,134,8,2008,426000
390,50,5,1950,236,229,961,1,1,0,4,7,0,1,384,0,130,4,2008,119000
391,71,6,2002,237,114,804,1,2,1,3,7,1,2,560,125,192,6,2009,215000
392,0,5,1959,8,0,882,0,1,0,3,5,0,1,294,0,0,7,2007,106500
393,0,4,1950,238,522,788,0,1,0,2,4,2,0,0,0,0,4,2006,100000
394,60,5,1950,8,735,735,0,1,0,2,5,0,1,240,0,39,7,2007,109000
395,68,5,1956,43,405,1144,1,1,0,3,6,0,1,596,44,0,6,2010,129000
396,60,5,1972,384,117,894,0,1,0,2,6,0,2,600,215,0,9,2009,123000
397,69,5,1962,225,324,876,0,2,0,4,8,1,1,264,0,168,7,2007,169500
398,60,5,1950,8,961,1077,0,1,0,2,6,0,1,338,0,0,11,2007,67000
399,65,7,2007,515,280,1112,1,2,0,2,7,0,2,438,0,168,10,2009,241000
400,38,8,1996,241,474,1288,1,1,1,1,4,2,2,500,120,30,12,2008,245500
401,65,7,2005,55,1286,1310,0,2,0,3,6,1,2,400,0,0,7,2006,164990
402,60,5,1997,8,672,672,0,1,0,2,4,0,1,240,168,0,8,2008,108000
403,93,8,1998,8,1141,1165,0,2,1,4,10,1,2,420,144,123,7,2006,258000
404,0,6,1996,8,806,806,0,2,1,3,7,1,2,373,0,40,5,2007,168000
405,0,4,1993,242,165,1620,1,2,0,3,8,1,2,490,120,78,6,2009,150000
406,51,6,1950,8,1064,1166,0,1,0,3,6,0,1,240,0,0,3,2008,115000
407,63,6,1976,8,840,840,0,2,0,4,8,0,1,308,0,0,3,2008,177000
408,109,7,2006,8,1063,1071,0,2,1,3,9,1,3,947,192,62,8,2007,280000
409,85,8,2008,243,245,1050,1,2,1,3,8,1,3,836,0,102,4,2008,339750
410,68,5,1958,8,1276,1276,0,1,0,3,5,0,1,350,0,0,6,2009,60000
411,100,5,1955,244,0,1056,1,1,0,3,5,0,2,572,264,0,1,2006,145000
412,0,7,2009,14,892,1478,1,2,1,2,7,1,2,484,0,144,6,2010,222000
413,56,5,1950,8,1008,1028,0,1,0,2,5,1,2,360,0,0,3,2010,115000
414,59,7,1993,245,499,1080,0,2,1,3,9,1,3,678,196,187,12,2008,228000
415,73,7,2007,55,1316,1340,0,2,0,3,6,0,2,396,100,30,8,2007,181134
416,74,6,1978,95,463,672,0,1,1,3,6,1,2,440,0,0,3,2006,149500
417,86,6,1950,246,242,1370,1,2,1,4,10,1,3,864,0,0,11,2007,239000
418,60,5,1950,132,444,756,1,1,1,3,7,0,1,240,0,0,4,2007,126000
419,65,5,1968,261,281,1056,1,1,0,3,6,1,1,304,0,85,7,2010,142000
420,78,7,1998,589,35,1344,2,2,0,2,8,0,4,784,0,0,11,2008,206300
421,0,6,2000,432,356,1602,0,2,0,3,8,1,2,529,240,0,6,2009,215000
422,100,5,1954,8,988,988,0,1,0,2,4,0,2,520,0,0,2,2008,113000
423,80,8,1998,250,484,1470,1,2,1,4,8,1,3,696,0,66,6,2008,315000
424,72,6,1956,420,580,1196,1,1,0,2,6,1,1,297,0,44,5,2008,139000
425,60,7,1992,8,651,707,0,1,1,3,6,2,1,240,0,0,9,2009,135000
426,0,7,1989,403,0,1644,1,2,0,2,5,1,2,569,80,0,8,2009,275000
427,77,4,1957,112,619,907,0,1,0,3,5,0,1,352,0,0,7,2008,109008
428,64,7,2007,253,544,1208,1,2,0,2,6,0,2,628,105,54,9,2007,195400
429,130,6,1988,87,387,1412,1,2,0,3,6,1,2,576,0,0,3,2009,175000
430,21,6,1971,254,96,483,0,1,1,2,4,0,1,264,0,0,7,2008,85400
431,60,6,1998,8,901,1088,0,1,0,4,7,0,0,0,0,98,9,2008,79900
432,24,5,1971,255,294,765,1,1,1,2,6,0,2,440,240,36,8,2007,122500
433,100,6,1998,8,926,926,0,2,1,3,7,1,2,470,0,36,7,2008,181000
434,21,4,1972,289,135,630,1,1,0,1,3,0,0,0,88,0,6,2008,81000
435,43,7,1996,256,70,827,1,2,1,3,6,1,2,550,158,61,4,2009,212000
436,40,6,1950,8,648,734,0,1,0,2,6,0,2,440,0,0,10,2006,116000
437,50,6,2004,8,884,904,0,1,0,2,4,0,1,180,0,0,1,2009,119000
438,40,5,2002,472,75,694,0,1,0,2,4,1,1,352,0,0,3,2007,90350
439,67,6,2000,8,684,684,0,1,0,3,7,0,2,528,0,46,8,2009,110000
440,105,10,2008,258,788,2402,1,2,0,2,10,2,3,672,0,72,4,2009,555000
441,92,4,1955,606,1307,1440,0,2,0,4,8,0,0,0,0,0,9,2008,118000
442,52,5,1992,8,1078,1128,0,2,0,3,8,1,2,360,0,0,6,2008,162900
443,53,7,2007,8,1258,1258,0,2,0,2,6,1,3,648,144,16,6,2007,172500
444,70,7,1995,260,273,933,1,2,1,4,8,1,2,493,144,133,7,2008,210000
445,73,6,1956,8,1436,1689,0,1,0,3,7,1,2,480,0,0,11,2009,127500
446,137,6,2002,261,557,1888,0,2,1,2,6,1,2,578,0,0,6,2010,190000
447,0,7,1999,8,930,956,0,2,1,4,10,1,2,431,89,0,7,2006,199900
448,50,6,1950,8,780,780,0,2,0,3,7,1,1,198,0,0,6,2006,119500
449,50,3,2002,262,318,679,0,1,1,2,6,0,1,308,0,176,6,2007,120000
450,70,6,2005,8,813,813,0,1,0,2,5,0,1,270,0,113,6,2006,110000
451,62,7,1975,4,878,1533,1,2,0,2,5,2,2,576,200,54,12,2006,280000
452,0,6,1997,263,130,888,1,2,1,3,7,0,2,422,144,122,7,2007,204000
453,75,8,2008,8,768,786,0,2,1,3,6,0,2,676,0,30,6,2009,210000
454,63,5,1976,622,122,1728,2,2,0,4,8,0,2,560,0,0,7,2006,188000
455,80,7,1973,265,326,1242,0,1,1,3,6,1,2,528,0,0,9,2007,175500
456,34,5,1950,8,624,624,0,1,0,4,7,0,3,513,0,0,5,2008,98000
457,0,4,1994,242,248,1663,1,1,0,2,6,2,2,529,224,137,3,2008,256000
458,0,8,1996,8,588,833,0,1,0,3,7,1,1,228,192,63,6,2008,161000
459,0,5,1950,266,524,979,1,1,0,3,5,1,1,352,0,0,7,2009,110000
460,75,8,2009,267,288,832,1,2,1,3,8,0,2,552,0,150,12,2009,263435
461,60,7,2007,229,0,575,1,1,0,3,6,0,2,576,256,0,4,2009,155000
462,60,5,1965,268,0,864,0,1,0,3,5,1,1,360,0,0,12,2009,62383
463,74,6,1995,269,389,849,0,1,1,3,6,1,1,240,0,0,8,2008,188700
464,60,5,1978,420,424,1040,0,2,0,3,5,0,0,0,0,0,8,2009,124000
465,0,7,2004,8,1375,1414,0,2,0,2,6,1,2,398,144,20,5,2006,178740
466,85,7,1970,270,499,1277,1,1,0,2,5,1,2,526,0,0,4,2007,167000
467,79,5,1995,271,342,888,0,1,1,3,7,2,1,312,168,0,6,2007,146500
468,98,8,2006,8,1626,1634,0,2,0,3,7,1,3,866,0,44,5,2007,250000
469,76,6,1993,272,406,832,0,2,1,3,7,0,2,506,144,70,6,2008,187000
470,0,8,1985,502,0,1502,1,1,1,1,4,0,2,528,0,54,6,2010,212000
471,92,7,1977,8,808,1161,0,2,1,3,8,1,2,534,0,0,11,2007,190000
472,35,6,2005,274,88,1072,1,1,0,2,5,0,2,525,0,28,6,2008,148000
473,110,8,2007,549,626,1976,1,2,0,2,7,1,3,908,250,63,7,2007,440000
474,41,8,2000,276,298,1652,1,2,0,2,6,0,2,499,96,48,8,2007,251000
475,80,5,1963,277,340,970,1,1,0,2,5,0,2,624,0,24,7,2007,132500
476,75,6,1998,278,484,1493,1,2,0,3,7,1,2,508,140,39,4,2008,208900
477,105,9,2006,8,2153,2069,0,2,1,3,9,1,3,694,414,84,3,2007,380000
478,79,8,2008,108,417,1718,1,2,0,3,7,1,3,826,208,44,9,2009,297000
479,50,4,2000,279,739,1131,0,1,0,2,7,0,2,672,0,72,3,2007,89471
480,98,9,2005,280,572,1850,1,2,0,3,8,1,3,772,519,112,3,2006,326000
481,72,9,2004,281,225,1792,1,2,0,2,6,1,3,874,206,49,8,2006,374000
482,50,7,2005,363,611,916,1,1,1,4,7,1,1,164,0,0,6,2009,155000
483,32,6,1998,283,319,1216,1,2,0,2,5,0,2,402,0,125,5,2006,164000
484,0,5,2001,313,411,999,1,1,0,3,6,0,1,264,0,132,3,2007,132500
485,80,5,2007,471,506,1113,0,1,0,3,5,1,1,264,0,80,7,2009,147000
486,79,5,1965,459,237,1073,1,1,1,3,6,0,2,515,0,0,6,2007,156000
487,70,5,1971,11,486,1484,0,2,0,3,7,1,2,487,224,0,2,2007,175000
488,60,5,1970,253,290,1766,0,2,0,3,10,1,2,520,142,0,5,2006,160000
489,21,4,2002,286,115,630,1,1,0,1,3,0,1,286,0,0,5,2009,86000
490,0,5,1976,8,264,616,0,1,1,3,4,1,1,336,141,24,6,2008,115000
491,79,6,1950,474,238,958,1,1,0,3,5,2,1,240,0,0,8,2006,133000
492,105,6,2006,8,728,728,0,2,1,3,8,0,2,429,0,0,5,2006,172785
493,70,5,1960,287,363,1269,0,1,1,3,6,1,1,308,0,0,6,2008,155000
494,50,5,1996,8,190,886,0,1,0,2,4,0,1,273,144,20,12,2009,91300
495,60,4,1950,289,225,720,0,1,0,2,4,0,0,0,0,523,11,2009,34900
496,0,8,1993,288,1969,3228,1,3,0,4,10,1,2,546,264,75,5,2007,430000
497,60,7,1950,153,697,1133,1,2,0,4,8,0,1,240,0,100,6,2008,184000
498,65,5,2004,550,414,899,0,1,0,3,5,0,1,288,64,0,6,2009,130000
499,70,5,1985,289,522,912,0,1,0,2,5,0,1,297,12,285,6,2007,120000
500,21,6,1973,327,316,672,0,1,1,3,7,0,1,264,144,28,5,2007,113000
501,75,7,2005,291,466,866,0,2,1,3,7,0,2,603,0,108,2,2008,226700
502,70,5,1965,292,420,1214,1,1,0,2,6,0,2,461,0,0,4,2007,140000
503,100,7,1997,293,254,1801,1,2,0,1,6,2,2,484,0,54,3,2010,289000
504,24,6,1974,472,103,855,0,2,1,3,6,1,2,440,260,0,6,2009,147000
505,60,5,1952,8,960,960,0,2,0,4,10,0,2,400,0,0,7,2009,124500
506,80,8,1994,295,397,1065,0,2,1,3,8,1,2,471,182,81,9,2006,215000
507,75,6,2009,551,1191,1218,0,2,0,2,4,0,2,676,0,102,9,2009,208300
508,60,7,2005,297,548,689,0,2,0,3,7,1,2,360,0,0,10,2008,161000
509,80,5,1959,298,50,1041,1,1,0,3,6,0,1,270,224,88,7,2009,124500
510,75,5,2000,299,178,1363,1,1,0,2,6,2,1,288,324,42,6,2009,164900
511,40,7,2006,8,1368,1368,0,2,0,2,6,1,2,474,132,35,3,2006,202665
512,70,5,1958,300,169,864,1,1,0,3,5,0,2,624,0,0,7,2006,129900
513,71,6,1983,52,748,1080,0,1,1,3,5,0,2,484,120,0,6,2007,134000
514,55,5,1950,8,768,789,0,1,0,2,5,0,1,200,0,0,6,2007,96500
515,94,10,2009,468,570,2020,1,2,1,3,9,1,3,900,156,54,9,2009,402861
516,0,6,1972,8,689,1378,0,2,1,3,7,1,2,583,0,104,8,2009,158000
517,79,7,1997,8,1264,1277,0,2,1,3,7,1,3,889,220,0,7,2009,265000
518,0,6,1998,8,88,882,1,2,1,3,7,0,2,546,0,36,5,2007,211000
519,53,7,2004,8,1276,1276,0,1,1,3,9,2,1,282,0,0,6,2009,234000
520,60,4,2000,8,0,694,0,2,0,3,7,0,0,0,220,114,8,2008,106250
521,90,6,1957,384,467,1244,0,1,1,3,6,2,1,336,0,40,5,2007,150000
522,50,6,1950,521,605,1004,0,2,0,3,7,2,2,420,0,24,10,2006,159000
523,130,10,2008,302,878,3138,1,3,1,3,11,1,3,884,208,406,10,2007,184750
524,95,7,1997,303,660,1383,1,2,1,3,8,1,3,834,239,60,8,2007,315750
525,62,7,2005,8,1257,1266,0,2,0,3,6,1,2,453,38,144,4,2006,176000
526,70,5,2000,304,551,928,0,1,0,2,4,0,1,252,261,0,6,2007,132000
527,67,9,2008,305,122,1476,1,2,1,3,11,1,3,858,126,66,11,2008,446261
528,58,4,2002,446,180,605,1,1,0,2,5,0,0,0,0,0,7,2007,86000
529,0,6,1975,307,816,2515,1,3,0,4,9,2,2,484,0,0,3,2007,200624
530,85,6,1989,320,678,1509,1,2,0,3,5,1,2,600,224,0,8,2008,175000
531,60,6,1999,8,611,751,0,2,0,3,6,0,2,502,0,0,6,2008,128000
532,60,5,2007,8,0,827,0,1,0,2,5,1,1,392,0,0,4,2010,107500
533,50,1,1950,8,0,334,0,1,0,1,2,0,0,0,0,0,1,2007,39300
534,74,8,2004,8,707,707,0,2,1,3,6,1,2,403,100,35,10,2006,178000
535,70,5,1991,614,148,820,1,1,0,3,5,0,0,0,85,0,1,2008,107500
536,57,7,1999,8,880,880,0,2,1,3,8,0,2,527,120,155,7,2008,188000
537,0,4,1972,102,264,864,0,1,0,3,5,0,2,576,216,0,4,2008,111250
538,0,5,1968,310,378,1159,0,1,1,3,7,1,1,336,466,0,7,2006,158000
539,0,8,2002,379,223,1601,1,2,0,3,6,1,2,670,180,0,5,2010,272000
540,85,9,2006,312,578,1838,1,2,0,2,8,1,3,765,270,68,3,2009,315000
541,0,8,2000,8,969,997,0,2,1,4,8,1,3,648,0,56,6,2007,248000
542,78,7,1999,313,379,1680,1,2,0,3,7,1,2,583,78,73,6,2009,213250
543,34,7,1998,314,0,767,1,1,0,1,4,0,1,367,120,40,6,2007,133000
544,58,7,2006,611,100,664,1,2,1,3,7,1,2,426,100,24,9,2006,179665
545,0,7,1988,316,0,1377,0,2,1,4,9,0,3,786,0,0,2,2006,229000
546,70,6,1950,79,765,915,0,1,1,3,6,1,2,440,0,38,5,2007,210000
547,54,5,1970,508,149,768,1,1,0,2,5,0,2,624,104,0,4,2007,129500
548,49,5,1995,318,0,825,1,1,0,2,4,0,2,720,140,50,6,2008,125000
549,75,7,2004,8,912,912,0,2,1,4,8,1,2,615,182,182,11,2009,263000
550,53,6,1977,630,510,1069,0,2,0,2,4,0,2,440,0,55,10,2008,140000
551,50,5,1957,320,620,928,0,1,0,3,5,0,1,288,0,0,6,2008,112500
552,87,8,2006,8,1709,1717,0,2,0,3,7,1,3,908,169,39,7,2009,255500
553,67,4,2003,8,0,1126,0,2,0,2,5,0,2,520,0,96,5,2009,108000
554,85,7,2004,321,132,1006,1,2,1,3,8,1,3,871,320,62,8,2008,284000
555,58,5,1950,8,993,1048,0,1,0,2,5,1,1,280,0,0,8,2006,113000
556,69,5,1957,462,197,1092,1,1,0,2,6,1,1,299,268,0,5,2006,141000
557,60,4,1950,323,0,897,0,1,1,3,7,0,1,570,0,47,9,2006,108000
558,57,7,1997,504,125,729,0,2,1,3,6,1,2,406,264,22,8,2008,175000
559,0,7,2004,8,1374,1557,0,2,0,2,7,1,2,420,143,20,10,2006,234000
560,0,5,1996,325,90,1392,1,1,1,3,5,1,2,528,0,0,5,2010,121500
561,77,5,1975,326,195,1389,1,1,0,2,6,1,2,418,240,38,4,2006,170000
562,63,5,1969,327,706,996,1,1,0,3,6,1,0,0,144,0,7,2008,108000
563,66,6,1950,8,1163,1163,0,2,0,4,8,1,2,396,72,36,7,2008,185000
564,0,7,2000,336,367,1166,1,2,1,4,9,1,2,590,0,40,7,2006,268000
565,66,6,1950,8,806,841,1,1,1,4,6,0,1,216,0,66,5,2010,128000
566,77,9,2007,8,1122,1134,0,2,1,4,11,1,3,656,144,39,6,2008,325000
567,70,7,2004,329,1515,1535,0,2,0,3,7,0,2,532,0,0,3,2010,214000
568,79,8,2009,438,55,1496,1,1,1,1,5,1,2,612,349,40,9,2009,316600
569,0,5,1979,331,0,943,1,1,0,2,4,2,2,600,42,0,12,2006,135960
570,74,5,1965,332,1497,1728,0,2,0,6,10,0,2,576,0,0,11,2008,142600
571,60,6,1959,333,450,864,1,1,0,2,4,0,1,288,168,0,10,2006,120000
572,83,7,2009,8,846,846,0,2,1,3,6,0,2,650,208,114,7,2009,224500
573,76,7,2000,8,384,774,0,2,1,3,8,1,2,400,100,0,12,2007,170000
574,70,5,2005,334,23,576,0,1,0,3,5,0,1,288,35,0,12,2007,139000
575,80,5,1950,335,390,832,0,1,0,2,6,0,1,336,158,0,10,2008,118500
576,52,7,1950,8,861,877,0,2,0,3,6,1,1,216,0,50,8,2009,145000
577,96,5,1966,336,285,1320,1,1,0,3,6,2,2,564,160,68,5,2006,164500
578,34,7,2007,8,689,703,0,2,0,2,5,0,2,540,0,102,2,2008,146000
579,81,5,1954,8,1050,1050,0,2,0,4,7,0,1,352,0,0,11,2008,131500
580,0,6,1987,337,331,1429,0,1,0,3,7,2,2,572,216,110,6,2007,181900
581,98,8,2009,8,2042,2042,0,2,1,3,8,1,3,1390,0,90,8,2009,253293
582,81,6,1990,437,0,816,1,1,0,3,5,0,0,0,0,32,5,2007,118500
583,75,10,2000,8,1237,1521,0,3,1,3,9,1,2,880,105,502,7,2008,325000
584,51,4,1995,8,884,989,0,1,0,3,6,0,1,240,0,0,7,2009,133000
585,88,8,2006,339,408,2028,1,2,0,2,7,2,3,880,326,66,3,2006,369900
586,55,6,2000,177,0,838,1,1,0,2,5,0,1,275,0,0,5,2008,130000
587,74,5,1982,221,168,860,1,1,0,2,4,0,2,528,0,0,7,2009,137000
588,65,5,2003,569,113,1473,2,1,0,1,5,2,1,452,0,48,6,2009,143000
589,50,5,1960,8,742,779,0,1,0,2,4,0,1,308,0,0,8,2008,79500
590,64,7,2004,39,280,770,0,2,1,3,6,0,2,520,0,45,9,2008,185900
591,97,10,2008,341,384,1728,1,2,1,3,10,1,3,842,382,274,6,2009,451950
592,60,5,2003,437,0,816,1,1,0,2,4,0,2,816,0,0,6,2008,138000
593,0,6,2003,342,163,848,1,1,0,1,4,0,2,420,140,0,5,2009,140000
594,88,5,1975,8,924,924,0,1,0,3,5,0,1,280,0,0,4,2008,110000
595,69,8,2006,343,392,1826,1,2,0,3,7,1,3,758,180,75,8,2006,319000
596,60,6,1993,8,684,684,0,1,0,3,7,0,1,216,0,158,10,2006,114504
597,53,7,2007,8,1258,1402,0,0,2,2,7,1,3,648,120,16,2,2007,194201
598,80,5,1977,572,0,1647,1,2,0,3,7,1,2,621,0,0,3,2006,217500
599,24,6,1980,345,23,716,1,2,1,3,6,1,2,452,161,0,7,2008,151000
600,74,8,2005,169,512,1058,1,2,1,3,8,1,2,736,179,60,6,2006,275000
601,50,6,1950,8,780,780,0,1,1,3,6,1,1,544,0,162,12,2007,141000
602,80,8,1992,243,119,927,1,2,1,3,8,1,2,506,120,150,2,2006,220000
603,30,7,2005,8,600,600,0,2,1,2,4,0,2,480,0,172,6,2010,151000
604,88,7,2002,158,572,1494,1,2,0,3,6,1,2,530,192,36,9,2008,221000
605,85,7,1990,346,314,1186,0,2,1,3,7,3,2,486,0,42,10,2009,205000
606,82,5,1996,5,308,1040,1,1,0,3,6,0,2,576,168,0,11,2009,152000
607,78,5,2002,46,293,1112,1,3,0,3,8,0,1,230,103,0,8,2006,225000
608,78,8,1998,228,537,1940,0,2,1,4,10,2,2,380,0,0,9,2007,359100
609,61,4,1961,347,126,1029,1,1,0,3,5,0,1,261,64,0,4,2007,118500
610,0,9,2000,173,536,1476,1,2,1,3,8,2,3,736,253,142,5,2009,313000
611,0,6,1978,348,427,1032,0,2,0,3,6,1,2,564,0,0,7,2007,148000
612,0,8,2001,349,309,1299,1,2,1,3,7,1,2,531,160,122,11,2009,261500
613,70,5,2007,350,914,1120,0,1,0,3,6,0,0,0,0,30,12,2007,147000
614,21,4,1972,351,0,630,1,1,0,1,3,0,0,0,96,24,5,2010,75500
615,80,6,1963,34,173,1054,1,1,0,3,6,0,2,480,120,0,5,2010,137500
616,0,6,2003,352,326,807,1,2,1,3,7,1,2,393,100,75,6,2006,183200
617,59,6,1954,8,832,832,0,1,0,2,4,0,2,528,0,0,6,2008,105500
618,90,9,2007,540,1774,1828,0,2,0,3,9,1,3,774,0,108,7,2007,314813
619,85,8,2003,465,611,1482,1,2,1,4,10,2,3,749,168,0,8,2008,305000
620,45,3,1950,355,823,864,1,1,0,2,5,0,0,0,0,0,9,2008,67000
621,90,6,1997,232,384,1548,0,2,1,4,9,1,2,624,38,243,6,2008,240000
622,71,5,1977,123,420,980,0,1,0,3,6,0,2,484,192,0,7,2009,135000
623,0,6,2000,182,336,756,0,2,1,2,4,1,2,440,0,32,6,2007,168500
624,80,6,1972,261,485,1012,1,1,2,4,8,1,2,484,148,0,11,2006,165150
625,87,6,1962,8,1116,1116,0,1,1,3,5,0,2,440,0,0,2,2010,160000
626,0,5,1978,8,978,1422,0,1,0,3,6,1,1,286,0,0,8,2007,139900
627,80,6,1972,356,350,1520,1,1,0,3,7,2,1,364,0,0,3,2010,153000
628,70,5,1969,299,390,1040,0,1,2,5,9,2,2,504,335,0,9,2007,135000
629,82,6,1964,357,288,1350,1,1,1,3,6,0,2,520,176,0,6,2008,168500
630,50,5,1991,8,636,1089,0,1,0,3,8,0,1,240,0,0,6,2006,124000
631,34,8,2006,55,1530,1554,0,2,0,2,6,1,2,627,156,73,8,2007,209500
632,85,7,1977,137,564,1411,0,2,0,3,6,1,2,544,192,0,4,2009,82500
633,80,5,2005,358,108,1056,0,1,0,3,6,0,1,260,390,0,7,2007,139400
634,64,6,1980,244,0,1056,2,0,0,0,4,0,2,576,264,56,6,2010,144000
635,60,6,1995,426,1184,1440,0,2,0,8,14,0,0,0,0,110,3,2007,200000
636,51,2,1950,8,264,800,0,1,0,1,4,1,0,0,0,0,1,2009,60000
637,50,5,1954,8,811,811,0,2,0,3,7,0,1,256,0,0,11,2009,93000
638,67,5,1950,8,796,796,0,1,0,2,4,0,0,0,328,0,5,2008,85000
639,53,8,2006,359,366,1567,1,2,0,1,7,1,3,648,312,0,10,2006,264561
640,62,8,2004,386,300,1518,0,1,1,1,6,1,2,588,185,140,4,2008,274000
641,0,7,2001,360,319,1057,1,2,1,3,7,1,2,650,0,235,5,2007,226000
642,75,8,1995,544,542,2000,1,2,1,4,9,3,2,538,269,111,7,2009,345000
643,80,5,1969,361,0,780,0,2,1,4,7,0,2,462,208,0,4,2007,152000
644,85,9,2009,362,645,1766,1,2,1,2,7,1,3,478,195,130,10,2009,370878
645,0,6,1971,363,664,981,1,1,1,3,5,0,2,576,0,312,3,2007,143250
646,60,5,1950,8,0,1048,0,1,0,3,7,0,2,420,0,27,7,2008,98300
647,85,6,1953,444,594,1094,0,1,0,3,5,2,2,495,0,0,6,2008,155000
648,70,6,1966,8,756,1051,0,1,1,4,7,1,2,442,0,124,6,2010,155000
649,21,4,1970,365,0,630,1,1,0,1,3,0,0,0,0,0,12,2007,84500
650,65,7,2007,8,813,822,0,2,1,3,7,0,2,562,0,0,5,2008,205950
651,60,4,1950,8,755,755,1,1,0,4,7,1,1,296,120,0,10,2009,108000
652,70,7,1996,8,880,909,0,2,1,2,7,1,2,512,0,120,7,2009,191000
653,60,6,1995,8,756,756,0,1,0,3,7,0,1,216,57,0,6,2008,135000
654,91,8,1995,366,413,2113,1,2,1,2,7,1,3,839,236,46,8,2008,350000
655,21,6,1971,8,525,525,0,1,1,3,6,0,1,264,0,0,3,2010,88000
656,72,5,2006,367,247,1053,1,1,1,3,5,0,1,312,0,0,8,2008,145500
657,60,7,2000,8,776,851,0,1,1,3,6,1,1,270,0,0,2,2008,149000
658,78,6,1950,8,912,912,0,1,0,3,6,1,1,330,192,0,1,2010,97500
659,75,5,1999,323,849,1486,1,1,0,3,7,0,2,480,0,0,3,2009,167000
660,0,7,1976,8,793,1142,0,2,1,3,7,1,2,550,0,113,11,2007,197900
661,52,8,2005,368,88,1686,1,2,1,4,8,1,3,711,517,76,7,2009,402000
662,120,6,1968,8,1392,1392,1,1,0,2,5,2,2,576,0,0,7,2009,110000
663,90,4,1972,542,38,1181,1,2,0,3,6,0,2,588,0,0,4,2008,137500
664,49,8,2006,370,356,2097,1,1,1,1,8,1,3,1134,192,267,1,2006,423000
665,106,8,2000,8,1406,1454,0,2,1,3,7,1,2,504,188,124,11,2006,230500
666,0,6,1979,371,111,1465,0,2,1,3,7,1,2,596,0,265,8,2007,129000
667,65,6,1998,372,270,1679,1,2,0,3,7,1,2,575,224,42,10,2008,193500
668,0,5,1987,373,200,1437,1,1,1,3,6,1,2,576,304,0,11,2006,168000
669,80,4,1950,8,700,1180,0,1,0,2,5,1,1,252,0,0,7,2006,137500
670,64,6,2005,374,545,738,1,2,1,3,7,0,2,540,100,35,2,2009,173500
671,54,6,1950,483,121,697,1,2,0,3,6,0,1,300,147,0,7,2009,103600
672,0,6,1977,376,441,1208,1,1,1,3,6,1,2,546,198,42,6,2006,165000
673,110,6,2004,377,291,1839,1,2,0,3,7,2,2,416,0,87,6,2007,257500
674,80,6,1965,378,244,1136,1,1,0,3,5,1,1,384,426,0,7,2008,140000
675,24,6,1978,379,544,855,0,2,1,3,7,1,2,440,28,0,4,2009,148500
676,60,4,1950,8,1095,1095,1,2,0,4,8,0,3,779,0,0,5,2006,87000
677,52,5,2006,8,768,792,0,1,0,2,5,0,1,240,316,0,5,2009,109500
678,80,8,2008,8,2046,2046,0,2,1,3,7,1,3,834,322,82,7,2009,372500
679,0,5,1961,380,161,988,1,1,0,3,5,0,2,572,0,0,10,2007,128500
680,50,6,1980,613,261,923,0,2,0,2,5,1,1,264,80,0,5,2010,143000
681,55,5,2000,226,611,848,0,1,0,3,6,0,1,281,0,0,7,2009,159434
682,0,6,1997,382,288,1291,1,1,0,2,6,1,2,431,307,0,11,2008,173000
683,90,9,2002,516,567,1668,1,2,0,3,7,1,3,702,257,45,7,2007,285000
684,58,7,1998,8,1195,1195,0,2,1,4,7,0,2,486,0,81,6,2010,221000
685,0,7,1984,615,180,1190,1,2,0,3,6,1,2,577,219,0,9,2007,207500
686,84,7,2007,8,874,874,0,3,0,3,7,0,2,578,144,105,8,2007,227875
687,0,7,2004,384,312,551,0,2,1,2,4,0,2,480,0,60,3,2007,148800
688,60,8,2007,385,474,1419,1,2,0,2,7,1,2,567,140,0,10,2007,392000
689,61,6,2006,386,1342,1362,0,2,0,2,6,1,2,460,192,28,6,2007,194700
690,0,6,2004,155,151,848,1,1,0,1,3,1,2,420,149,0,5,2008,141000
691,104,10,1995,387,989,2444,0,3,1,4,10,2,3,832,382,50,1,2007,755000
692,42,7,1990,388,245,1238,1,2,1,4,9,2,2,628,320,27,4,2006,335000
693,60,5,1968,8,1073,1073,0,1,0,2,4,0,1,326,0,0,12,2006,108480
694,51,5,1950,8,927,1067,0,1,1,3,5,0,2,576,112,0,4,2009,141500
695,54,6,1987,389,92,1137,1,2,0,2,5,1,2,551,125,0,7,2006,176000
696,50,5,1950,420,0,616,0,1,0,2,4,0,1,205,0,0,6,2006,89000
697,57,5,1952,177,219,1148,0,1,0,2,6,0,1,308,0,0,9,2006,123500
698,65,5,2009,268,224,894,1,1,0,3,5,1,1,336,416,144,4,2010,138500
699,59,7,2004,297,1375,1391,0,2,0,2,5,0,2,530,156,158,7,2008,196000
700,85,8,2002,602,526,1800,1,2,0,3,7,1,3,765,270,78,5,2006,312500
701,80,7,1969,8,1164,1164,0,1,1,3,6,0,2,528,0,0,7,2006,140000
702,82,8,2006,8,1234,1264,0,2,1,4,10,1,3,666,324,100,7,2006,361919
703,76,5,1996,8,360,1032,0,2,0,4,8,1,2,672,344,0,5,2010,140000
704,70,7,2005,222,761,1484,1,2,0,3,7,0,2,606,0,35,5,2010,213000
705,70,4,1950,8,0,372,0,2,0,3,7,0,0,0,0,0,7,2010,55000
706,0,7,2002,307,424,1824,1,2,0,2,5,2,2,739,380,48,6,2007,302000
707,48,8,2006,390,461,1324,1,2,0,2,6,1,2,550,192,38,12,2009,254000
708,65,7,2007,8,728,728,0,2,1,3,8,1,2,400,100,24,7,2007,179540
709,0,5,1966,8,876,904,0,1,0,3,6,0,1,408,0,0,12,2008,109900
710,56,3,2003,8,270,729,0,1,0,2,5,0,0,0,0,0,7,2008,52000
711,66,4,1950,8,859,859,0,1,0,2,7,0,1,384,68,0,1,2010,102776
712,40,8,1989,376,461,1228,1,2,0,2,5,1,2,472,168,120,10,2008,189000
713,60,4,1970,243,171,960,1,1,0,3,6,0,2,576,0,288,5,2006,129000
714,0,6,2005,391,192,725,0,2,1,3,6,0,2,475,0,44,3,2010,130500
715,78,6,1974,8,1064,1350,0,2,0,3,7,1,2,478,0,0,8,2009,165000
716,60,7,1998,8,718,1576,0,1,1,3,8,0,2,704,0,48,7,2007,159500
717,80,5,2000,392,92,1178,0,1,1,3,5,1,2,439,224,0,11,2008,157000
718,96,7,1994,393,138,1325,1,2,1,3,9,1,3,983,250,154,8,2008,341000
719,69,5,1969,414,448,971,0,1,1,3,5,1,1,300,0,0,5,2006,128500
720,0,8,1985,395,594,1742,1,2,0,2,5,1,2,564,114,28,12,2006,275000
721,0,6,2004,365,186,848,1,1,0,1,3,0,2,420,160,0,5,2010,143000
722,70,4,1970,396,673,864,0,1,0,3,5,0,2,463,0,0,7,2009,124500
723,60,4,1972,8,941,997,0,2,0,4,7,0,1,548,0,0,5,2008,135000
724,86,9,2008,518,464,1698,1,2,0,3,8,1,3,768,327,64,2,2009,320000
725,60,4,1970,483,250,864,0,1,0,3,5,0,2,660,96,0,11,2009,120500
726,0,6,2007,399,72,1680,1,2,0,3,5,1,2,540,292,44,12,2009,222000
727,64,7,2007,400,508,1232,1,2,0,2,6,0,2,632,132,0,2,2009,194500
728,85,5,1958,8,1584,1776,1,2,0,4,9,0,3,888,0,25,7,2009,110000
729,52,4,1950,401,628,848,0,1,0,2,5,0,2,539,0,23,1,2009,103000
730,39,8,1996,402,415,1616,1,2,0,2,5,1,2,608,237,152,3,2010,236500
731,73,7,2003,241,82,1146,1,2,0,3,6,1,2,438,160,22,5,2007,187500
732,75,7,1999,403,901,1153,0,2,1,3,8,1,2,541,192,84,7,2008,222500
733,80,5,1983,337,270,1144,1,1,0,3,6,1,1,264,165,0,3,2009,131400
734,0,5,1968,8,948,948,0,1,0,3,6,0,1,300,147,0,5,2007,108000
735,60,7,1970,124,490,880,0,1,1,2,6,2,2,320,0,341,10,2006,163000
736,60,3,1950,8,0,1040,0,2,0,2,6,0,2,400,0,0,7,2006,93500
737,72,8,2005,8,893,901,0,2,1,3,8,1,3,800,0,116,6,2006,239900
738,60,5,1988,66,0,1200,3,3,0,3,5,0,0,0,120,0,3,2009,179000
739,65,7,2004,8,864,864,0,2,1,3,7,0,2,572,187,56,4,2009,190000
740,60,5,2002,8,264,768,0,2,0,2,7,0,2,360,270,0,5,2007,132000
741,65,6,1996,629,80,912,1,1,0,3,5,0,1,288,168,0,5,2008,142000
742,65,7,2001,8,1349,1349,0,2,0,3,6,0,2,539,120,55,12,2007,179000
743,70,5,1999,69,76,1464,0,2,0,3,6,1,2,480,302,0,10,2009,175000
744,41,8,1993,13,604,1337,1,2,0,2,5,1,2,462,96,0,10,2008,180000
745,0,8,1996,405,487,1175,0,3,1,4,11,2,2,831,0,204,7,2008,299800
746,0,7,2000,79,652,980,0,2,1,4,8,1,2,554,224,54,4,2009,236000
747,65,7,2003,8,1240,1320,0,1,1,4,8,1,4,864,181,0,5,2009,265979
748,59,7,1996,406,801,1720,1,2,0,3,7,1,2,527,240,56,3,2010,260400
749,50,4,1950,8,0,1088,0,2,0,4,9,0,1,240,92,0,4,2009,98000
750,55,4,2004,8,576,792,0,1,0,3,7,0,0,0,0,160,6,2010,96500
751,0,7,2003,8,660,660,0,2,1,3,6,0,2,400,0,48,8,2007,162000
752,79,6,1997,66,279,1494,1,2,0,3,6,0,2,576,168,27,7,2006,217000
753,80,8,2005,8,1030,1038,0,2,1,3,8,1,3,878,192,52,3,2006,275500
754,61,6,2005,407,115,1026,1,1,0,3,5,0,2,440,171,48,7,2009,156000
755,34,6,1999,613,348,742,0,2,1,3,6,0,2,440,0,24,3,2009,172500
756,68,8,2007,386,846,866,0,2,1,3,7,0,2,578,144,105,4,2009,212000
757,0,6,1978,409,234,672,0,2,1,3,6,1,2,440,335,0,4,2010,158900
758,24,7,1999,524,195,757,0,2,1,3,6,0,2,440,0,0,8,2008,179400
759,65,8,1995,313,1198,1328,0,2,1,4,9,1,3,752,222,98,11,2007,290000
760,70,6,1959,411,252,864,0,1,0,2,5,0,1,300,0,0,10,2009,127500
761,60,5,1950,86,740,1301,0,1,0,2,5,0,2,440,0,0,10,2009,100000
762,72,7,2009,55,732,764,0,2,1,3,7,0,2,614,169,45,6,2010,215200
763,82,8,1999,581,89,1268,1,2,1,3,8,1,3,856,0,128,7,2009,337000
764,30,8,1996,413,0,1494,1,1,1,2,6,1,2,481,0,30,4,2006,270000
765,75,9,2008,8,1498,1506,0,2,0,2,6,1,2,592,0,174,8,2008,264132
766,80,7,1988,414,586,980,0,2,1,3,7,1,2,496,228,66,3,2010,196500
767,75,6,1985,103,323,983,1,2,0,4,7,0,1,423,245,0,7,2008,160000
768,70,7,2005,55,1836,1836,0,2,0,3,8,1,2,484,120,33,10,2006,216837
769,47,8,2003,552,234,1690,1,3,1,4,12,1,3,841,503,36,6,2010,538000
770,0,5,1982,342,173,858,1,1,0,2,5,0,2,576,120,0,4,2009,134900
771,67,4,1951,459,0,1220,0,1,0,2,6,0,2,396,0,0,4,2006,102000
772,94,6,1976,416,480,1117,1,1,0,3,6,1,2,672,144,0,3,2010,107000
773,70,5,1958,31,456,912,0,1,0,2,5,0,1,275,0,0,7,2007,114500
774,110,8,2006,8,1935,1973,0,2,0,3,9,1,3,895,315,45,7,2007,395000
775,32,6,1998,321,338,1204,1,2,0,2,5,0,2,412,0,247,6,2009,162000
776,86,7,2006,386,1594,1614,0,2,0,3,7,0,3,865,144,59,7,2006,221500
777,100,5,1974,486,102,894,1,1,0,3,5,1,2,440,241,0,6,2006,142500
778,60,5,1977,8,0,2020,0,2,0,4,10,2,2,630,0,0,10,2007,144000
779,78,6,1977,418,0,1004,1,1,0,2,4,0,2,504,0,0,5,2006,135000
780,63,7,1996,8,1237,1253,0,2,0,3,6,1,2,402,220,21,6,2007,176000
781,65,6,1992,254,374,810,0,2,1,3,7,0,2,484,0,124,7,2006,175900
782,67,7,2002,8,1413,1430,0,2,0,3,6,0,2,605,0,33,6,2009,187100
783,0,5,1978,419,0,1110,1,1,0,1,4,1,2,602,303,30,7,2009,165500
784,35,6,2001,8,742,742,0,2,0,3,9,1,0,0,0,291,6,2008,128000
785,0,6,1967,420,491,1342,0,2,0,3,7,1,2,457,0,0,9,2009,161500
786,60,5,1950,421,0,966,1,2,0,4,7,0,1,416,0,0,6,2010,139000
787,76,7,2004,422,300,956,1,2,1,4,8,0,2,618,0,45,1,2010,233000
788,50,4,2000,8,901,901,0,1,0,2,4,0,1,281,0,0,8,2008,107900
789,0,6,2007,530,264,976,0,2,1,5,9,0,2,444,133,168,7,2007,187500
790,43,7,2006,297,1129,1145,0,2,0,2,5,1,2,397,100,16,9,2009,160200
791,0,6,1976,424,490,1062,1,1,0,3,5,2,2,539,120,0,5,2007,146800
792,92,7,1997,425,255,1127,1,2,1,3,8,1,2,455,180,130,6,2007,269790
793,76,8,2007,8,1496,1496,0,2,0,3,7,0,2,474,168,130,6,2007,225000
794,0,7,1996,8,712,1086,0,2,1,3,7,1,2,409,143,46,10,2008,194500
795,70,6,1981,8,650,888,0,2,1,3,7,1,2,476,0,50,4,2010,171000
796,71,6,1977,8,660,1285,0,1,1,3,7,1,2,528,138,0,4,2007,143500
797,57,5,1953,78,203,773,0,1,0,2,4,0,1,240,0,0,4,2008,110000
798,104,9,2009,8,1926,1966,0,3,1,4,11,2,3,820,144,78,7,2009,485000
799,60,5,1950,65,162,981,1,1,1,3,7,2,1,240,0,0,6,2007,175000
800,79,6,1997,245,154,616,1,2,1,4,8,0,2,603,403,114,5,2008,200000
801,40,4,1990,426,999,1196,1,1,0,2,5,0,2,440,0,0,7,2007,109900
802,63,7,2005,60,80,728,1,2,1,3,7,1,2,410,36,18,10,2008,189000
803,107,9,2009,8,1734,1734,0,3,1,4,12,1,3,1020,52,170,1,2009,582933
804,75,5,1954,515,124,1128,0,1,0,2,5,0,1,286,0,0,6,2006,118000
805,91,7,2008,8,1417,1428,0,2,0,3,6,0,2,554,0,60,7,2008,227680
806,75,5,1967,291,100,980,0,2,0,3,6,0,1,384,68,0,10,2006,135500
807,144,5,2004,589,15,1072,2,1,1,3,6,1,2,528,0,312,5,2009,223500
808,85,5,1966,571,380,1086,1,1,0,3,6,1,2,484,0,0,6,2006,159950
809,90,5,1965,8,849,1075,0,2,0,2,11,0,2,360,40,156,11,2009,106000
810,78,6,1999,428,0,1309,1,1,1,3,5,1,2,484,265,0,1,2006,181000
811,0,6,2004,365,186,848,1,1,0,1,4,1,2,420,140,0,6,2008,144500
812,66,5,1952,8,540,1044,0,1,0,2,4,0,2,504,0,0,6,2010,55993
813,75,6,1958,429,834,1442,0,1,1,4,7,0,1,301,0,0,4,2007,157900
814,45,5,1950,8,686,686,0,1,1,3,7,0,1,280,207,0,7,2006,116000
815,48,7,1998,8,1649,1661,0,2,0,3,6,0,2,598,0,34,5,2010,224900
816,0,5,1954,329,522,1008,0,1,0,2,4,1,1,275,0,0,7,2006,137000
817,0,8,2002,386,350,1689,1,2,0,3,7,2,3,857,150,59,7,2008,271000
818,80,6,1971,297,506,1052,1,1,0,3,6,0,2,440,0,0,6,2010,155000
819,44,7,2010,13,625,1358,1,2,0,2,6,1,2,484,192,35,6,2010,224000
820,72,7,2003,8,798,798,0,2,1,3,6,0,2,595,0,45,6,2008,183000
821,60,4,1953,8,936,936,0,1,0,2,4,0,2,576,0,32,2,2009,93000
822,0,7,2003,8,847,847,0,2,1,3,7,1,2,433,100,48,10,2007,225000
823,60,6,1950,8,778,944,0,2,0,3,7,1,1,240,335,0,7,2009,139500
824,81,8,2006,8,1489,1489,0,2,0,3,7,1,2,776,0,140,6,2006,232600
825,114,10,2008,430,442,2084,1,2,0,2,7,1,3,1220,188,45,6,2008,385000
826,50,5,1950,431,0,784,1,1,0,2,5,0,0,0,0,0,5,2008,109500
827,65,7,2001,386,1434,1434,0,2,0,3,6,1,2,527,290,39,4,2009,189000
828,0,5,1967,432,0,1160,0,2,1,3,7,0,2,538,486,0,6,2009,185000
829,24,7,2005,8,600,520,0,2,1,2,4,0,2,480,0,166,7,2006,147400
830,80,6,1957,433,352,1392,1,1,1,3,6,2,2,458,0,0,6,2008,166000
831,30,7,2005,8,600,520,0,2,1,2,4,0,2,480,0,166,6,2006,151000
832,44,7,2003,434,458,941,1,2,1,3,7,1,2,613,192,39,1,2010,237000
833,100,6,1964,435,975,1516,0,1,1,3,6,0,2,472,0,0,2,2009,167000
834,75,5,1961,436,572,1144,1,1,0,3,6,0,2,456,0,0,9,2008,139950
835,60,4,1995,335,625,1067,0,2,0,2,4,0,2,436,290,0,2,2010,128000
836,90,5,1973,437,1221,1559,1,1,0,2,5,0,2,812,0,116,6,2007,153500
837,21,6,1973,438,153,483,1,1,1,2,5,0,1,264,0,0,11,2008,100000
838,75,5,2006,8,1099,1099,0,1,1,3,6,0,1,352,278,0,6,2008,144000
839,70,5,1995,118,416,768,0,1,0,3,6,0,1,240,0,0,5,2008,130500
840,0,6,1950,439,516,810,0,2,0,4,7,0,1,400,0,0,3,2008,140000
841,60,5,2002,8,650,958,0,2,0,3,8,1,2,686,70,78,6,2008,157500
842,82,6,1966,132,276,1165,1,1,1,3,6,0,2,490,0,129,5,2008,174900
843,80,5,1961,8,1800,1800,0,2,0,6,10,0,0,0,0,0,7,2007,141000
844,100,5,1950,8,876,876,0,1,1,4,7,1,3,720,418,0,6,2008,153900
845,0,5,1981,563,0,1701,1,2,0,3,6,2,2,611,0,0,1,2007,171000
846,75,7,1993,441,227,1006,1,2,1,3,7,1,2,425,234,72,7,2009,213000
847,36,5,1972,442,404,864,1,1,0,3,5,1,1,338,0,0,8,2009,133500
848,75,6,1997,8,907,1307,0,3,0,5,10,1,2,360,486,40,9,2008,240000
849,80,6,1994,8,528,1094,0,2,1,3,7,1,2,512,113,100,8,2007,187000
850,36,6,2003,469,189,848,1,1,0,1,3,0,2,420,140,0,11,2007,131500
851,0,8,2003,8,1273,1456,0,2,0,2,7,1,2,400,143,20,5,2006,215000
852,53,7,1950,444,554,918,0,2,0,4,7,2,1,240,0,0,8,2007,164000
853,0,6,1964,445,563,1445,0,1,1,3,7,1,2,645,180,0,8,2009,158000
854,102,5,1974,446,372,1779,1,1,1,3,6,1,2,454,0,418,7,2006,170000
855,0,5,2010,469,381,1040,1,1,1,3,6,0,1,260,0,104,4,2010,127000
856,0,6,1978,447,0,1026,1,1,0,3,5,0,2,576,0,0,10,2008,147000
857,65,6,1995,8,702,702,0,2,1,3,6,1,2,343,0,36,3,2009,174000
858,80,7,1976,8,1090,1370,0,2,0,3,6,1,2,479,0,0,6,2009,152000
859,0,6,1984,508,435,1512,1,2,1,4,9,1,2,619,0,65,8,2006,250000
860,55,7,1998,8,912,912,0,1,1,3,7,1,1,216,0,240,6,2007,189950
861,75,5,1965,183,198,1039,1,1,1,3,6,0,2,504,0,0,4,2010,131500
862,81,6,1985,437,702,1097,0,2,0,3,6,0,2,480,0,0,5,2010,152000
863,70,5,1959,395,0,1148,1,1,0,3,6,0,1,672,0,0,7,2009,132500
864,72,7,2008,8,1372,1372,0,2,0,3,6,0,2,529,0,140,5,2008,250580
865,0,5,1970,615,174,1002,1,1,0,3,5,0,2,902,0,0,8,2009,148500
866,67,8,2007,8,1638,1646,0,2,0,3,6,1,3,870,192,80,11,2007,248900
867,85,4,1961,448,108,1120,1,1,1,3,5,0,2,544,168,0,5,2007,129000
868,0,5,1950,8,0,1547,0,2,0,2,7,1,2,672,120,144,5,2006,169000
869,80,7,1994,449,300,1062,1,2,1,3,8,1,2,574,156,90,6,2010,236000
870,60,5,1962,8,894,894,0,1,0,2,5,0,1,308,0,0,8,2009,109500
871,70,6,1998,447,299,804,0,2,1,3,7,0,2,523,0,77,6,2010,200500
872,74,5,1996,8,105,910,0,1,0,3,5,0,2,414,196,0,10,2008,116000
873,60,5,1950,483,457,1036,0,1,0,3,6,1,1,288,0,28,9,2009,133000
874,52,5,1950,8,676,676,0,1,1,3,5,0,1,200,26,0,8,2009,66500
875,75,8,2007,450,1120,1184,0,2,1,4,11,1,2,550,208,364,8,2007,303477
876,94,4,1963,451,431,1040,1,1,0,3,5,0,2,648,0,0,1,2007,132250
877,74,9,2005,452,292,1462,1,2,1,4,10,1,3,738,184,0,6,2009,350000
878,88,5,1995,453,210,1155,1,1,0,3,6,0,2,576,192,0,6,2010,148000
879,0,5,2005,15,218,864,1,1,0,3,6,0,1,336,0,0,7,2009,136500
880,60,5,2006,389,110,1090,1,1,1,2,5,0,2,450,0,49,6,2007,157000
881,44,7,1991,454,254,1187,0,2,1,3,7,1,2,400,168,36,4,2007,187500
882,0,6,1993,8,808,808,0,2,1,3,7,1,2,389,342,40,12,2009,178000
883,60,4,1950,8,795,954,1,1,0,5,10,0,1,440,0,188,3,2006,118500
884,65,5,1967,90,460,892,0,1,0,3,5,0,1,288,0,0,7,2009,100000
885,50,9,2000,455,460,1709,1,2,0,2,5,1,2,506,97,65,1,2008,328900
886,70,5,2005,456,1098,1712,0,2,0,4,8,0,2,588,272,54,6,2006,145000
887,59,5,1955,8,816,872,0,1,1,3,8,0,1,300,121,0,4,2008,135500
888,95,8,1970,106,1043,2217,1,2,0,4,8,1,2,621,81,207,10,2007,268000
889,128,6,1953,457,481,1505,1,1,0,2,6,1,2,505,0,0,2,2009,149500
890,60,5,2006,8,672,672,0,1,0,3,6,1,2,576,0,0,7,2007,122900
891,70,6,1978,593,192,918,0,2,1,3,7,1,2,440,243,0,7,2009,172500
892,70,6,2003,428,396,1068,0,1,0,3,6,0,1,264,192,0,2,2006,154500
893,0,5,1954,458,319,1383,1,1,0,3,6,1,1,354,511,116,6,2008,165000
894,64,5,1979,8,0,1535,0,2,0,4,8,0,2,400,0,0,6,2009,118858
895,71,6,1963,291,380,983,1,1,1,4,8,1,2,483,0,50,10,2008,140000
896,50,4,1950,459,666,951,0,1,0,2,6,0,1,327,0,28,4,2006,106500
897,64,5,1979,8,0,1120,0,2,0,6,12,0,2,528,154,0,6,2009,142953
898,100,9,2010,460,142,2364,1,2,1,2,11,2,3,820,0,67,3,2010,611657
899,65,5,1994,461,447,1236,0,1,0,3,6,1,1,288,0,0,6,2006,135000
900,0,4,1971,462,536,858,0,1,0,2,4,0,1,684,0,0,6,2007,110000
901,64,5,2000,463,132,1306,1,1,0,2,5,0,1,756,0,0,5,2009,153000
902,63,7,2003,8,783,807,0,2,1,3,8,1,2,393,0,75,7,2006,180000
903,50,7,2006,8,1670,1670,0,2,0,3,7,1,3,690,144,60,8,2006,240000
904,0,5,1967,477,277,902,0,1,0,3,6,0,1,288,0,0,8,2007,125500
905,80,5,1954,465,412,1063,1,1,0,3,6,0,1,280,0,0,2,2010,128000
906,116,8,2006,466,1560,1636,1,2,0,3,8,1,3,865,0,60,6,2007,255000
907,86,7,1987,467,794,1020,0,1,1,3,6,1,1,180,0,0,6,2006,250000
908,0,5,1983,468,239,902,1,1,0,2,5,0,2,484,164,0,6,2006,131000
909,149,6,2005,8,742,742,0,2,1,3,8,1,2,390,36,24,6,2009,174000
910,80,5,1960,469,662,1105,0,2,0,5,12,0,2,480,0,0,1,2010,154300
911,0,5,1989,435,1072,1268,0,1,1,3,5,0,1,252,173,0,10,2009,143500
912,51,5,1950,470,279,1015,0,1,0,3,6,0,1,450,0,0,7,2006,88000
913,82,5,1950,471,717,1001,0,2,0,4,8,0,3,871,0,0,8,2007,145000
914,30,6,2009,472,318,612,0,2,1,2,4,0,2,528,0,234,6,2009,173733
915,21,4,1970,8,546,546,0,1,1,3,6,0,1,286,0,0,1,2007,75000
916,50,2,1950,245,430,480,1,0,0,1,4,0,1,308,0,0,10,2006,35311
917,0,4,1956,516,75,1229,0,1,0,3,6,0,1,284,0,0,4,2009,135000
918,103,7,1991,540,422,912,1,2,1,4,8,1,3,833,72,192,11,2007,238000
919,87,6,2002,456,245,1414,1,1,0,3,6,1,2,601,0,51,5,2008,176500
920,70,6,1994,473,114,936,0,2,1,3,7,0,2,471,300,87,7,2007,201000
921,67,5,2003,392,188,1272,2,2,2,4,9,0,0,0,0,70,9,2008,145900
922,65,6,2006,435,1288,1316,0,2,0,3,6,1,2,397,100,0,10,2006,169990
923,50,6,1994,474,598,1617,1,2,0,2,5,1,2,533,0,69,7,2008,193000
924,79,6,1980,148,0,1686,1,2,0,3,7,1,2,612,384,131,5,2006,207500
925,0,5,1977,376,266,1126,0,2,0,3,6,0,2,540,180,0,3,2008,175000
926,93,8,2004,8,1181,1234,0,2,1,4,10,1,3,656,104,100,5,2007,285000
927,0,7,1968,475,280,1098,0,2,1,4,9,1,2,486,0,43,4,2008,176000
928,0,8,2001,8,1753,1788,0,2,0,3,7,1,2,522,202,151,6,2009,236500
929,0,7,1997,8,964,993,0,2,1,4,8,1,2,642,0,0,11,2006,222000
930,73,8,2007,297,1450,1466,0,2,0,3,7,0,3,610,100,18,7,2009,201000
931,70,5,1965,437,121,925,0,1,0,2,5,0,1,429,0,0,7,2009,117500
932,84,9,2006,8,1905,1905,0,2,0,3,8,1,3,788,0,191,3,2007,320000
933,63,7,2004,386,1480,1500,0,2,0,3,6,0,2,570,192,36,8,2009,190000
934,313,7,2007,585,160,2069,1,2,0,4,9,1,2,505,0,0,11,2008,242000
935,52,4,1953,8,600,747,0,1,0,1,5,0,2,528,0,0,6,2006,79900
936,67,7,2003,476,343,1200,1,2,0,2,5,0,2,555,0,41,8,2009,184900
937,75,7,2005,140,772,1113,0,2,1,3,8,1,2,689,0,48,2,2009,253000
938,73,7,2006,477,927,1391,0,2,1,3,7,0,3,868,0,90,8,2006,239799
939,0,7,1950,8,1032,1207,0,2,0,4,10,2,1,349,56,0,6,2010,244400
940,55,6,1976,478,396,1728,0,2,0,4,8,0,2,574,40,0,7,2006,150900
941,0,7,1999,479,220,1022,1,2,1,3,8,1,2,390,0,0,6,2009,214000
942,42,4,1977,480,0,1440,2,2,0,4,8,0,0,0,321,0,8,2007,150000
943,100,5,1967,8,1632,1632,0,2,0,4,8,0,2,576,0,0,6,2007,143000
944,0,6,1958,289,354,1344,0,1,0,3,7,1,2,525,0,118,1,2009,137500
945,98,5,1996,128,0,1188,0,1,0,2,7,0,2,456,48,0,9,2009,124900
946,70,5,1959,481,102,1144,1,1,0,3,6,1,1,796,86,0,3,2006,143000
947,85,8,2003,91,316,1629,1,2,0,3,9,1,3,808,0,252,11,2007,270000
948,65,7,2002,8,936,936,0,2,1,3,7,1,2,474,144,96,2,2006,192500
949,78,6,2006,601,179,1381,1,1,1,3,5,1,2,676,0,0,3,2010,197500
950,60,5,2002,483,317,864,1,1,0,3,5,0,2,720,194,0,7,2007,129000
951,60,5,1965,208,187,965,1,1,0,3,6,0,1,300,421,0,7,2006,119900
952,60,5,2003,103,108,768,0,1,0,2,5,0,1,396,192,0,4,2009,133900
953,0,5,1969,568,29,1168,0,2,1,4,7,1,2,530,305,189,9,2008,172000
954,35,6,1975,385,0,980,0,2,0,4,4,0,0,0,0,0,10,2006,127500
955,82,6,1950,568,495,979,0,2,0,4,8,0,2,492,0,0,8,2007,145000
956,24,6,1980,459,276,561,0,1,1,2,5,1,2,462,150,0,5,2009,124000
957,70,5,1962,486,640,1057,0,1,0,3,6,0,2,576,0,0,4,2007,132000
958,65,7,2003,487,638,1337,1,2,0,3,6,0,2,531,0,39,10,2007,185000
959,24,7,1999,504,92,696,1,2,1,3,6,0,2,484,0,44,5,2010,155000
960,50,5,2008,488,162,858,1,1,0,2,4,0,0,0,117,0,2,2010,116500
961,0,6,1995,489,434,1542,1,2,1,4,11,1,2,619,550,282,7,2008,272000
962,24,6,1976,490,248,804,1,2,1,3,7,1,2,440,48,0,7,2007,155000
963,122,9,2007,8,1800,1800,0,2,0,2,7,0,2,702,288,136,5,2009,239000
964,80,7,2003,357,193,824,1,2,1,4,8,1,2,510,0,40,2,2010,214900
965,65,6,2007,8,783,783,0,2,1,3,8,1,2,393,0,72,7,2007,178900
966,130,5,1950,228,300,976,1,1,1,2,7,2,1,256,0,70,6,2009,160000
967,0,5,1955,454,196,1098,1,1,0,3,6,0,1,260,0,0,7,2008,135000
968,50,3,1950,8,600,600,0,1,0,2,6,0,0,0,0,0,5,2009,37900
969,75,6,1958,441,75,1095,1,1,0,2,6,0,1,264,0,0,3,2006,140000
970,60,4,1950,8,720,720,0,1,1,4,6,0,0,0,0,0,12,2006,135000
971,36,7,2004,83,197,764,0,2,0,2,6,0,2,474,0,27,7,2009,173000
972,55,6,1979,8,918,918,0,2,0,2,5,1,1,264,28,0,4,2010,99500
973,95,7,2008,8,1428,1428,0,2,0,3,6,0,2,480,0,120,12,2008,182000
974,60,7,1993,8,728,1136,0,1,0,3,8,0,2,532,509,135,10,2009,167500
975,0,7,2000,208,32,673,1,2,1,3,6,0,2,490,153,50,4,2006,165000
976,51,4,1958,8,440,869,0,1,0,2,4,0,0,0,0,0,8,2006,85500
977,35,7,2007,491,135,1241,1,1,1,1,4,0,2,569,0,116,11,2007,199900
978,68,4,1954,475,342,894,0,1,0,3,5,0,2,400,0,0,5,2007,110000
979,80,5,1963,554,470,1121,1,1,0,3,5,0,2,480,0,80,6,2009,139000
980,0,7,2007,493,77,999,1,1,0,3,6,0,2,588,144,76,7,2008,178400
981,98,8,1999,494,371,1276,1,2,1,4,8,1,3,676,250,0,7,2009,336000
982,43,7,2007,8,1266,1266,0,2,0,2,6,1,2,388,100,16,3,2008,159895
983,0,8,2002,8,1128,1149,0,2,1,4,9,1,2,779,0,0,5,2008,255900
984,75,5,1977,8,0,1302,0,2,0,4,8,0,2,539,0,0,8,2009,126000
985,68,5,1950,433,124,1164,1,1,0,3,5,0,1,240,0,48,8,2008,125000
986,59,6,2003,8,485,1001,0,1,0,2,5,0,1,255,394,0,6,2006,117000
987,83,9,2010,495,284,1940,1,2,1,3,8,1,3,606,168,95,4,2010,395192
988,0,6,1976,439,692,1118,0,2,1,4,8,1,2,551,0,224,6,2007,195000
989,65,7,2006,8,770,778,0,2,1,3,6,0,2,614,0,50,8,2006,197000
990,82,8,1998,496,322,1407,1,2,1,3,7,1,3,870,0,70,6,2006,348000
991,121,8,1986,3,700,916,0,1,1,4,8,1,2,424,0,169,11,2009,168000
992,80,6,1993,497,169,1020,0,2,1,3,7,1,2,440,239,42,7,2007,187000
993,68,6,2006,8,750,750,0,2,1,3,6,0,2,564,0,35,8,2006,173900
994,96,10,2007,498,528,1718,1,2,0,3,7,1,3,786,216,48,7,2009,337500
995,51,4,1950,38,363,774,1,1,1,3,5,0,1,305,0,57,8,2006,121600
996,0,5,1961,499,135,1050,1,1,0,3,6,0,1,368,0,319,1,2006,136500
997,0,6,1970,8,1442,1442,0,2,0,2,6,1,2,615,371,0,2,2009,185000
998,60,3,1950,8,1007,1077,0,1,0,3,6,1,1,210,0,100,5,2006,91000
999,64,7,2006,421,501,1208,1,2,0,2,6,0,2,632,105,61,2,2010,206000
1000,74,3,1952,8,0,944,0,1,0,2,4,0,2,528,0,0,7,2009,82000
1001,60,5,1950,8,691,691,0,1,0,2,4,0,1,216,0,20,1,2007,86000
1002,75,8,2006,55,1550,1574,0,2,0,3,7,1,3,824,144,104,7,2008,232000
1003,0,5,1976,8,1680,1680,0,2,0,4,8,0,2,528,0,0,6,2007,136905
1004,43,7,2006,297,1330,1504,0,2,0,1,7,1,2,457,156,0,5,2009,181000
1005,65,5,1977,500,390,985,0,2,0,3,6,0,1,328,210,0,11,2008,149900
1006,0,6,1970,501,420,1657,0,2,0,3,7,1,2,484,0,0,3,2007,163500
1007,21,4,1970,502,0,546,0,1,1,3,6,0,1,286,238,0,8,2009,88000
1008,43,7,2005,8,1710,1710,0,2,0,3,7,1,2,550,100,48,4,2009,240000
1009,60,5,1950,8,1008,1008,0,2,0,4,7,0,0,0,0,0,6,2006,102000
1010,115,5,1950,8,720,720,0,2,0,4,7,1,1,312,0,0,8,2008,135000
1011,75,5,1965,8,0,1664,0,2,0,4,8,0,0,0,0,0,5,2010,100000
1012,55,6,1996,8,602,900,0,1,1,3,7,2,1,180,96,0,8,2007,165000
1013,60,5,2006,261,310,1022,1,1,0,2,4,0,1,280,0,30,6,2009,85000
1014,60,6,1950,52,746,1082,0,1,0,2,5,1,1,240,0,130,11,2007,119200
1015,70,8,2001,26,167,810,1,2,1,3,6,0,2,528,0,45,11,2009,227000
1016,73,7,1996,237,814,1504,1,2,0,3,6,1,2,478,115,66,6,2009,203000
1017,0,8,1984,127,184,1360,1,1,0,1,4,1,2,565,63,0,8,2009,187500
1018,0,7,1992,8,384,802,0,2,1,3,7,1,2,402,164,0,5,2007,160000
1019,43,7,2005,297,1346,1506,0,2,0,2,6,1,2,440,142,20,4,2006,213490
1020,60,4,2005,457,108,1132,1,1,1,2,5,0,2,451,252,64,6,2008,176000
1021,64,7,2006,503,515,1220,1,2,0,2,6,0,2,632,105,54,7,2006,194000
1022,52,5,1950,504,588,912,0,1,0,2,6,0,1,160,0,0,3,2007,87000
1023,43,7,2006,297,1330,1504,0,2,0,2,7,1,2,437,156,20,5,2008,191000
1024,0,8,1976,505,0,2898,1,2,0,2,10,1,2,665,0,72,5,2008,287000
1025,70,5,1972,506,276,882,1,1,0,3,5,0,2,461,96,0,3,2007,112500
1026,73,5,1960,155,571,1264,1,1,0,3,6,2,2,461,0,0,4,2010,167500
1027,71,8,2008,507,125,1646,1,2,0,3,7,1,3,800,192,44,4,2008,293077
1028,79,5,1950,502,359,968,1,1,0,3,6,1,1,240,0,0,4,2007,105000
1029,21,6,1972,508,355,672,0,1,1,3,7,0,1,264,0,28,5,2006,118000
1030,0,5,1995,8,686,948,0,2,0,5,10,0,0,0,0,0,7,2006,160000
1031,102,7,1970,414,301,1687,1,2,1,5,12,2,2,672,136,63,8,2009,197000
1032,0,8,1993,511,326,1352,1,2,1,5,10,1,3,796,209,55,11,2006,310000
1033,0,7,2002,250,668,1654,1,2,0,3,6,0,3,900,0,136,2,2006,230000
1034,50,5,1950,8,920,954,0,1,0,2,5,1,1,240,0,0,6,2007,119750
1035,0,4,1957,8,0,845,0,1,0,3,5,0,1,290,186,0,1,2009,84000
1036,89,9,2008,529,598,1620,1,2,0,2,6,1,3,912,228,0,9,2009,315500
1037,0,8,2002,8,1055,1055,0,2,1,3,7,1,2,905,0,45,9,2008,287000
1038,21,4,2008,8,546,798,0,1,1,3,6,1,0,0,0,0,5,2009,97000
1039,21,4,1970,511,121,630,1,1,0,1,3,0,1,286,0,0,4,2009,80000
1040,88,5,2000,279,284,1803,1,2,0,3,8,1,2,484,0,0,1,2006,155000
1041,0,6,2000,291,336,800,0,1,1,4,7,0,2,484,0,40,7,2008,173000
1042,34,6,2005,512,406,1306,1,2,0,1,5,1,2,624,170,63,8,2009,196000
1043,86,7,1990,513,390,1532,1,2,1,4,10,1,2,514,192,121,5,2008,262280
1044,80,8,1981,514,1420,2524,1,2,1,4,9,1,2,542,474,120,7,2009,278000
1045,0,3,1955,8,0,1733,0,2,0,4,8,1,2,452,0,0,6,2009,139600
1046,85,9,2006,515,1752,1992,0,3,1,4,11,1,3,716,214,108,7,2006,556581
1047,57,5,1995,421,304,990,0,1,0,3,5,0,2,672,0,0,2,2008,145000
1048,100,5,2006,8,0,1771,0,1,0,3,9,1,2,336,0,0,11,2009,115000
1049,60,4,2006,8,0,930,0,1,0,2,6,0,1,308,0,0,4,2010,84900
1050,73,7,2007,8,1302,1302,0,2,0,3,6,0,2,436,0,22,8,2007,176485
1051,103,7,2007,8,1316,1316,0,2,0,3,6,1,2,440,0,20,10,2007,200141
1052,100,6,1978,335,374,1127,0,1,1,4,9,1,2,540,0,52,6,2007,165000
1053,68,5,2002,516,833,1526,0,1,0,4,7,1,1,364,116,78,5,2010,144500
1054,90,8,2002,448,133,1091,1,2,1,3,7,1,2,586,199,60,11,2006,255000
1055,104,6,1976,517,549,1523,0,2,0,3,7,1,2,478,0,0,5,2008,180000
1056,43,7,2005,469,705,1364,1,2,0,2,6,1,2,484,192,36,6,2006,185850
1057,0,7,1994,500,378,979,0,2,1,3,7,1,2,467,168,98,1,2009,248000
1058,96,9,2008,478,168,1130,1,2,1,3,10,1,3,836,0,102,7,2009,335000
1059,0,6,1950,121,0,1096,0,1,1,3,7,1,2,432,0,0,3,2007,220000
1060,41,8,2001,420,722,1338,1,2,0,2,6,0,2,582,0,0,4,2010,213500
1061,120,3,1950,8,894,894,0,1,0,2,6,0,3,1248,0,20,8,2008,81000
1062,85,5,1950,8,662,1422,0,2,0,5,10,0,2,560,0,57,9,2007,90000
1063,50,6,1980,518,706,1103,0,1,0,2,5,1,2,440,166,120,7,2006,110500
1064,0,5,1966,519,184,1154,0,1,1,3,6,1,2,480,0,58,11,2009,154000
1065,80,7,1997,54,105,1306,1,2,1,3,7,0,2,533,296,44,4,2010,328000
1066,59,6,1994,8,799,799,0,2,1,3,7,1,2,380,0,40,5,2009,178000
1067,80,6,1964,356,0,798,1,1,1,4,7,0,2,442,328,128,6,2008,167900
1068,42,6,1973,520,105,1291,1,2,1,5,10,1,2,576,728,20,6,2006,151400
1069,60,5,2003,521,625,893,0,1,0,2,4,0,2,576,0,0,5,2007,135000
1070,72,5,1956,557,462,1048,1,1,0,3,6,0,1,286,0,20,6,2007,135000
1071,78,6,1968,230,429,829,0,1,1,4,8,0,2,441,0,0,5,2009,154000
1072,50,5,1950,8,810,1002,1,1,0,4,7,1,1,280,0,0,8,2006,91500
1073,75,6,1977,523,155,698,0,1,1,3,6,0,2,440,252,0,7,2009,159500
1074,74,7,2006,8,1240,1240,0,2,0,2,5,0,3,826,140,93,5,2007,194000
1075,75,7,1984,524,390,960,0,1,1,3,6,2,1,240,0,0,7,2007,219500
1076,60,5,1989,122,170,1096,0,2,0,3,7,1,2,566,436,21,4,2006,170000
1077,0,5,1969,525,230,1096,1,1,0,3,6,0,1,299,240,32,3,2006,138800
1078,37,6,2004,365,186,848,1,1,0,1,3,1,2,420,140,0,5,2006,155900
1079,65,5,1994,289,495,990,0,1,0,3,5,0,1,299,0,64,4,2007,126000
1080,80,6,2004,422,602,1258,0,2,0,3,5,0,2,528,55,0,10,2008,145000
1081,75,5,1963,526,216,1040,1,1,1,3,5,0,1,308,0,0,6,2010,133000
1082,70,7,2002,8,1459,1459,0,2,0,3,6,1,2,527,192,39,9,2007,192000
1083,80,6,1964,268,698,1251,1,1,0,3,6,2,1,461,0,116,3,2006,160000
1084,0,6,1996,527,99,691,0,2,1,3,6,1,2,409,315,44,7,2006,187500
1085,73,6,1992,435,189,996,1,1,0,2,5,0,2,564,120,0,4,2010,147000
1086,0,4,1973,216,212,546,0,1,1,3,6,0,1,286,120,96,5,2010,83500
1087,85,8,2006,8,1082,1082,0,2,1,3,9,1,3,1043,160,50,5,2009,252000
1088,24,7,2004,8,970,970,0,2,0,3,7,0,2,380,0,40,4,2006,137500
1089,37,8,2005,528,208,1247,1,1,1,1,4,1,2,550,0,84,4,2006,197000
1090,60,3,1950,8,0,1040,0,2,0,2,6,0,2,400,0,0,6,2009,92900
1091,24,7,2000,529,90,624,1,2,1,2,4,0,2,462,0,48,3,2008,160000
1092,60,6,1950,530,758,1390,0,2,0,4,7,1,2,576,342,0,6,2008,136500
1093,71,5,1998,531,203,1200,1,1,1,1,6,0,2,884,0,64,10,2006,146000
1094,74,5,2000,589,448,936,1,1,0,2,4,0,1,308,0,0,5,2010,129000
1095,78,6,2006,55,1290,1314,0,2,0,3,6,1,2,440,0,22,3,2007,176432
1096,60,6,2006,8,684,773,0,1,1,3,7,0,0,0,136,0,3,2007,127000
1097,0,8,1986,8,1074,1088,0,1,1,2,5,0,2,461,0,74,10,2007,170000
1098,50,4,1950,221,0,757,0,1,0,3,6,0,1,240,0,0,7,2009,128000
1099,82,7,1978,533,567,1601,0,2,0,3,7,1,2,478,0,0,4,2009,157000
1100,60,2,1950,327,0,438,0,1,0,1,3,0,1,246,0,0,1,2009,60000
1101,61,5,1971,581,251,950,0,1,0,3,5,0,1,280,0,0,7,2007,119500
1102,70,5,2002,313,422,1134,0,1,0,2,6,0,1,254,0,16,4,2007,135000
1103,79,6,1959,4,0,1194,0,1,0,3,6,1,2,539,0,0,7,2006,159500
1104,24,5,1970,8,630,630,0,2,1,3,6,0,2,440,0,0,4,2007,106000
1105,98,8,1995,535,431,1500,1,2,1,3,9,2,2,712,186,32,4,2010,325000
1106,114,7,1991,360,172,1442,1,2,0,3,6,1,2,719,0,244,5,2007,179900
1107,168,7,2006,8,868,887,0,2,1,3,9,1,2,422,0,100,9,2006,274725
1108,0,6,2000,8,924,948,0,2,1,3,7,1,2,463,100,48,11,2007,181000
1109,107,8,2005,528,797,1836,1,2,0,3,7,1,3,862,125,185,3,2009,280000
1110,0,6,1996,536,554,773,1,2,1,3,8,1,2,431,224,84,6,2008,188000
1111,80,7,1976,474,400,1098,0,2,1,4,8,1,2,483,0,69,9,2008,205000
1112,73,5,1957,537,108,816,1,1,0,2,5,0,1,308,0,0,7,2006,129900
1113,66,5,2006,26,365,1008,1,1,0,2,6,0,1,240,0,18,5,2007,134500
1114,90,5,2000,552,418,833,0,1,0,2,4,0,1,326,0,0,8,2006,117000
1115,93,8,2007,539,730,1734,1,2,0,3,7,1,3,928,0,0,11,2007,318000
1116,0,8,2002,540,55,779,1,2,1,3,7,1,2,527,120,0,3,2009,184100
1117,57,5,2003,541,192,894,1,1,0,3,5,0,2,450,0,0,5,2008,130000
1118,85,5,1987,8,533,1021,0,1,0,3,6,0,1,300,280,34,12,2008,140000
1119,70,5,1959,542,671,1040,0,1,0,3,6,0,1,286,140,0,7,2006,133700
1120,59,6,1950,8,1012,1012,0,1,0,2,6,1,1,308,0,22,5,2007,118400
1121,84,7,2006,55,1528,1552,0,2,0,3,7,0,3,782,144,20,7,2006,212900
1122,0,4,1956,8,672,960,0,1,0,3,5,0,1,288,64,0,10,2009,112000
1123,50,5,2008,8,698,698,0,1,0,2,4,0,0,0,0,200,6,2009,118000
1124,0,7,1992,8,384,812,0,2,1,3,7,1,2,392,100,25,7,2007,163900
1125,60,4,1955,8,1005,1005,0,1,0,2,5,1,2,672,0,0,11,2009,115000
1126,53,7,2007,8,1373,1555,0,2,0,2,7,1,3,660,143,20,6,2009,174000
1127,182,7,2004,91,230,1530,1,2,0,3,7,1,3,630,144,36,11,2007,259000
1128,59,7,2005,8,847,847,0,2,1,4,8,1,2,434,100,48,7,2007,215000
1129,60,5,1980,478,0,936,1,1,0,2,4,0,2,672,49,0,8,2007,140000
1130,65,4,1950,543,500,1328,1,2,0,4,7,2,2,576,431,44,12,2009,135000
1131,63,5,1992,544,762,974,0,1,0,3,5,0,0,0,0,28,9,2007,93500
1132,90,6,1950,8,1008,1178,0,2,0,5,8,0,1,205,0,48,5,2007,117500
1133,80,8,1995,314,544,1142,0,2,1,3,8,1,2,466,0,155,6,2009,239500
1134,57,6,1997,8,916,916,0,2,1,3,7,1,2,460,100,38,8,2007,169000
1135,60,6,1950,8,960,986,0,1,0,2,5,1,1,180,0,128,5,2007,102000
1136,80,6,1950,29,752,1032,0,1,0,3,6,0,1,288,0,0,4,2008,119000
1137,54,5,1996,8,780,780,0,1,0,2,6,0,0,0,0,0,5,2010,94000
1138,0,6,1977,281,0,1567,1,2,0,2,5,2,2,714,264,32,5,2009,196000
1139,98,5,1950,545,270,1167,0,1,0,3,6,1,2,495,0,0,5,2007,144000
1140,60,5,1951,546,100,952,1,1,0,2,4,0,2,840,0,0,6,2008,139000
1141,0,5,1976,613,399,1088,1,2,1,4,9,1,2,484,448,96,10,2009,197500
1142,77,8,2007,566,316,1466,1,3,0,4,11,1,3,1052,125,144,4,2007,424870
1143,0,5,1959,112,718,1006,0,1,0,3,5,0,0,0,0,24,7,2008,80000
1144,60,4,1950,446,324,672,1,1,0,2,5,0,1,280,0,0,7,2010,80000
1145,52,5,1950,8,1042,1042,0,1,0,3,8,1,1,225,0,0,8,2006,149000
1146,0,6,1985,610,40,1298,1,2,0,3,5,1,2,403,165,26,5,2006,180000
1147,75,7,1950,549,429,860,0,1,1,3,7,1,1,234,0,0,7,2009,174500
1148,0,7,1950,8,572,572,0,1,0,2,5,1,1,288,0,0,8,2008,116900
1149,50,7,1988,357,26,832,0,1,0,3,7,0,2,324,0,0,7,2009,143000
1150,57,6,1950,8,932,932,0,1,0,2,4,1,1,306,0,0,11,2007,124000
1151,134,5,1959,550,1290,1466,0,1,1,3,6,2,2,528,0,140,11,2006,149900
1152,90,6,2004,551,230,1811,0,1,0,2,6,1,2,470,0,0,7,2006,230000
1153,0,6,2007,552,278,816,0,1,0,2,5,0,1,432,0,0,6,2008,120500
1154,0,7,1988,346,410,902,0,1,2,4,8,2,2,492,60,84,5,2008,201800
1155,90,5,2004,553,280,1437,1,2,0,3,6,1,2,528,0,21,7,2007,218000
1156,85,5,1999,451,586,1265,0,2,0,3,6,1,2,502,0,92,10,2008,179900
1157,34,7,2008,173,410,1314,1,2,0,2,6,1,2,626,172,62,7,2009,230000
1158,92,8,2008,8,1580,1580,0,2,0,3,7,0,3,830,0,24,6,2008,235128
1159,76,6,1974,335,459,943,0,2,1,4,8,1,2,540,0,69,7,2008,185000
1160,24,6,1978,379,544,855,0,2,1,3,7,1,2,440,26,0,7,2010,146000
1161,0,6,2006,336,568,1640,1,1,0,3,7,1,2,924,108,0,11,2008,224000
1162,109,5,1968,554,402,894,0,1,0,3,5,1,2,450,0,0,5,2007,129000
1163,60,4,1969,555,0,1258,2,0,2,0,6,0,2,400,120,0,1,2008,108959
1164,0,5,1978,96,289,1432,1,1,1,2,5,1,2,588,168,180,6,2007,194000
1165,79,7,2009,8,1502,1502,0,2,0,3,7,0,2,644,0,114,9,2009,233170
1166,64,8,2008,8,1694,1694,0,2,0,3,7,0,3,776,160,33,2,2010,245350
1167,58,6,2000,241,173,959,1,2,1,3,7,1,2,472,0,38,2,2006,173000
1168,120,6,1986,122,501,1236,0,2,0,4,7,2,2,540,0,0,7,2008,235000
1169,118,10,1996,556,543,1831,1,3,1,4,10,1,3,807,361,76,7,2006,625000
1170,76,6,1977,557,574,1118,1,1,0,3,6,1,1,358,203,0,7,2008,171000
1171,76,6,1958,365,599,1261,1,1,0,3,6,1,2,433,0,0,11,2008,163000
1172,35,7,2007,8,625,625,0,2,1,2,5,0,2,625,0,54,3,2008,171900
1173,138,5,1994,401,977,1636,0,3,0,3,12,1,0,0,122,0,3,2007,200500
1174,80,6,1950,159,449,1170,0,2,1,4,9,1,2,360,0,0,7,2006,239000
1175,85,8,2000,371,983,2129,0,2,1,4,9,1,2,541,0,33,4,2007,285000
1176,37,5,1985,558,218,923,1,1,0,3,5,0,1,264,362,0,10,2008,119500
1177,0,6,2004,135,350,818,0,1,0,3,5,0,1,210,0,0,12,2009,115000
1178,54,5,1950,8,731,820,0,1,1,3,7,1,1,186,192,0,7,2009,154900
1179,77,5,1954,8,0,1124,0,1,0,3,5,1,0,0,0,36,4,2006,93000
1180,0,7,1991,559,0,1298,0,2,1,4,8,0,2,693,0,0,4,2006,250000
1181,64,8,2008,560,120,1652,1,2,0,2,5,1,2,482,162,53,11,2008,392500
1182,160,10,1996,561,300,2411,1,3,1,4,10,2,3,813,171,78,7,2007,745000
1183,60,5,1950,89,299,1130,1,1,0,2,5,1,2,720,229,0,6,2006,120000
1184,50,5,1963,562,413,1572,1,1,1,3,5,2,3,995,0,263,5,2007,186700
1185,60,5,1950,170,392,949,1,1,0,4,7,0,1,392,0,0,3,2006,104900
1186,107,3,1970,563,538,1014,1,2,0,3,7,0,2,420,0,74,8,2009,95000
1187,89,8,1995,564,168,1624,1,2,0,2,5,1,3,757,0,114,7,2006,262000
1188,68,7,2002,8,831,831,0,2,1,3,7,0,2,493,144,68,7,2009,195000
1189,60,7,1999,8,994,1028,0,2,1,3,7,1,2,442,140,60,6,2010,189000
1190,0,4,1975,562,90,1622,1,1,0,3,7,1,4,1356,439,0,3,2007,168000
1191,24,8,2000,8,776,764,0,2,1,2,5,0,2,492,206,0,11,2007,174000
1192,60,5,1994,8,702,842,0,1,0,3,6,0,1,250,0,0,7,2007,125000
1193,0,6,1999,565,341,1224,1,2,0,2,5,0,2,402,0,304,6,2009,165000
1194,80,6,1969,224,292,663,0,1,1,4,7,0,1,299,379,36,3,2010,158000
1195,51,6,2005,8,728,728,0,2,1,3,8,0,2,400,100,24,7,2008,176000
1196,58,7,2006,8,879,879,0,2,1,4,9,1,3,660,100,17,11,2006,219210
1197,65,7,1950,8,815,815,0,1,0,3,7,1,1,225,0,0,7,2006,144000
1198,70,7,2001,8,1212,1212,0,2,0,3,6,0,2,573,356,0,6,2009,178000
1199,75,4,1979,566,504,1382,0,1,1,3,6,1,2,459,0,82,10,2006,148000
1200,71,4,1970,8,864,864,0,1,0,3,5,0,1,280,0,0,7,2006,116050
1201,80,7,1998,8,866,866,0,2,1,3,6,0,2,546,198,36,3,2009,197900
1202,50,5,1997,8,884,884,1,1,0,3,5,1,1,216,0,0,5,2009,117000
1203,75,7,2001,8,1630,1630,0,2,0,3,6,1,2,451,74,234,10,2009,213000
1204,78,5,1975,567,268,1074,1,1,1,3,6,0,2,495,0,88,7,2006,153500
1205,90,7,1991,568,1496,2196,0,2,0,3,7,1,3,701,84,70,6,2009,271900
1206,0,4,1966,244,0,1056,1,1,0,2,5,0,1,384,0,42,11,2006,107000
1207,70,6,2003,569,1342,1700,1,2,0,3,7,0,2,544,192,23,5,2006,200000
1208,70,5,1980,297,319,1283,1,1,0,3,6,0,2,506,0,0,10,2008,140000
1209,85,8,2006,570,440,1660,1,2,0,3,8,1,2,500,322,50,5,2006,290000
1210,70,6,1992,8,1055,1055,0,2,1,3,8,1,2,462,635,104,5,2010,189000
1211,152,8,2005,571,132,1080,0,2,0,4,8,0,2,492,325,12,6,2010,164000
1212,50,4,1950,572,328,672,1,1,0,2,4,0,1,234,0,113,8,2009,113000
1213,0,4,2001,60,0,960,1,0,0,0,3,0,1,364,88,0,5,2006,145000
1214,69,5,1962,431,141,999,1,1,0,3,6,0,1,300,150,72,5,2006,134500
1215,99,5,1966,318,340,894,0,1,0,3,5,0,1,384,0,0,5,2007,125000
1216,68,6,1978,8,0,1318,0,2,0,4,8,0,2,539,0,0,4,2010,112000
1217,72,8,2009,478,364,1314,1,2,0,3,6,0,2,552,135,112,9,2009,229456
1218,52,4,1950,8,0,672,0,1,0,2,3,0,0,0,0,0,7,2006,80500
1219,21,6,1971,8,672,672,0,1,1,3,7,0,0,0,201,0,4,2006,91500
1220,66,5,1964,132,0,912,0,1,0,2,5,0,1,288,0,0,11,2006,115000
1221,55,5,1968,70,210,1211,0,1,0,3,5,1,1,322,0,63,8,2008,134000
1222,78,6,1950,435,844,1168,0,2,0,3,7,1,1,315,0,0,1,2007,143000
1223,89,5,1951,573,1380,2136,0,2,0,4,7,0,2,528,0,30,10,2006,137900
1224,60,7,2005,400,64,788,1,2,1,3,8,1,2,388,100,75,2,2008,184000
1225,65,6,1958,92,81,1138,0,1,0,3,6,0,1,264,224,0,6,2007,145000
1226,86,6,2007,8,894,894,0,2,1,4,9,1,3,668,100,18,1,2008,214000
1227,72,5,2008,500,317,912,1,1,0,2,5,0,2,576,0,240,12,2008,147000
1228,65,9,2008,574,162,1702,1,1,1,1,7,1,3,1052,0,72,10,2008,367294
1229,70,5,1960,575,409,1507,0,2,0,4,7,0,1,404,0,0,8,2008,127000
1230,0,5,1977,209,652,1361,0,2,2,4,12,1,2,600,155,24,8,2007,190000
1231,70,5,1962,576,303,1190,1,1,0,3,6,0,2,540,0,18,5,2006,132500
1232,70,4,1962,8,0,1224,0,2,0,2,6,0,2,462,0,0,3,2007,101800
1233,0,5,1959,577,188,1188,1,1,0,3,6,0,2,531,0,0,5,2010,142000
1234,55,5,1950,8,940,1024,0,1,1,4,7,0,0,0,0,192,11,2008,130000
1235,96,5,1950,8,747,892,0,1,1,4,9,0,1,180,203,40,7,2006,138887
1236,36,7,2003,8,764,764,0,2,1,2,6,0,2,474,0,27,6,2010,175500
1237,41,7,2005,8,847,847,0,2,1,4,8,1,2,434,100,48,9,2006,195000
1238,63,6,2005,8,1141,1141,0,1,1,3,6,0,2,484,0,0,3,2006,142500
1239,64,8,2006,228,1048,1484,0,2,0,2,6,1,2,472,120,33,12,2007,265900
1240,65,7,2003,142,334,884,1,2,1,3,8,0,2,543,0,63,7,2008,224900
1241,83,7,2007,8,1689,1689,0,2,0,3,7,0,3,954,0,56,6,2007,248328
1242,85,7,1974,578,0,1173,1,2,0,3,6,2,2,528,0,120,1,2010,170000
1243,107,10,2006,579,690,2076,1,2,1,2,7,1,3,850,216,229,9,2006,465000
1244,0,8,1950,8,792,792,0,1,0,3,7,2,2,400,0,0,6,2006,230000
1245,78,6,2003,8,585,1140,0,3,1,3,7,1,2,477,268,112,1,2007,178000
1246,65,7,2006,8,756,756,0,2,1,3,6,0,2,615,0,45,3,2006,186500
1247,0,6,1976,424,473,1034,1,1,0,3,6,0,3,888,0,0,5,2010,169900
1248,60,6,1950,630,416,1134,0,1,1,3,8,1,2,396,0,0,4,2008,129500
1249,60,5,1950,581,246,988,0,1,0,3,6,0,1,276,0,80,5,2007,119000
1250,93,7,1968,606,1045,2110,1,2,1,3,8,2,2,522,0,0,4,2010,244000
1251,0,7,2003,8,1405,1405,0,2,0,2,6,1,2,478,148,36,3,2006,171750
1252,62,5,1968,529,354,874,1,1,0,3,5,0,1,288,33,0,11,2009,130000
1253,0,7,2003,582,36,1516,1,2,1,3,9,2,2,518,220,47,7,2007,294000
1254,60,7,2004,8,746,760,0,2,1,3,7,1,2,397,178,128,7,2008,165400
1255,52,6,1950,585,459,959,0,1,0,3,6,1,1,560,0,0,11,2007,127500
1256,91,8,1994,583,672,1987,1,2,0,2,7,1,2,691,262,36,8,2008,301500
1257,56,5,1950,8,864,864,0,1,0,2,4,0,0,0,0,96,7,2009,99900
1258,59,7,2005,4,201,1166,1,2,0,2,5,0,2,400,212,0,7,2008,190000
1259,65,6,1969,584,14,1054,1,1,1,3,6,0,2,460,180,0,7,2008,151000
1260,0,6,1999,8,841,892,0,2,1,3,7,1,2,502,0,103,6,2009,181000
1261,80,5,1956,297,546,1050,0,1,0,2,5,0,1,338,0,0,6,2009,128900
1262,0,4,1989,8,1104,1104,1,1,0,5,8,2,1,304,120,0,11,2009,161500
1263,60,6,1950,8,764,1060,0,1,0,3,8,1,2,520,0,0,7,2007,180500
1264,34,6,1999,238,1139,1337,1,2,0,2,5,0,2,511,144,68,8,2008,181000
1265,35,7,1999,550,241,713,1,2,1,3,6,0,2,506,0,34,3,2006,183900
1266,60,7,1950,8,925,964,0,1,1,4,9,1,1,308,0,0,1,2007,122000
1267,89,9,2009,8,2002,2018,0,2,0,3,10,1,3,746,144,76,5,2010,378500
1268,0,8,1997,585,536,1968,0,3,1,4,11,2,3,1014,314,12,5,2008,381000
1269,78,5,1958,442,414,874,0,1,1,3,7,0,1,315,0,0,7,2007,144000
1270,0,7,1979,610,74,1332,2,0,1,0,4,1,2,586,268,0,4,2010,260000
1271,0,6,1968,8,1489,1489,0,2,0,3,7,1,2,462,0,0,8,2009,185750
1272,0,5,1965,123,0,935,1,1,0,3,5,0,1,288,180,0,11,2006,137000
1273,124,6,2006,303,300,1357,1,1,0,2,5,1,1,312,0,0,5,2008,177000
1274,53,5,2003,8,661,661,0,2,0,3,8,1,2,552,242,0,11,2007,139000
1275,95,5,1950,521,708,928,0,2,0,4,10,0,2,400,0,0,7,2007,137000
1276,0,6,1972,586,130,735,0,1,1,3,6,1,2,497,294,116,12,2009,162000
1277,0,6,1976,456,1152,1724,1,1,1,3,7,1,2,480,0,0,6,2009,197900
1278,75,8,2002,587,324,1128,1,2,1,3,7,1,2,577,0,211,3,2008,237000
1279,60,4,1950,8,698,698,0,1,0,2,6,0,2,528,30,0,4,2010,68400
1280,67,7,2002,567,785,1573,1,2,0,3,6,0,2,544,0,72,3,2009,227000
1281,50,7,1990,588,256,1339,1,2,0,2,6,1,2,484,0,58,7,2006,180000
1282,61,5,2008,589,364,1040,0,2,0,3,5,0,2,484,0,0,9,2009,150500
1283,94,6,1971,8,912,912,0,2,2,4,8,0,0,0,128,0,4,2010,139000
1284,50,6,1990,8,804,1699,0,2,0,4,10,1,1,336,272,0,3,2010,169000
1285,50,6,1950,8,780,825,0,1,0,4,6,1,1,280,45,0,5,2009,132500
1286,0,6,1963,65,678,1328,1,1,1,3,6,2,2,528,0,26,6,2010,143000
1287,0,5,1964,515,812,1582,0,2,0,4,7,0,2,390,168,198,6,2006,190000
1288,40,8,2000,590,343,1659,1,2,0,2,5,1,2,499,212,59,10,2009,278000
1289,86,8,2006,8,1085,1120,0,2,1,3,8,1,3,753,177,74,10,2006,281000
1290,0,5,1964,591,138,1152,1,1,0,3,6,1,2,484,227,0,4,2010,180500
1291,21,5,1972,332,399,630,0,2,1,3,6,0,1,264,185,0,2,2009,119500
1292,60,5,1965,8,994,1378,0,2,0,4,11,0,1,432,0,287,12,2009,107500
1293,78,7,1976,592,638,832,0,2,1,4,8,1,2,528,0,28,3,2006,162900
1294,60,5,1990,593,697,864,1,1,0,2,5,0,2,572,0,0,4,2006,115000
1295,70,5,1968,104,36,1052,1,1,1,3,5,0,1,288,356,0,11,2006,138500
1296,80,5,1963,594,344,1128,1,2,0,3,6,0,2,525,192,20,12,2008,155000
1297,35,6,2006,566,0,1072,1,2,0,2,5,0,2,525,0,44,6,2006,140000
1298,313,10,2008,595,466,4692,2,2,1,3,12,3,2,1418,214,292,1,2008,160000
1299,75,5,1994,569,0,1246,1,1,1,3,6,0,1,305,218,0,5,2010,154000
1300,0,7,1999,596,284,1005,0,2,1,3,9,1,2,490,0,0,5,2009,225000
1301,0,6,1950,566,224,753,0,1,0,3,7,2,1,213,0,0,11,2009,177500
1302,92,8,1994,519,425,1203,1,2,1,4,8,1,3,844,309,78,12,2006,290000
1303,73,7,2005,8,1616,1616,0,2,0,3,7,0,3,834,208,59,4,2006,232000
1304,32,7,2004,8,976,976,0,2,0,3,7,0,2,380,0,40,4,2006,130000
1305,108,9,2007,597,80,1652,1,2,0,2,6,2,2,840,404,102,11,2009,325000
1306,48,7,2006,8,1368,1368,0,2,0,2,6,1,2,474,132,35,9,2006,202500
1307,60,5,1995,598,244,990,1,1,0,3,5,0,2,480,0,64,5,2009,138000
1308,100,5,2005,313,172,1122,1,1,0,2,6,0,2,528,0,36,5,2008,147000
1309,0,6,1991,66,78,1294,1,2,0,3,6,0,2,496,112,51,6,2008,179200
1310,100,7,2002,599,496,1902,1,2,0,3,7,2,2,567,0,207,5,2010,335000
1311,68,7,2007,600,349,1274,1,2,0,3,6,0,2,508,264,98,1,2007,203000
1312,0,8,1990,601,971,1453,0,2,1,4,9,1,2,750,500,0,6,2007,302000
1313,108,9,1999,8,1393,1422,0,2,1,4,10,1,3,779,668,30,5,2010,333168
1314,60,4,1954,5,216,948,1,1,0,3,5,1,1,280,0,36,10,2007,119000
1315,85,6,1969,444,176,1092,0,2,1,4,9,2,2,576,280,0,6,2008,206900
1316,61,8,2008,8,1622,1630,1,2,0,3,8,1,3,860,172,42,1,2009,295493
1317,47,7,2007,8,1352,1352,0,2,0,2,5,1,2,466,0,241,4,2007,208900
1318,0,8,2002,8,1753,1787,0,2,0,3,7,1,3,748,198,150,8,2006,275000
1319,75,4,1954,554,372,948,0,1,0,3,5,0,1,248,0,0,2,2007,111000
1320,70,6,1957,602,628,1478,1,1,1,3,6,2,2,442,114,0,6,2009,156500
1321,0,3,1950,8,0,720,0,1,0,2,4,0,1,287,0,0,7,2008,72500
1322,107,7,1992,356,76,1061,1,2,1,3,8,1,2,564,240,39,6,2010,190000
1323,50,4,1950,29,140,708,0,1,0,2,5,0,0,0,164,0,12,2009,82500
1324,75,8,2007,8,1795,1795,0,2,0,2,7,1,3,895,0,49,2,2007,147000
1325,40,4,1950,8,796,796,0,1,0,2,5,0,0,0,0,0,1,2008,55000
1326,70,3,2006,267,0,774,0,1,0,3,6,0,0,0,0,0,5,2007,79000
1327,60,5,2008,208,175,816,0,1,0,3,5,1,1,264,0,0,10,2008,130500
1328,60,6,1950,361,1017,1584,0,2,0,5,8,2,2,520,0,547,6,2008,256000
1329,63,7,1998,8,935,955,0,2,1,3,8,1,2,462,0,28,6,2006,176500
1330,85,8,2006,8,1588,1588,0,2,0,3,7,1,3,825,144,45,12,2007,227000
1331,55,5,1976,434,428,954,0,1,0,3,6,0,2,576,0,0,7,2006,132500
1332,67,4,1958,237,126,816,1,1,0,2,3,1,1,288,0,0,5,2009,100000
1333,60,5,1995,8,803,803,0,1,1,2,6,0,1,297,0,65,7,2006,125500
1334,24,5,1970,603,0,765,0,1,1,3,7,0,2,440,0,36,5,2009,125000
1335,80,6,1977,421,664,1334,0,2,0,2,6,1,2,630,0,16,4,2009,167900
1336,87,5,1973,8,1656,1656,0,2,0,4,8,0,2,506,0,211,11,2008,135000
1337,153,4,1950,8,693,693,0,1,0,2,4,0,0,0,0,20,3,2006,52500
1338,95,7,2002,371,216,920,1,2,1,3,8,0,2,492,146,91,6,2006,200000
1339,120,5,1972,109,504,864,0,1,0,3,5,0,1,288,0,0,6,2006,128500
1340,70,4,1971,8,858,872,0,1,0,3,5,0,4,480,0,0,6,2007,123000
1341,66,6,2004,473,300,1114,1,1,0,3,6,0,2,576,0,78,7,2008,155000
1342,0,8,2002,8,1284,1284,0,2,1,3,7,1,2,647,192,87,8,2007,228500
1343,57,6,1950,8,896,1172,0,1,1,3,9,1,2,342,0,0,3,2009,177000
1344,85,7,2006,8,728,728,0,2,1,3,8,1,2,440,0,0,7,2007,155835
1345,50,4,1950,70,710,960,0,1,0,2,5,0,1,308,0,0,7,2007,108500
1346,0,7,2003,121,1203,2156,0,2,0,3,9,1,2,508,0,80,6,2006,262500
1347,93,8,2007,604,1652,1776,1,2,0,3,7,1,3,712,0,0,5,2007,283463
1348,0,7,1998,605,39,1494,1,2,0,3,5,1,2,514,402,25,8,2007,215000
1349,50,8,1987,606,425,938,0,2,0,4,8,0,0,0,0,54,12,2008,122000
1350,91,5,1969,444,748,1338,1,2,2,6,12,0,4,968,0,0,8,2009,200000
1351,70,6,1962,630,539,858,0,1,1,4,8,1,2,490,0,84,3,2008,171000
1352,50,6,2000,8,698,786,0,1,0,2,4,0,2,624,210,0,7,2009,134900
1353,56,8,1996,437,1217,2053,1,2,1,4,9,1,3,666,283,86,3,2010,410000
1354,0,7,2000,607,257,992,1,2,1,3,7,1,3,839,0,184,6,2008,235000
1355,102,7,1992,8,570,1222,0,3,0,4,8,1,2,487,0,98,9,2006,170000
1356,0,5,1966,569,524,892,0,1,0,3,5,0,1,264,0,0,10,2008,110000
1357,0,5,2008,608,344,1078,1,1,1,3,6,1,2,500,0,0,4,2010,149900
1358,0,6,2000,506,378,769,0,2,1,3,5,0,2,440,0,32,6,2010,177500
1359,129,9,2005,609,533,1980,1,2,0,3,8,1,3,770,194,45,9,2006,315000
1360,51,5,1998,8,612,990,0,3,1,4,8,0,2,621,183,0,5,2008,189000
1361,124,7,2005,602,256,1530,1,2,0,3,7,1,2,430,168,36,6,2009,260000
1362,0,4,2007,8,715,1281,0,2,0,4,7,1,1,368,55,0,6,2009,104900
1363,73,6,2007,8,616,616,0,2,1,3,6,1,2,432,0,36,3,2007,156932
1364,30,7,2005,8,600,520,0,2,1,2,4,0,2,480,0,166,4,2006,144152
1365,0,7,2000,391,281,814,1,2,1,3,7,0,2,663,0,96,1,2010,216000
1366,68,7,1999,451,240,882,1,2,1,3,7,0,2,588,0,88,6,2008,193000
1367,41,5,1977,610,36,925,0,2,0,4,6,1,1,336,104,26,7,2006,127000
1368,0,6,2004,342,163,848,1,1,0,1,4,0,2,420,140,0,6,2009,144000
1369,48,8,2003,105,315,1668,1,2,0,3,8,1,2,502,0,262,5,2010,232000
1370,90,4,1950,611,420,840,0,1,0,2,6,0,1,338,0,0,10,2009,105000
1371,80,6,1996,115,161,1661,1,1,0,3,8,1,1,377,0,28,10,2008,165500
1372,75,7,1998,418,133,1108,1,2,1,3,8,1,2,583,253,170,6,2006,274300
1373,0,10,2002,612,1351,2633,1,2,1,2,8,2,3,804,314,140,3,2007,466500
1374,85,7,2005,8,1026,1026,0,2,1,3,9,1,3,936,154,210,7,2008,250000
1375,89,8,2007,8,1571,1571,0,2,0,3,7,1,3,722,100,36,12,2007,239000
1376,52,6,1950,38,384,790,0,1,0,2,4,0,1,160,0,141,4,2008,91000
1377,60,5,1960,613,156,984,0,2,0,3,6,0,2,660,0,68,7,2009,117000
1378,21,6,1973,614,174,483,0,1,1,2,5,0,1,264,72,0,6,2006,83000
1379,73,5,2007,8,384,754,0,2,1,3,7,0,2,400,100,0,5,2008,167500
1380,45,3,1950,615,661,864,1,1,0,2,5,0,1,200,0,0,6,2010,58500
1381,0,6,1970,616,340,2117,0,2,1,4,7,2,2,550,0,42,5,2008,237500
1382,60,7,1950,8,596,998,1,1,1,4,8,0,2,576,36,0,10,2006,157000
1383,0,5,2007,8,816,1416,0,2,0,3,7,0,2,576,0,0,8,2007,112000
1384,60,6,1950,617,356,698,0,1,0,2,6,0,1,280,0,0,10,2009,105000
1385,40,4,2007,607,61,796,1,1,0,3,7,0,1,240,0,96,5,2010,125500
1386,80,7,1978,618,133,1392,1,3,1,5,12,2,2,564,0,112,7,2006,250000
1387,60,6,1950,279,0,1664,0,2,0,5,10,1,1,216,88,15,8,2007,136000
1388,42,9,2007,619,426,1746,1,2,0,3,7,2,3,758,201,39,10,2009,377500
1389,60,6,1950,483,360,869,0,1,0,3,6,1,2,440,0,0,3,2007,131000
1390,70,7,2000,98,125,1525,1,2,0,3,6,0,2,541,219,36,9,2006,235000
1391,65,5,1967,8,1584,1584,0,2,0,4,8,0,3,792,0,152,4,2009,124000
1392,68,5,1967,620,95,900,1,1,0,3,6,1,1,288,175,144,12,2006,123000
1393,60,6,2000,8,482,1221,0,2,0,3,7,1,2,672,0,25,4,2008,163000
1394,53,7,2006,621,286,1500,1,2,0,2,6,1,3,648,161,20,10,2006,246578
1395,88,8,2006,8,1094,1133,0,2,1,4,9,1,3,642,144,39,2,2007,281213
1396,0,5,1950,540,60,1687,1,1,0,3,7,2,2,572,0,0,6,2010,160000
1397,51,5,2004,8,939,939,0,1,1,4,8,0,1,180,24,0,5,2007,137500
1398,60,5,1982,318,676,1136,1,1,1,3,7,0,1,240,0,0,5,2009,138000
1399,51,6,1990,622,712,1160,0,2,1,3,7,1,1,216,147,16,10,2009,137450
1400,50,6,1950,8,862,950,0,1,0,3,5,1,1,208,0,0,7,2008,120000
1401,62,6,2004,623,80,864,1,2,1,3,8,1,2,398,100,75,4,2008,193000
1402,64,7,2006,8,1286,1294,0,2,0,2,6,1,2,662,168,55,7,2006,193879
1403,49,8,2007,154,556,1464,1,2,0,3,6,0,3,754,168,160,8,2007,282922
1404,60,3,1950,8,672,694,0,1,0,3,6,0,3,936,216,0,1,2006,105000
1405,44,8,2005,624,221,1646,1,2,0,2,5,1,2,482,128,53,1,2008,275000
1406,70,5,2007,422,112,768,1,1,0,2,5,0,2,396,58,0,3,2009,133000
1407,0,5,1985,148,208,833,1,1,0,3,5,0,0,0,0,0,3,2009,112000
1408,60,4,1950,8,622,741,0,1,0,3,6,0,2,528,0,0,6,2010,125500
1409,46,7,1991,8,791,1236,0,2,1,3,7,1,2,542,364,63,11,2008,215000
1410,79,7,2001,575,278,944,1,2,1,3,6,0,2,622,0,45,6,2009,230000
1411,80,6,2005,604,736,1112,0,1,1,3,6,0,1,271,0,0,9,2009,140000
1412,60,4,1950,8,0,1040,0,2,0,2,6,0,2,420,0,0,6,2009,90000
1413,88,8,2006,625,868,1844,1,2,0,2,7,1,2,620,165,44,9,2009,257000
1414,64,6,2000,8,833,1053,0,1,1,4,8,1,2,370,0,0,6,2008,207000
1415,51,7,2007,373,398,1569,0,2,0,1,7,1,3,660,143,20,5,2009,175900
1416,60,4,1950,8,777,1246,0,2,0,4,11,0,2,560,0,0,4,2010,122500
1417,0,8,1998,626,503,1310,1,2,1,3,7,1,3,1069,0,126,5,2009,340000
1418,71,5,1963,627,247,1144,1,1,1,3,6,0,1,336,0,88,8,2008,124000
1419,0,6,1969,628,734,1844,1,2,0,3,7,1,2,540,0,73,12,2006,223000
1420,90,6,1968,629,304,708,0,2,1,3,7,1,2,776,0,169,5,2006,179900
1421,53,6,1977,109,709,1069,0,2,0,2,4,1,2,440,0,55,7,2010,127500
1422,37,6,2003,421,162,848,1,1,0,1,3,0,2,420,140,0,3,2008,136500
1423,0,6,1966,8,697,1575,0,2,0,4,8,1,2,432,586,236,8,2006,274970
1424,0,5,1983,352,193,1344,1,1,0,2,6,1,1,484,316,28,6,2007,144000
1425,80,6,1959,8,1252,1252,0,1,0,3,7,0,2,528,0,39,10,2008,142000
1426,81,7,1994,577,223,1223,1,2,1,3,5,2,2,525,171,132,8,2008,271000
1427,60,5,1950,630,333,1048,1,1,1,3,6,1,1,288,0,0,4,2008,140000
1428,60,5,1992,529,278,804,1,1,0,2,4,2,1,240,0,0,2,2010,119000
1429,0,6,1981,631,762,1440,0,2,0,3,7,1,2,467,0,0,4,2007,182900
1430,60,5,2005,8,732,734,0,2,1,4,7,1,2,372,100,40,7,2006,192140
1431,0,6,1976,632,0,958,0,2,0,2,5,0,2,440,0,60,10,2009,143750
1432,60,4,2007,8,656,968,0,2,0,4,5,0,1,216,0,0,8,2007,64500
1433,93,6,2000,8,936,962,1,2,1,3,8,1,2,451,0,0,5,2008,186500
1434,80,5,1977,478,190,1126,1,2,0,3,5,1,2,484,295,41,5,2006,160000
1435,80,6,2005,8,1319,1537,1,1,1,3,7,1,2,462,0,36,7,2008,174000
1436,60,4,1971,420,248,864,0,1,0,3,5,0,2,528,0,0,5,2007,120500
1437,96,8,2008,633,596,1932,1,2,0,2,7,1,3,774,0,66,11,2008,394617
1438,90,6,1996,102,312,1236,1,1,0,2,6,0,2,923,0,158,4,2010,149700
1439,80,7,1979,611,114,1040,0,2,1,3,6,1,2,550,0,88,11,2007,197000
1440,79,6,1994,8,588,1423,0,2,0,3,11,1,2,672,431,0,9,2008,191000
1441,0,6,2004,155,151,848,1,1,0,1,3,1,2,420,149,0,5,2008,149300
1442,85,10,2008,603,252,1026,1,2,1,3,10,1,3,812,168,52,4,2009,310000
1443,0,6,1950,8,952,952,0,1,0,2,4,1,1,192,0,98,5,2009,121000
1444,63,7,2004,8,1422,1422,0,2,0,3,7,0,2,626,192,60,11,2007,179600
1445,70,6,1966,371,0,913,1,1,0,3,6,0,1,240,0,0,5,2007,129000
1446,0,5,1962,586,595,1188,0,1,0,3,6,0,1,312,261,39,4,2010,157900
1447,80,8,1996,634,141,1220,1,2,1,3,8,1,2,556,0,65,12,2007,240000
1448,70,4,2000,8,560,796,0,1,1,2,6,0,1,384,168,24,5,2007,112000
1449,21,5,1970,268,77,630,1,1,0,1,3,0,0,0,0,0,8,2006,92000
1450,60,5,1974,8,896,896,0,2,2,4,8,0,0,0,32,45,9,2009,136000
1451,78,8,2009,8,1573,1578,0,2,0,3,7,1,3,840,0,36,5,2009,287090
1452,35,5,2005,566,0,1072,1,1,0,2,5,0,2,525,0,28,5,2006,145000
1453,90,5,2006,8,1140,1140,0,1,0,3,6,0,0,0,36,56,7,2006,84500
1454,62,7,2005,524,811,1221,1,2,0,2,6,0,2,400,0,113,10,2009,185000
1455,62,6,2000,8,953,953,0,2,1,3,7,1,2,460,0,40,8,2007,175000
1456,85,6,1988,618,589,2073,1,2,0,3,7,2,2,500,349,0,2,2010,210000
1457,66,7,2006,549,877,1188,0,2,0,4,9,2,1,252,0,60,5,2010,266500
1458,68,5,1996,635,0,1078,1,1,0,2,5,0,1,240,366,0,4,2010,142125
1459,75,5,1965,636,136,1256,1,1,1,3,6,0,1,276,736,68,6,2008,147500
